# ABSOLUTE spectrograph sensitivity, [erg/s/cm^2/A] per [e-/s/A]
# arm=b  n=4401
# vendored 2026-09-18 from lvmcore/sensitivity/sens_percentiles-b.csv column 4 (of 8), sha256 b45ea7a6a4073aff
# columns: wavelength_air_angstrom,sensitivity_abs
3599.999999999998,2.2454497691962866e-13
3600.499999999998,2.244414805535616e-13
3600.999999999998,2.2433697018315044e-13
3601.499999999998,2.2423590578293335e-13
3601.999999999998,2.240925966315464e-13
3602.499999999998,2.239667538605908e-13
3602.9999999999986,2.2386662883557418e-13
3603.4999999999986,2.2372623113959238e-13
3603.999999999998,2.2366593775273871e-13
3604.499999999998,2.235806659564255e-13
3604.999999999998,2.2338948866806142e-13
3605.499999999998,2.2328994706174193e-13
3605.999999999998,2.2316558249994962e-13
3606.499999999998,2.2304513967023424e-13
3606.999999999998,2.2297915106892676e-13
3607.499999999998,2.2284473368926477e-13
3607.999999999998,2.2274911427547897e-13
3608.499999999998,2.2265571838420094e-13
3608.999999999998,2.2257074531379457e-13
3609.499999999998,2.2246203840029864e-13
3609.9999999999986,2.2229983108152905e-13
3610.4999999999986,2.2215470745487773e-13
3610.999999999998,2.2206527817677334e-13
3611.499999999998,2.2196542203035957e-13
3611.999999999998,2.2186774996887696e-13
3612.499999999998,2.2173182969699158e-13
3612.999999999998,2.2162511631757021e-13
3613.499999999998,2.214922226159354e-13
3613.999999999998,2.2135994154635136e-13
3614.499999999998,2.2126176753031112e-13
3614.999999999998,2.2119053066081488e-13
3615.499999999998,2.210592305936571e-13
3615.999999999998,2.2092988075759916e-13
3616.499999999998,2.2082932177412465e-13
3616.9999999999986,2.207110948636928e-13
3617.4999999999986,2.206025915498748e-13
3617.999999999998,2.2047406819109548e-13
3618.499999999998,2.2038664728116198e-13
3618.999999999998,2.202320712952526e-13
3619.499999999998,2.2011981543701227e-13
3619.999999999998,2.1998081709085755e-13
3620.499999999998,2.1994107554598152e-13
3620.999999999998,2.1977571455610294e-13
3621.499999999998,2.1962588615267997e-13
3621.999999999998,2.1947579784452824e-13
3622.499999999998,2.1934359883416787e-13
3622.999999999998,2.192670348607202e-13
3623.499999999998,2.1913592075761966e-13
3623.999999999998,2.1896427028330606e-13
3624.4999999999986,2.1879786699991233e-13
3624.9999999999977,2.1863591573965153e-13
3625.499999999998,2.1851626111934415e-13
3625.999999999998,2.1839591626656558e-13
3626.499999999998,2.1827072528025742e-13
3626.999999999998,2.1810861774526058e-13
3627.499999999998,2.1800070369791177e-13
3627.999999999998,2.178795798348925e-13
3628.499999999998,2.1776133473420127e-13
3628.999999999998,2.1765138229411464e-13
3629.499999999998,2.1753412779817813e-13
3629.999999999998,2.174087804347496e-13
3630.499999999998,2.1728176441691437e-13
3630.999999999998,2.1711256055872927e-13
3631.4999999999986,2.1700348319064912e-13
3631.9999999999977,2.1681995291900923e-13
3632.499999999998,2.1672509985565766e-13
3632.999999999998,2.1662024260827897e-13
3633.499999999998,2.1650280211587958e-13
3633.999999999998,2.163720644934175e-13
3634.499999999998,2.1620509190560396e-13
3634.999999999998,2.1607138587824476e-13
3635.499999999998,2.1590135491073443e-13
3635.999999999998,2.1575416865601665e-13
3636.499999999998,2.1561401338701e-13
3636.999999999998,2.1551011325926744e-13
3637.499999999998,2.1532422579784009e-13
3637.999999999998,2.15248147645669e-13
3638.4999999999986,2.1508928455194462e-13
3638.9999999999977,2.1490930018440285e-13
3639.499999999998,2.147501056358768e-13
3639.999999999998,2.1459466990035177e-13
3640.499999999998,2.1444012079328347e-13
3640.999999999998,2.1427459067201505e-13
3641.499999999998,2.14089054185716e-13
3641.999999999998,2.1392575666815366e-13
3642.499999999998,2.1378965442712286e-13
3642.999999999998,2.1362161910579228e-13
3643.499999999998,2.1342962336254677e-13
3643.999999999998,2.132915833945276e-13
3644.499999999998,2.131895140459199e-13
3644.999999999998,2.1302595239853773e-13
3645.4999999999986,2.1287826931502026e-13
3645.9999999999977,2.1269070754572653e-13
3646.499999999998,2.1250041814153741e-13
3646.999999999998,2.1228824242490126e-13
3647.499999999998,2.1210177709949846e-13
3647.999999999998,2.118807816332355e-13
3648.499999999998,2.1172358349657817e-13
3648.999999999998,2.1154554810634124e-13
3649.499999999998,2.1136777366922698e-13
3649.999999999998,2.1115662657726033e-13
3650.499999999998,2.1098735619605919e-13
3650.999999999998,2.1076919214125716e-13
3651.499999999998,2.1056858204306304e-13
3651.999999999998,2.103183078754516e-13
3652.4999999999986,2.1007187665298748e-13
3652.9999999999977,2.0986746074728e-13
3653.499999999998,2.0970854639129245e-13
3653.999999999998,2.094952222149959e-13
3654.499999999998,2.0928170129454388e-13
3654.999999999998,2.0905368640275995e-13
3655.499999999998,2.088154006160361e-13
3655.999999999998,2.0864453688302563e-13
3656.499999999998,2.084116955924457e-13
3656.999999999998,2.0821774779712176e-13
3657.499999999998,2.0801293857350239e-13
3657.999999999998,2.0781804388559875e-13
3658.499999999998,2.0763643967742225e-13
3658.999999999998,2.0741789931644118e-13
3659.4999999999986,2.0724508826569027e-13
3659.9999999999977,2.070462703621203e-13
3660.499999999998,2.0681255690466871e-13
3660.999999999998,2.0659357896413326e-13
3661.499999999998,2.0636562348506963e-13
3661.999999999998,2.0613275502773783e-13
3662.499999999998,2.0593029015299713e-13
3662.999999999998,2.0569698820383755e-13
3663.499999999998,2.0546919051466617e-13
3663.999999999998,2.0528322077021022e-13
3664.499999999998,2.0506843036960203e-13
3664.999999999998,2.0488564944111624e-13
3665.499999999998,2.0466362191476559e-13
3665.999999999998,2.0446168159910107e-13
3666.4999999999986,2.0426119093168931e-13
3666.9999999999986,2.0401783743999854e-13
3667.499999999998,2.03823815766485e-13
3667.999999999998,2.035668289920872e-13
3668.499999999998,2.0331808495002547e-13
3668.999999999998,2.0312526740683573e-13
3669.499999999998,2.0292868449546103e-13
3669.999999999998,2.0269159541521967e-13
3670.499999999998,2.0249931302491211e-13
3670.999999999998,2.0226315492822144e-13
3671.499999999998,2.0207128728760626e-13
3671.999999999998,2.0183437364341283e-13
3672.499999999998,2.0163039702268857e-13
3672.999999999998,2.014261789794264e-13
3673.4999999999986,2.011903850901401e-13
3673.9999999999977,2.0099049323047377e-13
3674.499999999998,2.0079198317012488e-13
3674.999999999998,2.0057747458360326e-13
3675.499999999998,2.0038551854908784e-13
3675.999999999998,2.0019095944473016e-13
3676.499999999998,1.9997090094767397e-13
3676.999999999998,1.9975394944201653e-13
3677.499999999998,1.9955312169515105e-13
3677.999999999998,1.9935302471467599e-13
3678.499999999998,1.991497678478968e-13
3678.999999999998,1.989539834238117e-13
3679.499999999998,1.9877163091832325e-13
3679.999999999998,1.9856095229463947e-13
3680.499999999998,1.9833722588000383e-13
3680.9999999999986,1.9812854785627436e-13
3681.4999999999977,1.9795211220990213e-13
3681.999999999998,1.9773310069685375e-13
3682.499999999998,1.975163047846892e-13
3682.999999999998,1.973207996549592e-13
3683.499999999998,1.9710488490578137e-13
3683.999999999998,1.9689180026526102e-13
3684.499999999998,1.9668543546261975e-13
3684.999999999998,1.9648831167053892e-13
3685.499999999998,1.9627573901457458e-13
3685.999999999998,1.9607535298090849e-13
3686.499999999998,1.9587794342925236e-13
3686.999999999998,1.9568869877333526e-13
3687.499999999998,1.9547801253416589e-13
3687.9999999999986,1.9527254354570746e-13
3688.4999999999977,1.9508405686128994e-13
3688.999999999998,1.9488821157478386e-13
3689.499999999998,1.9468086695758353e-13
3689.999999999998,1.9450596881014143e-13
3690.499999999998,1.9431530094669497e-13
3690.999999999998,1.9412695684951178e-13
3691.499999999998,1.9392364912715381e-13
3691.999999999998,1.9375108806539832e-13
3692.499999999998,1.935689497574994e-13
3692.999999999998,1.933762510675544e-13
3693.499999999998,1.9317102078763752e-13
3693.999999999998,1.930060020594528e-13
3694.499999999998,1.9280628048893705e-13
3694.9999999999986,1.9261117499687686e-13
3695.4999999999977,1.9243215716022636e-13
3695.999999999998,1.9223326793648758e-13
3696.499999999998,1.9205180125081339e-13
3696.999999999998,1.9187247298769768e-13
3697.499999999998,1.9168274156208117e-13
3697.999999999998,1.9151101778626892e-13
3698.499999999998,1.9133218031717917e-13
3698.999999999998,1.9115801898683206e-13
3699.499999999998,1.9098186754273374e-13
3699.999999999998,1.9079271779525827e-13
3700.499999999998,1.905899042549921e-13
3700.999999999998,1.9041324480301205e-13
3701.499999999998,1.902389829496584e-13
3701.9999999999986,1.9006466761941002e-13
3702.4999999999977,1.8987825697001607e-13
3702.999999999998,1.8971568209559329e-13
3703.499999999998,1.8953637381286064e-13
3703.999999999998,1.893625705069097e-13
3704.499999999998,1.8917788460011535e-13
3704.999999999998,1.889967800815736e-13
3705.499999999998,1.8881487748359718e-13
3705.999999999998,1.8862319139233728e-13
3706.499999999998,1.8842233153205822e-13
3706.999999999998,1.8825144808464843e-13
3707.499999999998,1.880935535696822e-13
3707.999999999998,1.879260400884526e-13
3708.499999999998,1.8773365149814714e-13
3708.9999999999986,1.8756066010499097e-13
3709.4999999999977,1.873846979303725e-13
3709.999999999998,1.872086560484169e-13
3710.499999999998,1.8703974370234233e-13
3710.999999999998,1.8684451204800541e-13
3711.499999999998,1.866639402735019e-13
3711.999999999998,1.8647129447476216e-13
3712.499999999998,1.8629279663283208e-13
3712.999999999998,1.8610748917784837e-13
3713.499999999998,1.8593069362834419e-13
3713.999999999998,1.8573453530235552e-13
3714.499999999998,1.8555465942296826e-13
3714.999999999998,1.8536128550990252e-13
3715.499999999998,1.8516382972946508e-13
3715.9999999999986,1.8499203170469704e-13
3716.4999999999977,1.8481870216843024e-13
3716.999999999998,1.846439976114265e-13
3717.499999999998,1.844666720440463e-13
3717.999999999998,1.842783195967196e-13
3718.499999999998,1.8410426291456393e-13
3718.999999999998,1.8390608352941647e-13
3719.499999999998,1.837118724876074e-13
3719.999999999998,1.8352419315727979e-13
3720.499999999998,1.8333291578880017e-13
3720.999999999998,1.831452484934713e-13
3721.499999999998,1.829523557864613e-13
3721.999999999998,1.8276258072598853e-13
3722.499999999998,1.8257861595855392e-13
3722.9999999999986,1.8239466953549828e-13
3723.4999999999977,1.8220376930576601e-13
3723.999999999998,1.8201692082008696e-13
3724.499999999998,1.8183399825804495e-13
3724.999999999998,1.8166103171290852e-13
3725.499999999998,1.8148506326280017e-13
3725.999999999998,1.8129859002403482e-13
3726.499999999998,1.811278454439267e-13
3726.999999999998,1.8094281445308388e-13
3727.499999999998,1.80748463353729e-13
3727.999999999998,1.8055582549940295e-13
3728.499999999998,1.8037038757267442e-13
3728.999999999998,1.8018833762731318e-13
3729.499999999998,1.799957723403201e-13
3729.9999999999986,1.7983710369206537e-13
3730.4999999999977,1.796565952010182e-13
3730.999999999998,1.7951042851391994e-13
3731.499999999998,1.793373608523356e-13
3731.999999999998,1.7914872642672944e-13
3732.499999999998,1.78968378339299e-13
3732.999999999998,1.7878954766616804e-13
3733.499999999998,1.7860748775859905e-13
3733.999999999998,1.7843678093277356e-13
3734.499999999998,1.7828447328199472e-13
3734.999999999998,1.7811173791763844e-13
3735.499999999998,1.7791549454174928e-13
3735.999999999998,1.7775001316984634e-13
3736.499999999998,1.7757263854308495e-13
3736.999999999998,1.774170993954405e-13
3737.4999999999986,1.772276725272289e-13
3737.9999999999977,1.770593160487506e-13
3738.499999999998,1.7686921073263046e-13
3738.999999999998,1.7669766734805224e-13
3739.499999999998,1.7650810203460986e-13
3739.999999999998,1.7633674317491992e-13
3740.499999999998,1.7614707904699e-13
3740.999999999998,1.759782121903461e-13
3741.499999999998,1.7582022530486387e-13
3741.999999999998,1.7566370747991064e-13
3742.499999999998,1.7549401707239203e-13
3742.999999999998,1.7533435910137067e-13
3743.499999999998,1.7515778574714066e-13
3743.999999999998,1.7499856700948854e-13
3744.4999999999977,1.7483381496853452e-13
3744.9999999999977,1.7468122388965898e-13
3745.499999999998,1.7452099343516646e-13
3745.999999999998,1.7436202012094017e-13
3746.499999999998,1.7420572429239465e-13
3746.999999999998,1.7405139884924414e-13
3747.499999999998,1.7390557615424422e-13
3747.999999999998,1.7374658411873773e-13
3748.499999999998,1.7359098508220763e-13
3748.999999999998,1.734175556394497e-13
3749.499999999998,1.7324450448365834e-13
3749.999999999998,1.7307679848621013e-13
3750.499999999998,1.729133773478557e-13
3750.999999999998,1.7276442635922392e-13
3751.4999999999986,1.726224761552632e-13
3751.9999999999977,1.7247843405911785e-13
3752.499999999998,1.7233566711417844e-13
3752.999999999998,1.7215358684866532e-13
3753.499999999998,1.7201076762551473e-13
3753.999999999998,1.7185803746797479e-13
3754.499999999998,1.7172490622922267e-13
3754.999999999998,1.7155821288153446e-13
3755.499999999998,1.7140076679353402e-13
3755.999999999998,1.7126087865918762e-13
3756.499999999998,1.7109718379898355e-13
3756.999999999998,1.7093148105092592e-13
3757.499999999998,1.707664365771501e-13
3757.999999999998,1.706142929498389e-13
3758.4999999999977,1.7043098114474225e-13
3758.9999999999977,1.702948429285779e-13
3759.499999999998,1.7013102307283925e-13
3759.999999999998,1.6994225225634415e-13
3760.499999999998,1.697674334693856e-13
3760.999999999998,1.6960469551632133e-13
3761.499999999998,1.6947587411949806e-13
3761.999999999998,1.693377827899707e-13
3762.499999999998,1.691782180730305e-13
3762.999999999998,1.690042012541169e-13
3763.499999999998,1.6884288185091404e-13
3763.999999999998,1.6868154274622696e-13
3764.499999999998,1.6851522561156844e-13
3764.999999999998,1.6834920064507751e-13
3765.4999999999986,1.6819612585777192e-13
3765.9999999999977,1.680238627518273e-13
3766.499999999998,1.6787161217880612e-13
3766.999999999998,1.6773347154284129e-13
3767.499999999998,1.6756237029850404e-13
3767.999999999998,1.6742297069669215e-13
3768.499999999998,1.6724102033834292e-13
3768.999999999998,1.6706138145837753e-13
3769.499999999998,1.6689541642312666e-13
3769.999999999998,1.6675141727995882e-13
3770.499999999998,1.6658802570615215e-13
3770.999999999998,1.6643737166871607e-13
3771.499999999998,1.6629911522738965e-13
3771.999999999998,1.6614664245179055e-13
3772.4999999999986,1.6599520562264372e-13
3772.9999999999977,1.6586800726399715e-13
3773.499999999998,1.657163925781612e-13
3773.999999999998,1.655489821759382e-13
3774.499999999998,1.6539337294230562e-13
3774.999999999998,1.6521880235162792e-13
3775.499999999998,1.6507438753541623e-13
3775.999999999998,1.6492398776793058e-13
3776.499999999998,1.6477669771899914e-13
3776.999999999998,1.6462887651869344e-13
3777.499999999998,1.644864213760638e-13
3777.999999999998,1.6432886890287998e-13
3778.499999999998,1.641861381666705e-13
3778.999999999998,1.640378716343019e-13
3779.4999999999986,1.6389689279840647e-13
3779.9999999999977,1.6375207538438998e-13
3780.499999999998,1.6360779234287408e-13
3780.999999999998,1.6343997281036557e-13
3781.499999999998,1.6330223933835128e-13
3781.999999999998,1.6316262267427506e-13
3782.499999999998,1.629868970624548e-13
3782.999999999998,1.628392307763763e-13
3783.499999999998,1.6269487360426267e-13
3783.999999999998,1.6253107505960018e-13
3784.499999999998,1.623882998402418e-13
3784.999999999998,1.6224516100664705e-13
3785.499999999998,1.6210962952335982e-13
3785.999999999998,1.6197438322252634e-13
3786.4999999999986,1.618462913183011e-13
3786.9999999999977,1.6170865258004202e-13
3787.499999999998,1.615613506351898e-13
3787.999999999998,1.614181672126981e-13
3788.499999999998,1.6130152377714226e-13
3788.999999999998,1.6114058964576343e-13
3789.499999999998,1.609943500300863e-13
3789.999999999998,1.6086623311243183e-13
3790.499999999998,1.6073825894956641e-13
3790.999999999998,1.6059712399306358e-13
3791.499999999998,1.6045598547013638e-13
3791.999999999998,1.603270148386272e-13
3792.499999999998,1.6019064985267892e-13
3792.999999999998,1.6003857696763655e-13
3793.499999999998,1.5991363661988554e-13
3793.9999999999986,1.5978435071323963e-13
3794.4999999999977,1.5965658825309112e-13
3794.999999999998,1.595047002299459e-13
3795.499999999998,1.5935879680168774e-13
3795.999999999998,1.5922987750981375e-13
3796.499999999998,1.5909238879038782e-13
3796.999999999998,1.5895777413672966e-13
3797.499999999998,1.5883535543159357e-13
3797.999999999998,1.5871568293261505e-13
3798.499999999998,1.5858634648146193e-13
3798.999999999998,1.5845633454437176e-13
3799.499999999998,1.583191403826553e-13
3799.999999999998,1.5819949010396127e-13
3800.499999999998,1.5807784387434903e-13
3800.9999999999977,1.5795589049507367e-13
3801.4999999999977,1.5782266697372564e-13
3801.999999999998,1.5769345877107138e-13
3802.499999999998,1.5756606266789376e-13
3802.999999999998,1.5743630149808113e-13
3803.499999999998,1.572997266348792e-13
3803.999999999998,1.5716807689288573e-13
3804.499999999998,1.5705735578691972e-13
3804.999999999998,1.5693403334788152e-13
3805.499999999998,1.5680012610441458e-13
3805.999999999998,1.5666973357780496e-13
3806.499999999998,1.5654208858042147e-13
3806.999999999998,1.5641533924408514e-13
3807.499999999998,1.563110203267721e-13
3807.9999999999986,1.561659580419893e-13
3808.4999999999977,1.5603658458602855e-13
3808.999999999998,1.5590189885631055e-13
3809.499999999998,1.5578313529288332e-13
3809.999999999998,1.5566061965246866e-13
3810.499999999998,1.5554428802767798e-13
3810.999999999998,1.5542686310373694e-13
3811.499999999998,1.5530540140848506e-13
3811.999999999998,1.5518261902302852e-13
3812.499999999998,1.5505938273834364e-13
3812.999999999998,1.549547582327533e-13
3813.499999999998,1.5483484466178432e-13
3813.999999999998,1.547025663659728e-13
3814.499999999998,1.5458540348554836e-13
3814.9999999999977,1.5445689023060345e-13
3815.4999999999977,1.5434178996773165e-13
3815.999999999998,1.542251064703705e-13
3816.499999999998,1.541086742988914e-13
3816.999999999998,1.539902372519784e-13
3817.499999999998,1.5387794523228042e-13
3817.999999999998,1.5374525863324186e-13
3818.499999999998,1.536221858478336e-13
3818.999999999998,1.5350152202836988e-13
3819.499999999998,1.533826454079e-13
3819.999999999998,1.532741006470773e-13
3820.499999999998,1.531521234323729e-13
3820.999999999998,1.5304043696151423e-13
3821.499999999998,1.5292925157922388e-13
3821.9999999999986,1.5281776195681966e-13
3822.4999999999977,1.526948821445412e-13
3822.999999999998,1.5259070345541222e-13
3823.499999999998,1.5248390489595285e-13
3823.999999999998,1.523711858677027e-13
3824.499999999998,1.5226851214643516e-13
3824.999999999998,1.5215002658472447e-13
3825.499999999998,1.5203240683742275e-13
3825.999999999998,1.519188379328205e-13
3826.499999999998,1.5179733736698886e-13
3826.999999999998,1.5166345770272934e-13
3827.499999999998,1.5153673101559765e-13
3827.999999999998,1.513956893217806e-13
3828.499999999998,1.5127528084656867e-13
3828.9999999999977,1.5115700646528918e-13
3829.4999999999977,1.5103867792017882e-13
3829.999999999998,1.5092296477651403e-13
3830.499999999998,1.5079137815715578e-13
3830.999999999998,1.5065849109101512e-13
3831.499999999998,1.5052760955925105e-13
3831.999999999998,1.5039429658233845e-13
3832.499999999998,1.5027506263795293e-13
3832.999999999998,1.5015153642972737e-13
3833.499999999998,1.5001161008349292e-13
3833.999999999998,1.4988307856710385e-13
3834.499999999998,1.4976397362714181e-13
3834.999999999998,1.4964483963515417e-13
3835.499999999998,1.4951736930972296e-13
3835.9999999999986,1.493799513523844e-13
3836.4999999999977,1.4924175243345606e-13
3836.999999999998,1.4910639794933366e-13
3837.499999999998,1.4897106072596843e-13
3837.999999999998,1.4882890595170045e-13
3838.499999999998,1.4870030055752153e-13
3838.999999999998,1.4856566887644162e-13
3839.499999999998,1.4843104585423878e-13
3839.999999999998,1.4829521055651135e-13
3840.499999999998,1.4815540293070098e-13
3840.999999999998,1.4802766690326826e-13
3841.499999999998,1.4789199837946592e-13
3841.999999999998,1.4775381759821205e-13
3842.499999999998,1.4762483626388452e-13
3842.999999999998,1.4750151249005827e-13
3843.4999999999977,1.473679971742171e-13
3843.9999999999977,1.4725535676718058e-13
3844.499999999998,1.4713474132258087e-13
3844.999999999998,1.4700194303458792e-13
3845.499999999998,1.468715565515745e-13
3845.999999999998,1.4673646379418002e-13
3846.499999999998,1.4661271456483142e-13
3846.999999999998,1.464767160910862e-13
3847.499999999998,1.463539730500294e-13
3847.999999999998,1.462140729206075e-13
3848.499999999998,1.4609599500839164e-13
3848.999999999998,1.4597241195767455e-13
3849.499999999998,1.4585777689591632e-13
3849.999999999998,1.4573996699256538e-13
3850.4999999999977,1.456163248244859e-13
3850.9999999999977,1.4551376525692652e-13
3851.499999999998,1.4540476081673869e-13
3851.999999999998,1.4528606131488346e-13
3852.499999999998,1.4517037007653854e-13
3852.999999999998,1.450596981806613e-13
3853.499999999998,1.4492568944024634e-13
3853.999999999998,1.4482392749101236e-13
3854.499999999998,1.4471737903857322e-13
3854.999999999998,1.446184926029229e-13
3855.499999999998,1.4451861571710738e-13
3855.999999999998,1.4439144069941124e-13
3856.499999999998,1.4429319394433063e-13
3856.999999999998,1.4417975195871912e-13
3857.4999999999977,1.4408877344034949e-13
3857.9999999999977,1.4400537532826957e-13
3858.499999999998,1.439135617675535e-13
3858.999999999998,1.4379514708619925e-13
3859.499999999998,1.4369046647345207e-13
3859.999999999998,1.4359152128832366e-13
3860.499999999998,1.4348748302307637e-13
3860.999999999998,1.433939843919641e-13
3861.499999999998,1.432961928653823e-13
3861.999999999998,1.431916827509932e-13
3862.499999999998,1.4309298762810938e-13
3862.999999999998,1.4301160061148585e-13
3863.499999999998,1.4291365286928293e-13
3863.999999999998,1.4280503659085736e-13
3864.4999999999986,1.4271058504803907e-13
3864.9999999999977,1.426256964092629e-13
3865.499999999998,1.4252947217065002e-13
3865.999999999998,1.4243442012184613e-13
3866.499999999998,1.4236228928104708e-13
3866.999999999998,1.4227058763966442e-13
3867.499999999998,1.4219006224321543e-13
3867.999999999998,1.4210003743958933e-13
3868.499999999998,1.4199737044567608e-13
3868.999999999998,1.4191733807554965e-13
3869.499999999998,1.4183567921066772e-13
3869.999999999998,1.4174673419745534e-13
3870.499999999998,1.4167020592465782e-13
3870.999999999998,1.4161080444243787e-13
3871.4999999999977,1.4150446038038318e-13
3871.9999999999977,1.4141189470887543e-13
3872.499999999998,1.4133899099672696e-13
3872.999999999998,1.4125855468083004e-13
3873.499999999998,1.4117727938822034e-13
3873.999999999998,1.4111686393599407e-13
3874.499999999998,1.4104636949549336e-13
3874.999999999998,1.409755236218215e-13
3875.499999999998,1.4089062345402935e-13
3875.999999999998,1.4081075584879748e-13
3876.499999999998,1.4073651863791036e-13
3876.999999999998,1.4067337259754812e-13
3877.499999999998,1.4061977161791907e-13
3877.999999999998,1.4053186747083183e-13
3878.4999999999986,1.404633195754294e-13
3878.9999999999977,1.4037915154433294e-13
3879.499999999998,1.403063511689789e-13
3879.999999999998,1.4023152741783643e-13
3880.499999999998,1.4015641389366136e-13
3880.999999999998,1.4006981708937471e-13
3881.499999999998,1.3998338624914912e-13
3881.999999999998,1.398863157563243e-13
3882.499999999998,1.3979516861090629e-13
3882.999999999998,1.3972297748526159e-13
3883.499999999998,1.3963973117679724e-13
3883.999999999998,1.3956663448143612e-13
3884.499999999998,1.3948558746872238e-13
3884.999999999998,1.3940545477872977e-13
3885.4999999999977,1.3933050040208133e-13
3885.9999999999977,1.3926194722740483e-13
3886.499999999998,1.3919167389055735e-13
3886.999999999998,1.3910831760973207e-13
3887.499999999998,1.3902665645148932e-13
3887.999999999998,1.3895588013719882e-13
3888.499999999998,1.3885449372688194e-13
3888.999999999998,1.387666961480236e-13
3889.499999999998,1.3867999362819184e-13
3889.999999999998,1.3858204403926777e-13
3890.499999999998,1.3849614576110688e-13
3890.999999999998,1.384077157971867e-13
3891.499999999998,1.3831695478257437e-13
3891.999999999998,1.3823178260568768e-13
3892.4999999999986,1.38141367760997e-13
3892.9999999999977,1.3806609859421352e-13
3893.499999999998,1.3797094094245005e-13
3893.999999999998,1.3786604095944742e-13
3894.499999999998,1.3777302394809266e-13
3894.999999999998,1.3767315117057107e-13
3895.499999999998,1.3757953334111197e-13
3895.999999999998,1.3748413740268067e-13
3896.499999999998,1.373779021475229e-13
3896.999999999998,1.3729049136492742e-13
3897.499999999998,1.3720185395544273e-13
3897.999999999998,1.3709664938087897e-13
3898.499999999998,1.3698500714800215e-13
3898.999999999998,1.3690707641021114e-13
3899.4999999999977,1.367986316618068e-13
3899.9999999999977,1.36703560539152e-13
3900.4999999999977,1.3660475939375413e-13
3900.999999999998,1.3651121126708922e-13
3901.499999999998,1.3640839350377316e-13
3901.999999999998,1.363077280130348e-13
3902.499999999998,1.3621462255813017e-13
3902.999999999998,1.3611256999906028e-13
3903.499999999998,1.3601029667172649e-13
3903.999999999998,1.3590422878323962e-13
3904.499999999998,1.3579999399500115e-13
3904.999999999998,1.3569800341975403e-13
3905.499999999998,1.355960326812045e-13
3905.999999999998,1.3548623442229597e-13
3906.499999999998,1.3538921284843263e-13
3906.9999999999986,1.352912512990746e-13
3907.4999999999977,1.3520031854112228e-13
3907.999999999998,1.3510304360927447e-13
3908.499999999998,1.350209898375108e-13
3908.999999999998,1.3492597965129503e-13
3909.499999999998,1.3483140335327713e-13
3909.999999999998,1.347469871726126e-13
3910.499999999998,1.3464816920804323e-13
3910.999999999998,1.3455434591194604e-13
3911.499999999998,1.3444034895440188e-13
3911.999999999998,1.3436425232516615e-13
3912.499999999998,1.3426656629537824e-13
3912.999999999998,1.3416172531816325e-13
3913.4999999999977,1.3405058491988875e-13
3913.9999999999977,1.3395579552499246e-13
3914.4999999999977,1.3386311761533944e-13
3914.999999999998,1.3376436460777335e-13
3915.499999999998,1.336637767796539e-13
3915.999999999998,1.335608888433894e-13
3916.499999999998,1.3346867596805593e-13
3916.999999999998,1.3335169762639501e-13
3917.499999999998,1.3324476147893986e-13
3917.999999999998,1.3313184401363114e-13
3918.499999999998,1.3302633751852038e-13
3918.999999999998,1.3290585041273487e-13
3919.499999999998,1.3280169262406688e-13
3919.999999999998,1.3268717545413437e-13
3920.499999999998,1.325645222048236e-13
3920.9999999999986,1.3244722259990157e-13
3921.4999999999977,1.3235421725026596e-13
3921.999999999998,1.3223665488715705e-13
3922.499999999998,1.3212937448889733e-13
3922.999999999998,1.3201527767168418e-13
3923.499999999998,1.3190420482300715e-13
3923.999999999998,1.3178938750509333e-13
3924.499999999998,1.316794378953757e-13
3924.999999999998,1.3157277759535556e-13
3925.499999999998,1.3146421796580414e-13
3925.999999999998,1.3134823111256102e-13
3926.499999999998,1.3123877067814945e-13
3926.999999999998,1.3111605020411953e-13
3927.4999999999977,1.3099241110654576e-13
3927.9999999999977,1.3087973971184513e-13
3928.4999999999977,1.3075183852145168e-13
3928.999999999998,1.3063792793615273e-13
3929.499999999998,1.3050946928831054e-13
3929.999999999998,1.3039694204891625e-13
3930.499999999998,1.3027031392219296e-13
3930.999999999998,1.3015098659370153e-13
3931.499999999998,1.300232384769968e-13
3931.999999999998,1.2990392970750476e-13
3932.499999999998,1.297764744153015e-13
3932.999999999998,1.2963543265185243e-13
3933.499999999998,1.2950668262669264e-13
3933.999999999998,1.293838318876557e-13
3934.499999999998,1.2924479520587693e-13
3934.9999999999986,1.291124217089675e-13
3935.4999999999977,1.2898288680058542e-13
3935.999999999998,1.2882351461813683e-13
3936.499999999998,1.2869623398170704e-13
3936.999999999998,1.285454567233564e-13
3937.499999999998,1.2838381070650553e-13
3937.999999999998,1.282511526231692e-13
3938.499999999998,1.2809005127314579e-13
3938.999999999998,1.279368218254134e-13
3939.499999999998,1.277933274554744e-13
3939.999999999998,1.276515956225793e-13
3940.499999999998,1.2751672891091768e-13
3940.999999999998,1.2736531287223391e-13
3941.4999999999977,1.2720503330897748e-13
3941.9999999999977,1.2704586031911157e-13
3942.4999999999977,1.2689386656389078e-13
3942.999999999998,1.2673104201616646e-13
3943.499999999998,1.265720260292892e-13
3943.999999999998,1.2640130249648369e-13
3944.499999999998,1.2625110580019944e-13
3944.999999999998,1.2608516890799464e-13
3945.499999999998,1.2592345316357568e-13
3945.999999999998,1.2575219565749818e-13
3946.499999999998,1.2558055369254054e-13
3946.999999999998,1.2542394319142538e-13
3947.499999999998,1.2527713104548074e-13
3947.999999999998,1.2511737653810648e-13
3948.499999999998,1.2494519235101657e-13
3948.9999999999986,1.247766802080732e-13
3949.4999999999977,1.245890639810659e-13
3949.999999999998,1.244202617934423e-13
3950.499999999998,1.2424447040947697e-13
3950.999999999998,1.2405673374183915e-13
3951.499999999998,1.238874946260199e-13
3951.999999999998,1.2371398306895046e-13
3952.499999999998,1.2352579057957307e-13
3952.999999999998,1.2334608059118799e-13
3953.499999999998,1.231518255794421e-13
3953.999999999998,1.229759731155788e-13
3954.499999999998,1.228012978213672e-13
3954.999999999998,1.2261703510688628e-13
3955.499999999998,1.2243129952583314e-13
3955.9999999999977,1.222660696287181e-13
3956.4999999999977,1.220834160566938e-13
3956.9999999999977,1.2188016303244781e-13
3957.499999999998,1.21678504186557e-13
3957.999999999998,1.2149152656437645e-13
3958.499999999998,1.2129017017157024e-13
3958.999999999998,1.2107712604251253e-13
3959.499999999998,1.2088460028331162e-13
3959.999999999998,1.2068183300758126e-13
3960.499999999998,1.2047185614499837e-13
3960.999999999998,1.2026187726231147e-13
3961.499999999998,1.2005092025478588e-13
3961.999999999998,1.1983792391033943e-13
3962.499999999998,1.1962398314662452e-13
3962.999999999998,1.1941148577747278e-13
3963.4999999999986,1.1919967622830283e-13
3963.9999999999977,1.1897483234165759e-13
3964.499999999998,1.1874886546563695e-13
3964.999999999998,1.185190309304054e-13
3965.499999999998,1.1828910930516015e-13
3965.999999999998,1.1805602155789135e-13
3966.499999999998,1.1783005385105104e-13
3966.999999999998,1.1760101596849948e-13
3967.499999999998,1.173781391231203e-13
3967.999999999998,1.1714845701186634e-13
3968.499999999998,1.1690797102681993e-13
3968.999999999998,1.166646559666518e-13
3969.499999999998,1.1643255797625985e-13
3969.9999999999977,1.1619250425258706e-13
3970.4999999999977,1.1594159244632273e-13
3970.9999999999977,1.157085727710598e-13
3971.499999999998,1.1545261265959782e-13
3971.999999999998,1.1519231790639489e-13
3972.499999999998,1.149431046809736e-13
3972.999999999998,1.1469409162591656e-13
3973.499999999998,1.1444830020950364e-13
3973.999999999998,1.1418448608894485e-13
3974.499999999998,1.1391710757706433e-13
3974.999999999998,1.1364423951328367e-13
3975.499999999998,1.1339268140102375e-13
3975.999999999998,1.1313906126541191e-13
3976.499999999998,1.1287048306797665e-13
3976.999999999998,1.1259546556554248e-13
3977.4999999999986,1.123238272281344e-13
3977.9999999999977,1.1206242354351541e-13
3978.499999999998,1.1179064787365748e-13
3978.999999999998,1.1150783448384396e-13
3979.499999999998,1.1123339485305727e-13
3979.999999999998,1.1095798378464803e-13
3980.499999999998,1.1067401712517324e-13
3980.999999999998,1.104017847085089e-13
3981.499999999998,1.1014013444573694e-13
3981.999999999998,1.0985095846664935e-13
3982.499999999998,1.0957142911952427e-13
3982.999999999998,1.0929703384621017e-13
3983.499999999998,1.0902734767260156e-13
3983.9999999999977,1.0875108875454317e-13
3984.4999999999977,1.084699393649075e-13
3984.9999999999977,1.0819659139101101e-13
3985.499999999998,1.0790438637425195e-13
3985.999999999998,1.0763576927453771e-13
3986.499999999998,1.0736805008930241e-13
3986.999999999998,1.070894936668309e-13
3987.499999999998,1.068128582693423e-13
3987.999999999998,1.06524005240264e-13
3988.499999999998,1.0624486286311646e-13
3988.999999999998,1.0598586615414301e-13
3989.499999999998,1.0571722131829471e-13
3989.999999999998,1.0545249350353808e-13
3990.499999999998,1.0518687415665876e-13
3990.999999999998,1.0490155329499108e-13
3991.4999999999986,1.0461693605509014e-13
3991.9999999999977,1.0435420478568017e-13
3992.499999999998,1.0407484598364228e-13
3992.999999999998,1.0379723076735151e-13
3993.499999999998,1.0354056368486969e-13
3993.999999999998,1.0328087876483131e-13
3994.499999999998,1.0301529202302779e-13
3994.999999999998,1.0275523512426473e-13
3995.499999999998,1.0250247211605053e-13
3995.999999999998,1.0223476531169813e-13
3996.499999999998,1.0198694856989646e-13
3996.999999999998,1.0174285327646484e-13
3997.499999999998,1.0148857582029799e-13
3997.9999999999977,1.012288866666895e-13
3998.4999999999977,1.0097440696824074e-13
3998.9999999999977,1.0072609191660574e-13
3999.499999999998,1.0048713493980868e-13
3999.999999999998,1.0024150041498781e-13
4000.499999999998,9.999135663851119e-14
4000.999999999998,9.974894450312204e-14
4001.499999999998,9.95163851078223e-14
4001.999999999998,9.927782518898184e-14
4002.499999999998,9.903648366553662e-14
4002.999999999998,9.881225536632973e-14
4003.499999999998,9.85800545494228e-14
4003.999999999998,9.83485402690054e-14
4004.499999999998,9.812096025273078e-14
4004.999999999998,9.790828113337309e-14
4005.4999999999986,9.769049859608657e-14
4005.9999999999977,9.746700909565932e-14
4006.499999999998,9.72500579093807e-14
4006.999999999998,9.703338335303315e-14
4007.499999999998,9.682531028652699e-14
4007.999999999998,9.660673782633722e-14
4008.499999999998,9.639911542980612e-14
4008.999999999998,9.619127592111974e-14
4009.499999999998,9.59899072913836e-14
4009.999999999998,9.578548478208133e-14
4010.499999999998,9.558452472865181e-14
4010.999999999998,9.539825195958959e-14
4011.499999999998,9.521132244195017e-14
4011.9999999999977,9.502265563789128e-14
4012.4999999999977,9.482742752462534e-14
4012.9999999999977,9.465214153166488e-14
4013.4999999999977,9.447803808151468e-14
4013.999999999998,9.430477816850611e-14
4014.499999999998,9.412799858103936e-14
4014.999999999998,9.396319191211877e-14
4015.499999999998,9.379031143512825e-14
4015.999999999998,9.362523716735469e-14
4016.499999999998,9.346714007861787e-14
4016.999999999998,9.330937821374737e-14
4017.499999999998,9.315914581284797e-14
4017.999999999998,9.30035766621168e-14
4018.499999999998,9.286957639023066e-14
4018.999999999998,9.271573603687916e-14
4019.499999999998,9.258396357433347e-14
4019.9999999999977,9.24551151901519e-14
4020.4999999999977,9.232947691776001e-14
4020.999999999998,9.21883221929961e-14
4021.499999999998,9.204770772124471e-14
4021.999999999998,9.19145594909783e-14
4022.499999999998,9.178238874871324e-14
4022.999999999998,9.167194162879122e-14
4023.499999999998,9.15503076089481e-14
4023.999999999998,9.14318610764075e-14
4024.499999999998,9.131232070350684e-14
4024.999999999998,9.119883247160338e-14
4025.499999999998,9.109162280512726e-14
4025.999999999998,9.098668437136823e-14
4026.4999999999977,9.088657534791504e-14
4026.9999999999977,9.07762875352638e-14
4027.4999999999977,9.067439078166427e-14
4027.999999999998,9.058988204271966e-14
4028.499999999998,9.048910342040911e-14
4028.999999999998,9.039544352245534e-14
4029.499999999998,9.030330229542272e-14
4029.999999999998,9.020758435943828e-14
4030.499999999998,9.011210664942395e-14
4030.999999999998,9.000406399527588e-14
4031.499999999998,8.989645884609735e-14
4031.999999999998,8.979536282897748e-14
4032.499999999998,8.970754862658558e-14
4032.999999999998,8.959874185482755e-14
4033.499999999998,8.948505936930645e-14
4033.9999999999986,8.938688247898138e-14
4034.4999999999977,8.928544466728939e-14
4034.999999999998,8.919894309438711e-14
4035.499999999998,8.910603718094903e-14
4035.999999999998,8.90077050684486e-14
4036.499999999998,8.890896248976381e-14
4036.999999999998,8.882162309006439e-14
4037.499999999998,8.873183983289861e-14
4037.999999999998,8.865057084771096e-14
4038.499999999998,8.856678036369177e-14
4038.999999999998,8.847920144031355e-14
4039.499999999998,8.83971016587523e-14
4039.999999999998,8.831561088903567e-14
4040.4999999999977,8.824152705592218e-14
4040.9999999999977,8.816348425950578e-14
4041.4999999999977,8.809268109056626e-14
4041.999999999998,8.801311039107728e-14
4042.499999999998,8.793713034030418e-14
4042.999999999998,8.786246428301284e-14
4043.499999999998,8.779046833190958e-14
4043.999999999998,8.771629176860824e-14
4044.499999999998,8.764795733664924e-14
4044.999999999998,8.757411383213148e-14
4045.499999999998,8.751147028131715e-14
4045.999999999998,8.744844296828834e-14
4046.499999999998,8.738458724060759e-14
4046.999999999998,8.733305117531315e-14
4047.499999999998,8.727221969219206e-14
4047.9999999999986,8.722730206648886e-14
4048.4999999999977,8.71779210524209e-14
4048.999999999998,8.71219678661516e-14
4049.499999999998,8.706617369903656e-14
4049.999999999998,8.700462752534403e-14
4050.499999999998,8.695010159984878e-14
4050.999999999998,8.689499108871905e-14
4051.499999999998,8.684580755282935e-14
4051.999999999998,8.680921672594096e-14
4052.499999999998,8.675458220450627e-14
4052.999999999998,8.670806300788085e-14
4053.499999999998,8.665136778614734e-14
4053.999999999998,8.660795992454395e-14
4054.4999999999977,8.654983683191722e-14
4054.9999999999977,8.650657044513784e-14
4055.4999999999977,8.644396043398524e-14
4055.999999999998,8.638747602061879e-14
4056.499999999998,8.632974922005513e-14
4056.999999999998,8.627615111080043e-14
4057.499999999998,8.622576631129281e-14
4057.999999999998,8.617160869000865e-14
4058.499999999998,8.611849437939834e-14
4058.999999999998,8.606102377352313e-14
4059.499999999998,8.599044570206488e-14
4059.999999999998,8.593292459301938e-14
4060.499999999998,8.587044985234146e-14
4060.999999999998,8.580703726166977e-14
4061.499999999998,8.574169338201559e-14
4061.999999999998,8.567188554728432e-14
4062.4999999999977,8.561377263274313e-14
4062.999999999998,8.554944821381431e-14
4063.499999999998,8.547890148729305e-14
4063.999999999998,8.540577075181557e-14
4064.499999999998,8.534160640419163e-14
4064.999999999998,8.527648488460907e-14
4065.499999999998,8.52058166788975e-14
4065.999999999998,8.512758765074664e-14
4066.499999999998,8.506502021300205e-14
4066.999999999998,8.500013464505556e-14
4067.499999999998,8.493612467810615e-14
4067.999999999998,8.486743143211917e-14
4068.4999999999977,8.479399378877757e-14
4068.9999999999977,8.47269706291719e-14
4069.4999999999977,8.464943008947466e-14
4069.9999999999977,8.457630862839129e-14
4070.499999999998,8.451395704560912e-14
4070.999999999998,8.445076700067599e-14
4071.499999999998,8.438036467990566e-14
4071.999999999998,8.431534817391932e-14
4072.499999999998,8.425730376836694e-14
4072.999999999998,8.419346210474195e-14
4073.499999999998,8.413489719816053e-14
4073.999999999998,8.407721520919808e-14
4074.499999999998,8.4009957959783e-14
4074.999999999998,8.394964956863062e-14
4075.499999999998,8.388278236918685e-14
4075.999999999998,8.38136241923914e-14
4076.4999999999977,8.377305146296844e-14
4076.9999999999977,8.372040186042838e-14
4077.499999999998,8.366768157102451e-14
4077.999999999998,8.360947786112153e-14
4078.499999999998,8.354064873319079e-14
4078.999999999998,8.348961687102647e-14
4079.499999999998,8.34323353715701e-14
4079.999999999998,8.337770305960255e-14
4080.499999999998,8.334672364749472e-14
4080.999999999998,8.327884037295891e-14
4081.499999999998,8.323320676485379e-14
4081.999999999998,8.317474550654286e-14
4082.4999999999977,8.312360723030877e-14
4082.9999999999977,8.307381342291445e-14
4083.4999999999977,8.303314144302341e-14
4083.9999999999977,8.299173217137863e-14
4084.499999999998,8.294233067435655e-14
4084.999999999998,8.290418602524522e-14
4085.499999999998,8.285885683271048e-14
4085.999999999998,8.281556780918987e-14
4086.499999999998,8.277534908524845e-14
4086.999999999998,8.273748156198361e-14
4087.499999999998,8.269744306421005e-14
4087.999999999998,8.267578801711097e-14
4088.499999999998,8.264203500291776e-14
4088.999999999998,8.260967337519521e-14
4089.499999999998,8.257537650488554e-14
4089.999999999998,8.254390344764271e-14
4090.4999999999977,8.251258504578737e-14
4090.9999999999977,8.248439504276246e-14
4091.499999999998,8.245965805348731e-14
4091.999999999998,8.243759215163605e-14
4092.499999999998,8.241484969341176e-14
4092.999999999998,8.238656684986882e-14
4093.499999999998,8.234942933359507e-14
4093.999999999998,8.231144023608679e-14
4094.499999999998,8.228092209844131e-14
4094.999999999998,8.223910379553964e-14
4095.499999999998,8.219548852664315e-14
4095.999999999998,8.215256565824771e-14
4096.499999999998,8.210244102662676e-14
4096.999999999998,8.20591457134882e-14
4097.499999999998,8.201243982094825e-14
4097.999999999998,8.195630872073138e-14
4098.499999999998,8.19080751943413e-14
4098.999999999998,8.185990269055014e-14
4099.499999999998,8.179412075150396e-14
4099.999999999998,8.173339810595433e-14
4100.499999999998,8.166299979280097e-14
4100.999999999998,8.158686055952578e-14
4101.499999999998,8.150418966694791e-14
4101.999999999998,8.142431247755325e-14
4102.499999999998,8.133316669957499e-14
4102.999999999998,8.124976036323349e-14
4103.499999999998,8.11580039796807e-14
4103.999999999998,8.106200096440355e-14
4104.499999999998,8.095786526769007e-14
4104.999999999998,8.08559643633751e-14
4105.499999999998,8.07461707412269e-14
4105.999999999998,8.063623060127199e-14
4106.499999999998,8.052472629361067e-14
4106.999999999998,8.039573446666963e-14
4107.499999999998,8.028145361214579e-14
4107.999999999998,8.015223604127673e-14
4108.499999999998,8.001999737636135e-14
4108.999999999998,7.989201609129009e-14
4109.499999999998,7.976433037321442e-14
4109.999999999998,7.96317170619491e-14
4110.499999999998,7.949124054214762e-14
4110.999999999998,7.93432283876622e-14
4111.499999999998,7.919674647330699e-14
4111.999999999998,7.905301315623559e-14
4112.499999999998,7.891434550193957e-14
4112.999999999998,7.876653366597527e-14
4113.499999999998,7.861987579258606e-14
4113.999999999998,7.84701235378512e-14
4114.499999999998,7.83275192467593e-14
4114.999999999998,7.818815911649646e-14
4115.499999999998,7.804575456141389e-14
4115.999999999998,7.790741038296329e-14
4116.499999999998,7.775833628133805e-14
4116.999999999998,7.762715482763789e-14
4117.499999999998,7.748647663316823e-14
4117.999999999998,7.73492970710196e-14
4118.499999999998,7.722515592766381e-14
4118.999999999998,7.709574909466088e-14
4119.499999999998,7.698143317942433e-14
4119.999999999998,7.68609158138295e-14
4120.499999999998,7.675493136154018e-14
4120.999999999998,7.663351545751326e-14
4121.499999999998,7.6530528891448e-14
4121.999999999998,7.641998205687148e-14
4122.499999999998,7.630289061630895e-14
4122.999999999998,7.620196012222517e-14
4123.499999999998,7.610135437591164e-14
4123.999999999998,7.60089795183065e-14
4124.499999999998,7.590843469652602e-14
4124.999999999998,7.581928212627827e-14
4125.499999999998,7.573524852563034e-14
4125.999999999998,7.564618363580656e-14
4126.499999999998,7.556583465541196e-14
4126.999999999998,7.549102887140338e-14
4127.499999999998,7.541302616182833e-14
4127.999999999998,7.53459302179487e-14
4128.499999999998,7.527285684154926e-14
4128.999999999998,7.519299992939901e-14
4129.499999999998,7.512927969693704e-14
4129.999999999998,7.505716324966653e-14
4130.499999999998,7.499910940304794e-14
4130.999999999998,7.494063161142353e-14
4131.499999999998,7.488196430408469e-14
4131.999999999998,7.482820963918623e-14
4132.499999999998,7.47638513715564e-14
4132.999999999998,7.470948546564623e-14
4133.499999999998,7.46590843217469e-14
4133.999999999998,7.461325072091496e-14
4134.499999999998,7.457149087065396e-14
4134.999999999998,7.451975799638506e-14
4135.499999999998,7.447019680840709e-14
4135.999999999998,7.443550098018157e-14
4136.499999999998,7.439517917665448e-14
4136.999999999998,7.435311156528418e-14
4137.499999999998,7.431766016064428e-14
4137.999999999998,7.428639575104972e-14
4138.499999999998,7.425837781031986e-14
4138.999999999998,7.423141837434396e-14
4139.499999999998,7.420808785986435e-14
4139.999999999998,7.419035253719001e-14
4140.499999999998,7.41696075055283e-14
4140.999999999998,7.415972333742477e-14
4141.499999999998,7.414621612123912e-14
4141.999999999998,7.413201461860992e-14
4142.499999999998,7.411771767230982e-14
4142.999999999998,7.411314159197662e-14
4143.499999999998,7.41128962539705e-14
4143.999999999998,7.411890592887968e-14
4144.499999999998,7.412053727129439e-14
4144.999999999998,7.410811387813923e-14
4145.499999999998,7.410590462597768e-14
4145.999999999998,7.41131871122032e-14
4146.499999999998,7.411508033566142e-14
4146.999999999998,7.412236245357644e-14
4147.499999999998,7.413532837326728e-14
4147.999999999998,7.415253601860924e-14
4148.499999999998,7.416994661497975e-14
4148.999999999998,7.418540893238754e-14
4149.499999999998,7.420508347615989e-14
4149.999999999998,7.422555405410682e-14
4150.499999999998,7.424814752693321e-14
4150.999999999998,7.427041460953771e-14
4151.499999999998,7.429478946776047e-14
4151.999999999998,7.432328879283223e-14
4152.499999999998,7.43559243228824e-14
4152.999999999998,7.438601745442961e-14
4153.499999999998,7.442383472264959e-14
4153.999999999998,7.445381727765314e-14
4154.499999999998,7.448968911010208e-14
4154.999999999998,7.452328473730165e-14
4155.499999999998,7.45631711562531e-14
4155.999999999998,7.459461275945364e-14
4156.499999999998,7.46302561767329e-14
4156.999999999998,7.466498070167775e-14
4157.499999999998,7.470575590456161e-14
4157.999999999998,7.474318884931746e-14
4158.499999999998,7.477868842513312e-14
4158.999999999998,7.480754845510381e-14
4159.499999999998,7.483717818015237e-14
4159.999999999998,7.488262639853242e-14
4160.499999999998,7.492113838648705e-14
4160.999999999998,7.496484992044867e-14
4161.499999999998,7.501827137405621e-14
4161.999999999998,7.506699328666071e-14
4162.499999999998,7.511259510989749e-14
4162.999999999998,7.516141809510676e-14
4163.499999999998,7.522612705506319e-14
4163.999999999998,7.528943652979529e-14
4164.499999999998,7.53489721275722e-14
4164.999999999998,7.541647559147503e-14
4165.499999999998,7.548277483458647e-14
4165.999999999998,7.555320385191118e-14
4166.499999999998,7.561483851124792e-14
4166.999999999998,7.568055761715448e-14
4167.499999999998,7.574206696635969e-14
4167.999999999998,7.581138592711416e-14
4168.499999999998,7.588760134771476e-14
4168.999999999998,7.59647052102393e-14
4169.499999999998,7.60400382387241e-14
4169.999999999998,7.610515557060849e-14
4170.499999999998,7.619399661198091e-14
4170.999999999998,7.626652311253315e-14
4171.499999999998,7.634184847887974e-14
4171.999999999998,7.64136027520656e-14
4172.499999999998,7.646487647871821e-14
4172.999999999998,7.653353701496013e-14
4173.499999999998,7.658691540899959e-14
4173.999999999998,7.66427275379167e-14
4174.499999999998,7.669903035282288e-14
4174.999999999998,7.675675013605363e-14
4175.499999999998,7.680503688632596e-14
4175.999999999998,7.684422443788196e-14
4176.499999999998,7.688597823605718e-14
4176.999999999998,7.691921031698141e-14
4177.499999999998,7.696026915070046e-14
4177.999999999998,7.698923364377394e-14
4178.499999999998,7.701123962403295e-14
4178.999999999998,7.702823029549022e-14
4179.499999999998,7.703387277681487e-14
4179.999999999998,7.70464077841605e-14
4180.499999999998,7.705012345641604e-14
4180.999999999998,7.705291731374762e-14
4181.499999999998,7.705086719725723e-14
4181.999999999998,7.703716877760868e-14
4182.499999999998,7.702838079584532e-14
4182.999999999998,7.700817542155432e-14
4183.499999999998,7.698939916002842e-14
4183.999999999998,7.696750542206325e-14
4184.499999999998,7.694307232045691e-14
4184.999999999998,7.691413409140118e-14
4185.499999999998,7.688537129741628e-14
4185.999999999998,7.685235621217323e-14
4186.499999999998,7.681638321494349e-14
4186.999999999998,7.678336330369596e-14
4187.499999999998,7.675033689204946e-14
4187.999999999998,7.670692430981069e-14
4188.499999999998,7.666288240193388e-14
4188.999999999998,7.661020657920552e-14
4189.499999999998,7.656350108284902e-14
4189.999999999998,7.651394295779734e-14
4190.499999999998,7.645377718751527e-14
4190.999999999998,7.639758806417652e-14
4191.499999999998,7.63454551444737e-14
4191.999999999998,7.628776547334176e-14
4192.499999999998,7.62305712693106e-14
4192.999999999998,7.616727521144039e-14
4193.499999999998,7.60975540204169e-14
4193.999999999998,7.60388552153145e-14
4194.499999999998,7.597213003503871e-14
4194.999999999998,7.590095145558273e-14
4195.499999999998,7.583724516464366e-14
4195.999999999998,7.577490197642605e-14
4196.499999999998,7.570930362519516e-14
4196.999999999998,7.564442255292606e-14
4197.499999999998,7.557677887793461e-14
4197.999999999998,7.550807460579689e-14
4198.499999999998,7.544838248596678e-14
4198.999999999998,7.538370034939155e-14
4199.499999999998,7.531354751806166e-14
4199.999999999998,7.524314735488004e-14
4200.499999999998,7.51725689068334e-14
4200.999999999998,7.509633751658541e-14
4201.499999999998,7.500956173914729e-14
4201.999999999998,7.492694337910798e-14
4202.499999999998,7.483712768121065e-14
4202.999999999998,7.475562898591202e-14
4203.499999999998,7.466792792588343e-14
4203.999999999998,7.457640701167382e-14
4204.499999999998,7.449285306761534e-14
4204.999999999998,7.439388761781601e-14
4205.499999999998,7.430085580161265e-14
4205.999999999998,7.41932722020092e-14
4206.499999999998,7.409254252912008e-14
4206.999999999998,7.399425075062131e-14
4207.499999999998,7.389115429592636e-14
4207.999999999998,7.378835043413983e-14
4208.499999999998,7.368592109781885e-14
4208.999999999998,7.358450435914196e-14
4209.499999999998,7.348964863411768e-14
4209.999999999998,7.339954805633719e-14
4210.499999999998,7.330452178950648e-14
4210.999999999998,7.321346046330598e-14
4211.499999999998,7.31202942368486e-14
4211.999999999998,7.302839924965232e-14
4212.499999999998,7.294434073400305e-14
4212.999999999998,7.2850418467707e-14
4213.499999999998,7.276811503061696e-14
4213.999999999998,7.26881854423489e-14
4214.499999999998,7.260621013061085e-14
4214.999999999998,7.252363910020552e-14
4215.499999999998,7.243727575391919e-14
4215.999999999998,7.236175767272291e-14
4216.499999999998,7.228781064741811e-14
4216.999999999998,7.221361200158893e-14
4217.499999999998,7.214953583080344e-14
4217.999999999998,7.208491976576918e-14
4218.499999999998,7.201281294508621e-14
4218.999999999998,7.19404809196403e-14
4219.499999999998,7.187880018472963e-14
4219.999999999998,7.181131319209901e-14
4220.499999999998,7.174262006945893e-14
4220.999999999998,7.167369331601768e-14
4221.499999999998,7.16039876856741e-14
4221.999999999998,7.154773945729062e-14
4222.499999999998,7.148678598782469e-14
4222.999999999998,7.142658576310835e-14
4223.499999999998,7.136276698973192e-14
4223.999999999998,7.130854185827952e-14
4224.499999999998,7.124922335727544e-14
4224.999999999998,7.119158322393547e-14
4225.499999999998,7.113234498156636e-14
4225.999999999998,7.107818083508718e-14
4226.499999999998,7.102603093660203e-14
4226.999999999998,7.096473775285986e-14
4227.499999999998,7.09074151633111e-14
4227.999999999998,7.08508705284428e-14
4228.499999999998,7.079401438043327e-14
4228.999999999998,7.073417797186081e-14
4229.499999999998,7.067972540876683e-14
4229.999999999998,7.062296000341472e-14
4230.499999999998,7.05706278699643e-14
4230.999999999998,7.051792660919716e-14
4231.499999999998,7.046490912772787e-14
4231.999999999998,7.041573855394164e-14
4232.499999999998,7.035065825308001e-14
4232.999999999998,7.02912261086274e-14
4233.499999999998,7.024679553032471e-14
4233.999999999998,7.019433150484158e-14
4234.499999999998,7.013695945281897e-14
4234.999999999998,7.007967224872634e-14
4235.499999999998,7.002260581470067e-14
4235.999999999998,6.996148467987037e-14
4236.499999999998,6.991091527687903e-14
4236.999999999998,6.985576319000519e-14
4237.499999999998,6.979816706340537e-14
4237.999999999998,6.974388197639592e-14
4238.499999999998,6.968796072107615e-14
4238.999999999998,6.962566938880116e-14
4239.499999999998,6.956068771998018e-14
4239.999999999998,6.949061140233354e-14
4240.499999999998,6.941950977286884e-14
4240.999999999998,6.935129283696616e-14
4241.499999999998,6.92861848441387e-14
4241.999999999998,6.922063813408302e-14
4242.499999999998,6.915476423474224e-14
4242.999999999998,6.909138886839357e-14
4243.499999999998,6.902646741405393e-14
4243.999999999998,6.895258546354468e-14
4244.499999999998,6.888584112582386e-14
4244.999999999998,6.88263897488566e-14
4245.499999999998,6.875668286005243e-14
4245.999999999998,6.869241419340824e-14
4246.499999999998,6.862254665661675e-14
4246.999999999998,6.854801933103452e-14
4247.499999999998,6.848753618364392e-14
4247.999999999998,6.840985426857611e-14
4248.499999999998,6.8349411244755e-14
4248.999999999998,6.827491851277902e-14
4249.499999999998,6.820381471549486e-14
4249.999999999998,6.813211617988299e-14
4250.499999999998,6.806491524884449e-14
4250.999999999998,6.800828275327687e-14
4251.499999999998,6.793947414524e-14
4251.999999999998,6.787963906634578e-14
4252.499999999998,6.780982376051296e-14
4252.999999999998,6.774874192368179e-14
4253.499999999998,6.768516678136127e-14
4253.999999999998,6.761474425830367e-14
4254.499999999998,6.755082851007763e-14
4254.999999999998,6.748637784443626e-14
4255.499999999998,6.742899034742794e-14
4255.999999999998,6.737730023609724e-14
4256.499999999998,6.732944384432114e-14
4256.999999999998,6.727470188751587e-14
4257.499999999998,6.723262974959067e-14
4257.999999999998,6.717605073068103e-14
4258.499999999998,6.713447534467519e-14
4258.999999999998,6.709066528698745e-14
4259.499999999998,6.703132453747829e-14
4259.999999999998,6.698218759808541e-14
4260.499999999998,6.693974559984465e-14
4260.999999999998,6.6890329707631e-14
4261.499999999998,6.684740179464724e-14
4261.999999999998,6.681198708525154e-14
4262.499999999998,6.677022762023409e-14
4262.999999999998,6.673391154397137e-14
4263.499999999998,6.67038826719564e-14
4263.999999999998,6.666156677193572e-14
4264.499999999998,6.661714050707346e-14
4264.999999999998,6.658760980655312e-14
4265.499999999998,6.656581156014811e-14
4265.999999999998,6.654429250509402e-14
4266.499999999998,6.652153284558333e-14
4266.999999999998,6.650609440211923e-14
4267.499999999998,6.64909319473192e-14
4267.999999999998,6.647726534853192e-14
4268.499999999998,6.647336860758497e-14
4268.999999999998,6.646058632863511e-14
4269.499999999998,6.645967825409906e-14
4269.999999999998,6.645637313143309e-14
4270.499999999998,6.646087129558471e-14
4270.999999999998,6.645839688695032e-14
4271.499999999998,6.645843231158634e-14
4271.999999999998,6.64616588484997e-14
4272.499999999998,6.648121608660581e-14
4272.999999999998,6.648442905344395e-14
4273.499999999998,6.649726411816435e-14
4273.999999999998,6.650430808841831e-14
4274.499999999998,6.651551349214512e-14
4274.999999999998,6.652196861710088e-14
4275.499999999998,6.653911045727564e-14
4275.999999999998,6.655381140397296e-14
4276.499999999998,6.657228982511626e-14
4276.999999999998,6.660114872175851e-14
4277.499999999998,6.662801845154925e-14
4277.999999999998,6.666244945225375e-14
4278.499999999998,6.6697514941802e-14
4278.999999999998,6.673413604265864e-14
4279.499999999998,6.676340726408275e-14
4279.999999999998,6.680560838687624e-14
4280.499999999998,6.685050154601012e-14
4280.999999999998,6.690794125623077e-14
4281.499999999998,6.69651246890535e-14
4281.999999999998,6.702120365766566e-14
4282.499999999998,6.708344234894102e-14
4282.999999999998,6.714627184406118e-14
4283.499999999998,6.720610325422864e-14
4283.999999999998,6.727555632869863e-14
4284.499999999998,6.735810493310323e-14
4284.999999999998,6.743298272163335e-14
4285.499999999998,6.752070932540374e-14
4285.999999999998,6.760362173760193e-14
4286.499999999998,6.768818616923396e-14
4286.999999999998,6.777680308476431e-14
4287.499999999998,6.785972703032175e-14
4287.999999999998,6.79492841714249e-14
4288.499999999998,6.803178966002597e-14
4288.999999999998,6.81143451185253e-14
4289.499999999998,6.821330070684158e-14
4289.999999999998,6.830922942753655e-14
4290.499999999998,6.839873165968616e-14
4290.999999999998,6.849006646632929e-14
4291.499999999998,6.859054040085965e-14
4291.999999999998,6.869575383128504e-14
4292.499999999998,6.878897091105298e-14
4292.999999999998,6.888334189248782e-14
4293.499999999998,6.897600607322018e-14
4293.999999999998,6.905929940344562e-14
4294.499999999998,6.914503907556091e-14
4294.999999999998,6.923626463080585e-14
4295.499999999998,6.932124154886353e-14
4295.999999999998,6.941038187977357e-14
4296.499999999998,6.94971583863651e-14
4296.999999999998,6.957631095810175e-14
4297.499999999998,6.96498008852692e-14
4297.999999999998,6.972864257501682e-14
4298.499999999998,6.980778780997757e-14
4298.999999999998,6.987269650510219e-14
4299.499999999998,6.994008828393974e-14
4299.999999999998,7.000053109790653e-14
4300.499999999998,7.006083894529866e-14
4300.999999999998,7.010374760473436e-14
4301.499999999998,7.015775972096079e-14
4301.999999999998,7.019838815102695e-14
4302.499999999998,7.023343989587198e-14
4302.999999999998,7.026914940326094e-14
4303.499999999998,7.029809535866538e-14
4303.999999999998,7.03185811073199e-14
4304.499999999998,7.034213237706168e-14
4304.999999999998,7.035497677354742e-14
4305.499999999998,7.037494498900431e-14
4305.999999999998,7.03872641918483e-14
4306.499999999998,7.039221450170448e-14
4306.999999999998,7.038533684286965e-14
4307.499999999998,7.036767077404978e-14
4307.999999999998,7.037085736669916e-14
4308.499999999998,7.03602435969449e-14
4308.999999999998,7.0346017867386e-14
4309.499999999998,7.033200124067614e-14
4309.999999999998,7.029623079713894e-14
4310.499999999998,7.028286752410804e-14
4310.999999999998,7.026413429510394e-14
4311.499999999998,7.024312242770936e-14
4311.999999999998,7.022174825151414e-14
4312.499999999998,7.018870689447186e-14
4312.999999999998,7.016337467737079e-14
4313.499999999998,7.013627400137448e-14
4313.999999999998,7.010394939405886e-14
4314.499999999998,7.007696109864597e-14
4314.999999999998,7.005211410311906e-14
4315.499999999998,7.003855754090362e-14
4315.999999999998,7.001880258157377e-14
4316.499999999998,6.99871352548732e-14
4316.999999999998,6.996391050691359e-14
4317.499999999998,6.99463188044397e-14
4317.999999999998,6.993239872452443e-14
4318.499999999998,6.992940159367781e-14
4318.999999999998,6.992877052006991e-14
4319.499999999998,6.993326352183987e-14
4319.999999999998,6.992121335346201e-14
4320.499999999998,6.991871854592769e-14
4320.999999999998,6.992424554631618e-14
4321.499999999998,6.993680046878989e-14
4321.999999999998,6.994929247594062e-14
4322.499999999998,6.995432670448464e-14
4322.999999999998,6.99728606823013e-14
4323.499999999998,6.99747333512807e-14
4323.999999999998,6.998313504050348e-14
4324.499999999998,6.999418181584708e-14
4324.999999999998,7.000601287778869e-14
4325.499999999998,7.001610219840024e-14
4325.999999999998,7.00407557782615e-14
4326.499999999998,7.005666656089871e-14
4326.999999999998,7.00832184686151e-14
4327.499999999998,7.011316743252214e-14
4327.999999999998,7.014193979839492e-14
4328.499999999998,7.015662502616405e-14
4328.999999999998,7.017896067367322e-14
4329.499999999998,7.020148847727477e-14
4329.999999999998,7.023125972167145e-14
4330.499999999998,7.025375846907729e-14
4330.999999999998,7.02723256926787e-14
4331.499999999998,7.029579626428308e-14
4331.999999999998,7.032519614536138e-14
4332.499999999998,7.035876388614264e-14
4332.999999999998,7.038505206149034e-14
4333.499999999998,7.04048071869607e-14
4333.999999999998,7.04135822458791e-14
4334.499999999998,7.042432923278812e-14
4334.999999999998,7.044404312826444e-14
4335.499999999998,7.045178073017166e-14
4335.999999999998,7.046119439108318e-14
4336.499999999998,7.04660152225474e-14
4336.999999999998,7.046901287461154e-14
4337.499999999998,7.046343260035815e-14
4337.999999999998,7.045711064022467e-14
4338.499999999998,7.044400168560604e-14
4338.999999999998,7.043167001642892e-14
4339.499999999998,7.041676123884475e-14
4339.999999999998,7.040187850339688e-14
4340.499999999998,7.037785416758773e-14
4340.999999999998,7.034867533822375e-14
4341.499999999998,7.031435025725417e-14
4341.999999999998,7.027937956369083e-14
4342.499999999998,7.02370140772778e-14
4342.999999999998,7.01857967828526e-14
4343.499999999998,7.01410459600613e-14
4343.999999999998,7.008561831312112e-14
4344.499999999998,7.002861258963493e-14
4344.999999999998,6.996840529620765e-14
4345.499999999998,6.990071607625446e-14
4345.999999999998,6.982096365314619e-14
4346.499999999998,6.974361881058181e-14
4346.999999999998,6.966363226891057e-14
4347.499999999998,6.957216970097107e-14
4347.999999999998,6.948420742247306e-14
4348.499999999998,6.938592566652348e-14
4348.999999999998,6.928554109729782e-14
4349.499999999998,6.918853202042143e-14
4349.999999999998,6.907046708236321e-14
4350.499999999998,6.896382081323082e-14
4350.999999999998,6.884374956194849e-14
4351.499999999998,6.872419519434571e-14
4351.999999999998,6.860504743615435e-14
4352.499999999998,6.849259611900523e-14
4352.999999999998,6.837587851961322e-14
4353.499999999998,6.82536299683284e-14
4353.999999999998,6.813170956433664e-14
4354.499999999998,6.800547075056995e-14
4354.999999999998,6.788284729971212e-14
4355.499999999998,6.775963514664553e-14
4355.999999999998,6.764175127562912e-14
4356.499999999998,6.751611533225671e-14
4356.999999999998,6.739624880789326e-14
4357.499999999998,6.726515823186926e-14
4357.999999999998,6.714735410307458e-14
4358.499999999998,6.703057332457788e-14
4358.999999999998,6.690716373424672e-14
4359.499999999998,6.678765933245236e-14
4359.999999999998,6.668048287891734e-14
4360.499999999998,6.658114121751708e-14
4360.999999999998,6.647448666546774e-14
4361.499999999998,6.636871109968776e-14
4361.999999999998,6.626768596654237e-14
4362.499999999998,6.618021581073364e-14
4362.999999999998,6.609548229227097e-14
4363.499999999998,6.601591089896741e-14
4363.999999999998,6.59383644906018e-14
4364.499999999998,6.586451863407756e-14
4364.999999999998,6.579677351227448e-14
4365.499999999998,6.573063524474133e-14
4365.999999999998,6.567501251328428e-14
4366.499999999998,6.562347336342956e-14
4366.999999999998,6.557298705483111e-14
4367.499999999998,6.552627196231421e-14
4367.999999999998,6.546892016051132e-14
4368.499999999998,6.542756588947471e-14
4368.999999999998,6.538792955814741e-14
4369.499999999998,6.536028622297202e-14
4369.999999999998,6.533453215585802e-14
4370.499999999998,6.529555382621585e-14
4370.999999999998,6.526694165172898e-14
4371.499999999998,6.524048394926844e-14
4371.999999999998,6.522503278003071e-14
4372.499999999998,6.520685488484562e-14
4372.999999999998,6.519382257918787e-14
4373.499999999998,6.51877505623167e-14
4373.999999999998,6.518344445457624e-14
4374.499999999998,6.51754768335282e-14
4374.999999999998,6.517707710569084e-14
4375.499999999998,6.51791719343289e-14
4375.999999999998,6.518045501424596e-14
4376.499999999998,6.517918565850031e-14
4376.999999999998,6.517796940816192e-14
4377.499999999998,6.518488186844673e-14
4377.999999999998,6.519368276224008e-14
4378.499999999998,6.520111355103522e-14
4378.999999999998,6.521901142596966e-14
4379.499999999998,6.52318584997366e-14
4379.999999999998,6.524910760094967e-14
4380.499999999998,6.526413629327091e-14
4380.999999999998,6.528364383839822e-14
4381.499999999998,6.529925961824864e-14
4381.999999999998,6.531812734178687e-14
4382.499999999998,6.533170149401008e-14
4382.999999999998,6.534907856044119e-14
4383.499999999998,6.536511508608241e-14
4383.999999999998,6.537523686159312e-14
4384.499999999998,6.538996152346507e-14
4384.999999999998,6.540263488710435e-14
4385.499999999998,6.540893211308253e-14
4385.999999999998,6.542120140963277e-14
4386.499999999998,6.542709679633539e-14
4386.999999999998,6.54429678661548e-14
4387.499999999998,6.545293049729175e-14
4387.999999999998,6.546396950332427e-14
4388.499999999998,6.546997988159853e-14
4388.999999999998,6.547315958367699e-14
4389.499999999998,6.547330548672464e-14
4389.999999999998,6.547590643330146e-14
4390.499999999998,6.547679312491432e-14
4390.999999999998,6.548905490033302e-14
4391.499999999998,6.549162372786781e-14
4391.999999999998,6.54971027032515e-14
4392.499999999998,6.551036180314702e-14
4392.999999999998,6.551147688979849e-14
4393.499999999998,6.551425725041207e-14
4393.999999999998,6.551853005617523e-14
4394.499999999998,6.551965714988569e-14
4394.999999999998,6.551790702391326e-14
4395.499999999998,6.55162334776794e-14
4395.999999999998,6.551683631937861e-14
4396.499999999998,6.551336864294167e-14
4396.999999999998,6.551185505586577e-14
4397.499999999998,6.550572231418617e-14
4397.999999999998,6.55049546134083e-14
4398.499999999998,6.550764684083702e-14
4398.999999999998,6.551820055423834e-14
4399.499999999998,6.55143230538696e-14
4399.999999999998,6.551535925330799e-14
4400.499999999998,6.551232508826786e-14
4400.999999999998,6.550910904917257e-14
4401.499999999998,6.551122019021867e-14
4401.999999999998,6.551169802685973e-14
4402.499999999998,6.551368902622737e-14
4402.999999999998,6.55018346524224e-14
4403.499999999998,6.550417304741666e-14
4403.999999999998,6.550593712827182e-14
4404.499999999998,6.550374769928883e-14
4404.999999999998,6.55017306279523e-14
4405.499999999998,6.549877292563276e-14
4405.999999999998,6.549770701892653e-14
4406.499999999998,6.55007416115335e-14
4406.999999999998,6.550392177845451e-14
4407.499999999998,6.550505799541605e-14
4407.999999999998,6.550047852111438e-14
4408.499999999998,6.549728197386006e-14
4408.999999999998,6.549525835856166e-14
4409.499999999998,6.549890949365566e-14
4409.999999999998,6.549988589585306e-14
4410.499999999998,6.550775613139798e-14
4410.999999999998,6.550267083170805e-14
4411.499999999998,6.550871880117468e-14
4411.999999999998,6.551884319845893e-14
4412.499999999998,6.553271870464094e-14
4412.999999999998,6.554328048950591e-14
4413.499999999998,6.555300718525925e-14
4413.999999999998,6.556679009677907e-14
4414.499999999998,6.557980323271445e-14
4414.999999999998,6.559432423510173e-14
4415.499999999998,6.560451362873437e-14
4415.999999999998,6.56168807482841e-14
4416.499999999998,6.563287090190883e-14
4416.999999999998,6.563363104888958e-14
4417.499999999998,6.564278921356938e-14
4417.999999999998,6.565796519991928e-14
4418.499999999998,6.566968141118733e-14
4418.999999999998,6.569002599272171e-14
4419.499999999998,6.5708520394934e-14
4419.999999999998,6.572543614798041e-14
4420.499999999998,6.572871867204376e-14
4420.999999999998,6.575169626410982e-14
4421.499999999998,6.577110376846138e-14
4421.999999999998,6.579911175887725e-14
4422.499999999998,6.5827892079804e-14
4422.999999999998,6.585074732780949e-14
4423.499999999998,6.587667643027423e-14
4423.999999999998,6.590166891509475e-14
4424.499999999998,6.592632672510039e-14
4424.999999999998,6.596157344843249e-14
4425.499999999998,6.599394649066902e-14
4425.999999999998,6.602324301765431e-14
4426.499999999998,6.605962936497683e-14
4426.999999999998,6.61041868787642e-14
4427.499999999998,6.615016540633814e-14
4427.999999999998,6.620259702718418e-14
4428.499999999998,6.624972368550228e-14
4428.999999999998,6.630367095762105e-14
4429.499999999998,6.635419035296135e-14
4429.999999999998,6.641485030865262e-14
4430.499999999998,6.645487835184109e-14
4430.999999999998,6.650350972410114e-14
4431.499999999998,6.655998205687869e-14
4431.999999999998,6.662492327667533e-14
4432.499999999998,6.668262811291393e-14
4432.999999999998,6.673664156267749e-14
4433.499999999998,6.680522646995955e-14
4433.999999999998,6.685785470487285e-14
4434.499999999998,6.690677613758109e-14
4434.999999999998,6.696055858580107e-14
4435.499999999998,6.702916314063181e-14
4435.999999999998,6.708858924772699e-14
4436.499999999998,6.715566518360059e-14
4436.999999999998,6.721649895876076e-14
4437.499999999998,6.728279535954917e-14
4437.999999999998,6.735177103917067e-14
4438.499999999998,6.741329232575065e-14
4438.999999999998,6.748221890457923e-14
4439.499999999998,6.754833560125339e-14
4439.999999999998,6.761477418139309e-14
4440.499999999998,6.76829328312224e-14
4440.999999999998,6.77589111817691e-14
4441.499999999998,6.783072853256239e-14
4441.999999999998,6.789987735225238e-14
4442.499999999998,6.797528346636072e-14
4442.999999999998,6.80436030377515e-14
4443.499999999998,6.81130358172056e-14
4443.999999999998,6.818442753867796e-14
4444.499999999998,6.825718572028824e-14
4444.999999999998,6.832515042904274e-14
4445.499999999998,6.83913949732558e-14
4445.999999999998,6.845872518900411e-14
4446.499999999998,6.854003496709993e-14
4446.999999999998,6.861434394242282e-14
4447.499999999998,6.867858159971727e-14
4447.999999999998,6.875400033843347e-14
4448.499999999998,6.882151477435154e-14
4448.999999999998,6.888960155186297e-14
4449.499999999998,6.895762867887821e-14
4449.999999999998,6.903193559035608e-14
4450.499999999998,6.910481007564608e-14
4450.999999999998,6.916913507071924e-14
4451.499999999998,6.923980421494898e-14
4451.999999999998,6.930939677605688e-14
4452.499999999998,6.93772607521694e-14
4452.999999999998,6.944637585646719e-14
4453.499999999998,6.950089905814939e-14
4453.999999999998,6.956268666632966e-14
4454.499999999998,6.962398844293644e-14
4454.999999999998,6.968538355505177e-14
4455.499999999998,6.973855354130246e-14
4455.999999999998,6.978583536275803e-14
4456.499999999998,6.982698871779617e-14
4456.999999999998,6.986581850407672e-14
4457.499999999998,6.990654026200149e-14
4457.999999999998,6.993151159898687e-14
4458.499999999998,6.99624519779805e-14
4458.999999999998,6.99917679575507e-14
4459.499999999998,7.00052032387866e-14
4459.999999999998,7.002329610019759e-14
4460.499999999998,7.004122830636749e-14
4460.999999999998,7.005290169294847e-14
4461.499999999998,7.005732716573546e-14
4461.999999999998,7.006358851628027e-14
4462.499999999998,7.006589981748049e-14
4462.999999999998,7.00668773935032e-14
4463.499999999998,7.00672886493479e-14
4463.999999999998,7.005986375826262e-14
4464.499999999998,7.005037951702494e-14
4464.999999999998,7.002451191188475e-14
4465.499999999998,7.0005256115278e-14
4465.999999999998,6.998417184440663e-14
4466.499999999998,6.996202977256525e-14
4466.999999999998,6.992935979503432e-14
4467.499999999998,6.990321206432143e-14
4467.999999999998,6.986784496201501e-14
4468.499999999998,6.983954613742057e-14
4468.999999999998,6.98055854423206e-14
4469.499999999998,6.976782295187542e-14
4469.999999999998,6.972865651332434e-14
4470.499999999998,6.969600290413778e-14
4470.999999999998,6.965762973417349e-14
4471.499999999998,6.96146653821303e-14
4471.999999999998,6.957037021132147e-14
4472.499999999998,6.95281041016586e-14
4472.999999999998,6.949009489857452e-14
4473.499999999998,6.94531177422766e-14
4473.999999999998,6.942151016483173e-14
4474.499999999998,6.938629433759716e-14
4474.999999999998,6.934367707689041e-14
4475.499999999998,6.930288462535163e-14
4475.999999999998,6.926783345525084e-14
4476.499999999998,6.923850856225182e-14
4476.999999999998,6.920631478928623e-14
4477.499999999998,6.916454498634802e-14
4477.999999999998,6.912702268946871e-14
4478.499999999998,6.909621928158555e-14
4478.999999999998,6.905400706107013e-14
4479.499999999998,6.90285673080809e-14
4479.999999999998,6.899866995199574e-14
4480.499999999998,6.896857887661365e-14
4480.999999999998,6.893615601366309e-14
4481.499999999998,6.890005326583741e-14
4481.999999999998,6.887317696208688e-14
4482.499999999998,6.884386330568638e-14
4482.999999999998,6.88148744855101e-14
4483.499999999998,6.878077155382343e-14
4483.999999999998,6.874195414907103e-14
4484.499999999998,6.870950289013125e-14
4484.999999999998,6.867714400643348e-14
4485.499999999998,6.864967683781054e-14
4485.999999999998,6.860925495672295e-14
4486.499999999998,6.857811865867606e-14
4486.999999999998,6.854800690509502e-14
4487.499999999998,6.851830229534371e-14
4487.999999999998,6.847971478430561e-14
4488.499999999998,6.843677788221429e-14
4488.999999999998,6.840345379733951e-14
4489.499999999998,6.836951742958441e-14
4489.999999999998,6.832812019901959e-14
4490.499999999998,6.828213426475138e-14
4490.999999999998,6.823492836312184e-14
4491.499999999998,6.819080823653115e-14
4491.999999999998,6.814784463791305e-14
4492.499999999998,6.809970178988609e-14
4492.999999999998,6.805244219631283e-14
4493.499999999998,6.800035786313986e-14
4493.999999999998,6.794755448069434e-14
4494.499999999998,6.789212477025295e-14
4494.999999999998,6.783778841842384e-14
4495.499999999998,6.777589772861083e-14
4495.999999999998,6.772133633282233e-14
4496.499999999998,6.767890932397646e-14
4496.999999999998,6.762357400623697e-14
4497.499999999998,6.756738990627046e-14
4497.999999999998,6.750650962317765e-14
4498.499999999998,6.745133840147376e-14
4498.999999999998,6.738682667024232e-14
4499.499999999998,6.733336380169632e-14
4499.999999999998,6.728133445904554e-14
4500.499999999998,6.723572248584162e-14
4500.999999999998,6.718836076283871e-14
4501.499999999998,6.713584049691683e-14
4501.999999999998,6.708425303653002e-14
4502.499999999998,6.703901031745102e-14
4502.999999999998,6.700035975716288e-14
4503.499999999998,6.696280649888797e-14
4503.999999999998,6.691992628396299e-14
4504.499999999998,6.688052651259559e-14
4504.999999999998,6.685263133125044e-14
4505.499999999998,6.682678747123908e-14
4505.999999999998,6.68026324675337e-14
4506.499999999998,6.678190519325922e-14
4506.999999999998,6.677326735518654e-14
4507.499999999998,6.676226068145436e-14
4507.999999999998,6.675495560556533e-14
4508.499999999998,6.674962452701178e-14
4508.999999999998,6.675263007550407e-14
4509.499999999998,6.67573262140862e-14
4509.999999999998,6.676460038008008e-14
4510.499999999998,6.677463156973708e-14
4510.999999999998,6.679138423262804e-14
4511.499999999998,6.681387598803579e-14
4511.999999999998,6.683630395538991e-14
4512.499999999998,6.686235118613253e-14
4512.999999999998,6.688501166178041e-14
4513.499999999998,6.691190997125075e-14
4513.999999999998,6.69474095876444e-14
4514.499999999998,6.698862924770564e-14
4514.999999999998,6.702814768847033e-14
4515.499999999998,6.707598034287261e-14
4515.999999999998,6.712064313498711e-14
4516.499999999998,6.716100489408158e-14
4516.999999999998,6.721217265441769e-14
4517.499999999998,6.725567664628248e-14
4517.999999999998,6.729805967351341e-14
4518.499999999998,6.735123641528442e-14
4518.999999999998,6.73973934348006e-14
4519.499999999998,6.745214635458963e-14
4519.999999999998,6.75018454831366e-14
4520.499999999998,6.754999846289284e-14
4520.999999999998,6.760093356560249e-14
4521.499999999998,6.764981541962639e-14
4521.999999999998,6.770128393637197e-14
4522.499999999998,6.774904912619302e-14
4522.999999999998,6.779174211528797e-14
4523.499999999998,6.783622168135397e-14
4523.999999999998,6.788660491845333e-14
4524.499999999998,6.793516025484992e-14
4524.999999999998,6.798076448836523e-14
4525.499999999998,6.8012803033351e-14
4525.999999999998,6.80558248485861e-14
4526.499999999998,6.808744683578534e-14
4526.999999999998,6.811930102271918e-14
4527.499999999998,6.81494954979646e-14
4527.999999999998,6.816503636756247e-14
4528.499999999998,6.818407231258758e-14
4528.999999999998,6.819681496528329e-14
4529.499999999998,6.821161887441077e-14
4529.999999999998,6.8213682937889e-14
4530.499999999998,6.820808980477991e-14
4530.999999999998,6.820310466156174e-14
4531.499999999998,6.819612427724925e-14
4531.999999999998,6.819847286233374e-14
4532.499999999998,6.818830815473668e-14
4532.999999999998,6.817349606259928e-14
4533.499999999998,6.815367890056011e-14
4533.999999999998,6.813696448894867e-14
4534.499999999998,6.81141446495087e-14
4534.999999999998,6.808725637122545e-14
4535.499999999998,6.806555319857917e-14
4535.999999999998,6.803412926166545e-14
4536.499999999998,6.799872008706216e-14
4536.999999999998,6.79694136029703e-14
4537.499999999998,6.793366648863375e-14
4537.999999999998,6.790191185046431e-14
4538.499999999998,6.787144059174068e-14
4538.999999999998,6.784477812853569e-14
4539.499999999998,6.781657909371318e-14
4539.999999999998,6.77853481960555e-14
4540.499999999998,6.77586200173935e-14
4540.999999999998,6.772570119269041e-14
4541.499999999998,6.769233740220655e-14
4541.999999999998,6.766780587716015e-14
4542.499999999998,6.763275922431278e-14
4542.999999999998,6.759917585619716e-14
4543.499999999998,6.756766821649027e-14
4543.999999999998,6.754497333598191e-14
4544.499999999998,6.751091087992106e-14
4544.999999999998,6.749311004912543e-14
4545.499999999998,6.746691877671727e-14
4545.999999999998,6.744156586220763e-14
4546.499999999998,6.741009767777577e-14
4546.999999999998,6.737690897503516e-14
4547.499999999998,6.734804879343401e-14
4547.999999999998,6.732190082248489e-14
4548.499999999998,6.729313368193227e-14
4548.999999999998,6.726228603501264e-14
4549.499999999998,6.724069523907564e-14
4549.999999999998,6.720220535292442e-14
4550.499999999998,6.717408754897472e-14
4550.999999999998,6.71384202832247e-14
4551.499999999998,6.710179507484704e-14
4551.999999999998,6.706730736184107e-14
4552.499999999998,6.703474793346588e-14
4552.999999999998,6.698942715022379e-14
4553.499999999998,6.694322123755205e-14
4553.999999999998,6.690062488345568e-14
4554.499999999998,6.685939089305843e-14
4554.999999999998,6.681519742059664e-14
4555.499999999998,6.676549649779254e-14
4555.999999999998,6.672187902981625e-14
4556.499999999998,6.667980553210356e-14
4556.999999999998,6.663156021934616e-14
4557.499999999998,6.658744602021565e-14
4557.999999999998,6.654632275103405e-14
4558.499999999998,6.650412810011904e-14
4558.999999999998,6.645466798722711e-14
4559.499999999998,6.640988305509225e-14
4559.999999999998,6.636427328458445e-14
4560.499999999998,6.63270844130806e-14
4560.999999999998,6.629474346007327e-14
4561.499999999997,6.626199417971639e-14
4561.999999999998,6.622737208006154e-14
4562.499999999998,6.619236481133458e-14
4562.999999999998,6.617212620468168e-14
4563.499999999998,6.614649973686672e-14
4563.999999999998,6.611867606411536e-14
4564.499999999998,6.609455254663e-14
4564.999999999998,6.60735505928166e-14
4565.499999999998,6.606211095365224e-14
4565.999999999998,6.604489963747526e-14
4566.499999999998,6.602709308803376e-14
4566.999999999998,6.60196161437252e-14
4567.499999999998,6.600647147348002e-14
4567.999999999998,6.600441732559699e-14
4568.499999999998,6.599498676106892e-14
4568.999999999998,6.599129807050469e-14
4569.499999999998,6.599217145650717e-14
4569.999999999998,6.599877275874664e-14
4570.499999999998,6.601126921351113e-14
4570.999999999998,6.60178769758916e-14
4571.499999999998,6.602933394592683e-14
4571.999999999998,6.604081073970058e-14
4572.499999999998,6.60598146836772e-14
4572.999999999998,6.608473409855354e-14
4573.499999999998,6.611289160828956e-14
4573.999999999998,6.613817117478534e-14
4574.499999999998,6.616518717290638e-14
4574.999999999998,6.619294952500821e-14
4575.499999999998,6.622695090350225e-14
4575.999999999998,6.626164748377814e-14
4576.499999999998,6.629630160930888e-14
4576.999999999998,6.633109683321141e-14
4577.499999999998,6.636813002372188e-14
4577.999999999998,6.64046705064333e-14
4578.499999999998,6.644792342442687e-14
4578.999999999998,6.649011557265261e-14
4579.499999999998,6.652812405071003e-14
4579.999999999998,6.655755694613968e-14
4580.499999999998,6.65950914415474e-14
4580.999999999998,6.663296660633805e-14
4581.499999999998,6.667360734271895e-14
4581.999999999998,6.671168625759454e-14
4582.499999999998,6.67454243072809e-14
4582.999999999998,6.677694117000976e-14
4583.499999999998,6.680895921948129e-14
4583.999999999998,6.684040244562178e-14
4584.499999999998,6.68668695274792e-14
4584.999999999998,6.688680304146454e-14
4585.499999999998,6.690456494224443e-14
4585.999999999998,6.69186662357518e-14
4586.499999999998,6.693766655826903e-14
4586.999999999998,6.694597688920018e-14
4587.499999999998,6.696174577585104e-14
4587.999999999998,6.69770797795483e-14
4588.499999999998,6.698475648123861e-14
4588.999999999998,6.699110385611395e-14
4589.499999999998,6.699770877634691e-14
4589.999999999998,6.700227620642908e-14
4590.499999999998,6.700538611289917e-14
4590.999999999998,6.700418038064207e-14
4591.499999999998,6.699863522408814e-14
4591.999999999998,6.699485007746421e-14
4592.499999999998,6.699124882050738e-14
4592.999999999998,6.698155864100783e-14
4593.499999999998,6.696894408636872e-14
4593.999999999998,6.69544763725721e-14
4594.499999999998,6.694082708167615e-14
4594.999999999998,6.6926123053906e-14
4595.499999999998,6.691178542416299e-14
4595.999999999998,6.688667698263888e-14
4596.499999999998,6.686171431430508e-14
4596.999999999998,6.684393509552e-14
4597.499999999998,6.68226693499508e-14
4597.999999999998,6.680088852338803e-14
4598.499999999998,6.677676313563829e-14
4598.999999999998,6.675604079401921e-14
4599.499999999998,6.672942116817266e-14
4599.999999999998,6.670901221668993e-14
4600.499999999998,6.668814842091816e-14
4600.999999999998,6.667039060915628e-14
4601.499999999998,6.664275423599611e-14
4601.999999999998,6.662238228620621e-14
4602.499999999998,6.659868953321483e-14
4602.999999999998,6.657567879937821e-14
4603.499999999998,6.655578192800148e-14
4603.999999999998,6.652825813858735e-14
4604.499999999998,6.650574265307458e-14
4604.999999999998,6.648167768303679e-14
4605.499999999998,6.645567265619926e-14
4605.999999999998,6.643058474945759e-14
4606.499999999998,6.641326017096219e-14
4606.999999999998,6.639882388677413e-14
4607.499999999998,6.638277862531382e-14
4607.999999999998,6.636318308220502e-14
4608.499999999998,6.635056822103383e-14
4608.999999999998,6.633805148501346e-14
4609.499999999998,6.633443847627361e-14
4609.999999999998,6.632241839005338e-14
4610.499999999998,6.631341242991248e-14
4610.999999999998,6.631078406019026e-14
4611.499999999998,6.630948836456679e-14
4611.999999999998,6.630785678626398e-14
4612.499999999998,6.631041206189885e-14
4612.999999999998,6.631218454520609e-14
4613.499999999998,6.631938173069435e-14
4613.999999999998,6.631620641709767e-14
4614.499999999998,6.63246125501407e-14
4614.999999999998,6.633164359874666e-14
4615.499999999998,6.634086066983517e-14
4615.999999999998,6.634404607912885e-14
4616.499999999998,6.635387225261444e-14
4616.999999999998,6.636377295996445e-14
4617.499999999998,6.63736793837324e-14
4617.999999999997,6.638356686755757e-14
4618.499999999998,6.63907956630989e-14
4618.999999999998,6.640134672401598e-14
4619.499999999998,6.641342980515069e-14
4619.999999999998,6.642683243081295e-14
4620.499999999998,6.64369151544451e-14
4620.999999999998,6.644495018625302e-14
4621.499999999998,6.64587469761711e-14
4621.999999999998,6.64676258503778e-14
4622.499999999998,6.648251270379434e-14
4622.999999999998,6.649369384611105e-14
4623.499999999998,6.651073253072004e-14
4623.999999999998,6.652677599895761e-14
4624.499999999998,6.65452193184242e-14
4624.999999999998,6.656659196137502e-14
4625.499999999998,6.658511025219063e-14
4625.999999999998,6.66044324094545e-14
4626.499999999998,6.662410852541471e-14
4626.999999999998,6.664806416421586e-14
4627.499999999998,6.667116816673575e-14
4627.999999999998,6.670009803921018e-14
4628.499999999998,6.672437842689465e-14
4628.999999999998,6.675097013289716e-14
4629.499999999998,6.67788319447514e-14
4629.999999999998,6.680975745320471e-14
4630.499999999998,6.683777790878955e-14
4630.999999999998,6.686338400968514e-14
4631.499999999998,6.68915710060698e-14
4631.999999999997,6.691836929569334e-14
4632.499999999998,6.694770925246915e-14
4632.999999999998,6.697469337806257e-14
4633.499999999998,6.700287475405932e-14
4633.999999999998,6.703400821562187e-14
4634.499999999998,6.706544418873291e-14
4634.999999999998,6.709736920257629e-14
4635.499999999998,6.71326380447625e-14
4635.999999999998,6.716970618887819e-14
4636.499999999998,6.720937867883523e-14
4636.999999999998,6.723539563231252e-14
4637.499999999998,6.727103490639444e-14
4637.999999999998,6.730653365673475e-14
4638.499999999998,6.734224401789313e-14
4638.999999999998,6.737202771078909e-14
4639.499999999998,6.740310525202703e-14
4639.999999999998,6.743988606829341e-14
4640.499999999998,6.747303327287414e-14
4640.999999999998,6.750422332551958e-14
4641.499999999998,6.754152182431828e-14
4641.999999999998,6.756805679235473e-14
4642.499999999998,6.759366531992717e-14
4642.999999999998,6.762973804914088e-14
4643.499999999998,6.766399274921924e-14
4643.999999999998,6.769463146009712e-14
4644.499999999998,6.772599042365817e-14
4644.999999999998,6.775571121018743e-14
4645.499999999998,6.778808098094298e-14
4645.999999999998,6.783011767492447e-14
4646.499999999998,6.785623478489042e-14
4646.999999999998,6.788834975414444e-14
4647.499999999998,6.790971764328531e-14
4647.999999999998,6.793225382801904e-14
4648.499999999998,6.794814874232351e-14
4648.999999999998,6.796558570867523e-14
4649.499999999998,6.799090080743138e-14
4649.999999999998,6.801287852444784e-14
4650.499999999998,6.803179176511007e-14
4650.999999999998,6.805080420247941e-14
4651.499999999998,6.8063766123929e-14
4651.999999999998,6.807877572086694e-14
4652.499999999998,6.808272413768131e-14
4652.999999999998,6.809836069277125e-14
4653.499999999998,6.810972769765409e-14
4653.999999999998,6.811896901375822e-14
4654.499999999998,6.813681636201425e-14
4654.999999999998,6.814025234111132e-14
4655.499999999998,6.815044638453138e-14
4655.999999999998,6.815845858788166e-14
4656.499999999998,6.816487892829042e-14
4656.999999999998,6.817728364850311e-14
4657.499999999998,6.818368630812537e-14
4657.999999999998,6.819739402969809e-14
4658.499999999998,6.820440299527097e-14
4658.999999999998,6.820828696647056e-14
4659.499999999998,6.822013726436268e-14
4659.999999999998,6.822515954110439e-14
4660.499999999998,6.823639965106818e-14
4660.999999999998,6.824384646717073e-14
4661.499999999998,6.825157598359709e-14
4661.999999999998,6.825829124335224e-14
4662.499999999998,6.825868391650451e-14
4662.999999999998,6.826976528890127e-14
4663.499999999998,6.827792249267842e-14
4663.999999999998,6.828248760499754e-14
4664.499999999998,6.828413913075186e-14
4664.999999999998,6.828834129164453e-14
4665.499999999998,6.828759117741011e-14
4665.999999999998,6.828815581754308e-14
4666.499999999998,6.828902543197259e-14
4666.999999999998,6.828892866462224e-14
4667.499999999998,6.828791929203346e-14
4667.999999999998,6.828520581732326e-14
4668.499999999998,6.827634603120321e-14
4668.999999999998,6.826613822215606e-14
4669.499999999998,6.825344572338249e-14
4669.999999999998,6.824260590843527e-14
4670.499999999998,6.82248741229169e-14
4670.999999999998,6.820874438835639e-14
4671.499999999998,6.819062128686951e-14
4671.999999999998,6.817388678215924e-14
4672.499999999998,6.815399794402656e-14
4672.999999999998,6.81317475133152e-14
4673.499999999998,6.810320469309691e-14
4673.999999999998,6.807299151353463e-14
4674.499999999997,6.804876837950781e-14
4674.999999999998,6.802442249933797e-14
4675.499999999998,6.799947800705649e-14
4675.999999999998,6.797271706874439e-14
4676.499999999998,6.794562439737089e-14
4676.999999999998,6.791568329279993e-14
4677.499999999998,6.788892490044852e-14
4677.999999999998,6.786284808634565e-14
4678.499999999998,6.783820418156595e-14
4678.999999999998,6.780777635275811e-14
4679.499999999998,6.778064514724012e-14
4679.999999999998,6.775189548878534e-14
4680.499999999998,6.77285823595265e-14
4680.999999999998,6.770220624903176e-14
4681.499999999998,6.767699708873169e-14
4681.999999999998,6.765482178253273e-14
4682.499999999998,6.763132266435766e-14
4682.999999999998,6.760788852733715e-14
4683.499999999998,6.758069634909806e-14
4683.999999999998,6.755146927338545e-14
4684.499999999998,6.753126682345669e-14
4684.999999999998,6.751004880910155e-14
4685.499999999998,6.749400325634692e-14
4685.999999999998,6.74775489311141e-14
4686.499999999998,6.745906686603086e-14
4686.999999999998,6.744147110148656e-14
4687.499999999998,6.742740608057263e-14
4687.999999999998,6.74138568069793e-14
4688.499999999997,6.740137740840238e-14
4688.999999999998,6.738624409612213e-14
4689.499999999998,6.737214692968033e-14
4689.999999999998,6.736476522196146e-14
4690.499999999998,6.735215529987571e-14
4690.999999999998,6.733740744107941e-14
4691.499999999998,6.732931432386942e-14
4691.999999999998,6.73266459854208e-14
4692.499999999998,6.732204229989786e-14
4692.999999999998,6.732108327513536e-14
4693.499999999998,6.731625353817827e-14
4693.999999999998,6.731911834597447e-14
4694.499999999998,6.731751933035664e-14
4694.999999999998,6.731392523095657e-14
4695.499999999998,6.731468616533967e-14
4695.999999999998,6.731872407234038e-14
4696.499999999998,6.732092268725652e-14
4696.999999999998,6.732805626312257e-14
4697.499999999998,6.732982537126015e-14
4697.999999999998,6.733242170223373e-14
4698.499999999998,6.733146973669212e-14
4698.999999999998,6.73346451752511e-14
4699.499999999998,6.733434982307058e-14
4699.999999999998,6.732920817260392e-14
4700.499999999998,6.732135076511391e-14
4700.999999999998,6.731446094581384e-14
4701.499999999998,6.730350705111516e-14
4701.999999999998,6.729114979864927e-14
4702.499999999997,6.72834430999725e-14
4702.999999999998,6.726796888735396e-14
4703.499999999998,6.724572115184396e-14
4703.999999999998,6.722114364197647e-14
4704.499999999998,6.720184265058292e-14
4704.999999999998,6.7173855218428e-14
4705.499999999998,6.71434203168318e-14
4705.999999999998,6.711035855865308e-14
4706.499999999998,6.707883966565313e-14
4706.999999999998,6.705120787389923e-14
4707.499999999998,6.700723089243985e-14
4707.999999999998,6.696400589474423e-14
4708.499999999998,6.692002720247084e-14
4708.999999999998,6.687336120152695e-14
4709.499999999998,6.682985335838891e-14
4709.999999999998,6.677692911324982e-14
4710.499999999998,6.672556802080318e-14
4710.999999999998,6.667434234493242e-14
4711.499999999998,6.662196245078262e-14
4711.999999999998,6.656680530217342e-14
4712.499999999998,6.65069894786811e-14
4712.999999999998,6.644932520480173e-14
4713.499999999998,6.639841851204326e-14
4713.999999999998,6.633826977116995e-14
4714.499999999998,6.627978522695555e-14
4714.999999999998,6.622076648136889e-14
4715.499999999998,6.616679252005324e-14
4715.999999999998,6.6113466404466e-14
4716.499999999998,6.606070861363813e-14
4716.999999999998,6.601185514265626e-14
4717.499999999998,6.595657484626066e-14
4717.999999999998,6.590419195671604e-14
4718.499999999998,6.585482908832585e-14
4718.999999999998,6.580503293461684e-14
4719.499999999998,6.575927717772676e-14
4719.999999999998,6.571365961144805e-14
4720.499999999998,6.566851125066957e-14
4720.999999999998,6.562341212711269e-14
4721.499999999998,6.558361526178093e-14
4721.999999999998,6.554762382232421e-14
4722.499999999998,6.551382188480008e-14
4722.999999999998,6.5479387986849e-14
4723.499999999998,6.54476312847566e-14
4723.999999999998,6.542073600905007e-14
4724.499999999998,6.539113294906835e-14
4724.999999999998,6.536991351513773e-14
4725.499999999998,6.53522932652212e-14
4725.999999999998,6.532386565021297e-14
4726.499999999998,6.53033192922603e-14
4726.999999999998,6.528192694395961e-14
4727.499999999998,6.526027408486166e-14
4727.999999999998,6.523685335703871e-14
4728.499999999998,6.521107979660951e-14
4728.999999999998,6.519088232135538e-14
4729.499999999998,6.517124259792526e-14
4729.999999999998,6.515522214049023e-14
4730.499999999998,6.51318477729718e-14
4730.999999999997,6.510999325298035e-14
4731.499999999998,6.508860301266582e-14
4731.999999999998,6.506904360017444e-14
4732.499999999998,6.504691038386593e-14
4732.999999999998,6.502489357312447e-14
4733.499999999998,6.500638613280502e-14
4733.999999999998,6.498111789822903e-14
4734.499999999998,6.495645457888098e-14
4734.999999999998,6.493472672069753e-14
4735.499999999998,6.492017164869263e-14
4735.999999999998,6.489436671594715e-14
4736.499999999998,6.487427801960459e-14
4736.999999999998,6.484211566813211e-14
4737.499999999998,6.481268235266929e-14
4737.999999999998,6.478868031466287e-14
4738.499999999998,6.4767209849622e-14
4738.999999999998,6.474373057354875e-14
4739.499999999998,6.47256723925483e-14
4739.999999999998,6.470208853892594e-14
4740.499999999998,6.46775351359637e-14
4740.999999999998,6.465911982693028e-14
4741.499999999998,6.4645256688417e-14
4741.999999999998,6.46231571907644e-14
4742.499999999998,6.460451494082483e-14
4742.999999999998,6.457755140647461e-14
4743.499999999998,6.455504028579747e-14
4743.999999999998,6.453341540690493e-14
4744.499999999998,6.451915399736991e-14
4744.999999999997,6.450988578214455e-14
4745.499999999998,6.449319104603407e-14
4745.999999999998,6.448100722939716e-14
4746.499999999998,6.447280693541489e-14
4746.999999999998,6.44603037571176e-14
4747.499999999998,6.445478769955063e-14
4747.999999999998,6.44428826892053e-14
4748.499999999998,6.44399284282923e-14
4748.999999999998,6.44316438858901e-14
4749.499999999998,6.442249074939414e-14
4749.999999999998,6.441938553624151e-14
4750.499999999998,6.441564386333618e-14
4750.999999999998,6.441258357367995e-14
4751.499999999998,6.440946149014692e-14
4751.999999999998,6.440519685904218e-14
4752.499999999998,6.440628741985507e-14
4752.999999999998,6.440203137000754e-14
4753.499999999998,6.440102417113248e-14
4753.999999999998,6.439788210283213e-14
4754.499999999998,6.439785041645073e-14
4754.999999999998,6.439689815967452e-14
4755.499999999998,6.439631083977505e-14
4755.999999999998,6.439121239662138e-14
4756.499999999998,6.439181619199864e-14
4756.999999999998,6.438086289827967e-14
4757.499999999998,6.437736956248008e-14
4757.999999999998,6.436964098134213e-14
4758.499999999998,6.436561971785087e-14
4758.999999999997,6.436060251855333e-14
4759.499999999998,6.435050164565187e-14
4759.999999999998,6.433226489386984e-14
4760.499999999998,6.43156229405337e-14
4760.999999999998,6.429934150539011e-14
4761.499999999998,6.428976415468254e-14
4761.999999999998,6.426474153547642e-14
4762.499999999998,6.423995736830736e-14
4762.999999999998,6.420913114166827e-14
4763.499999999998,6.418394754753751e-14
4763.999999999998,6.415941732799317e-14
4764.499999999998,6.413010107846208e-14
4764.999999999998,6.410445600255552e-14
4765.499999999998,6.407015224011155e-14
4765.999999999998,6.402861492783568e-14
4766.499999999998,6.398269436937531e-14
4766.999999999998,6.394427301420856e-14
4767.499999999998,6.390741781094192e-14
4767.999999999998,6.385409023301257e-14
4768.499999999998,6.380414359680108e-14
4768.999999999998,6.375186316724189e-14
4769.499999999998,6.37074765899117e-14
4769.999999999997,6.36604601995279e-14
4770.499999999998,6.360835992711836e-14
4770.999999999997,6.356026895614296e-14
4771.499999999997,6.35089969273633e-14
4771.999999999997,6.345396845654915e-14
4772.499999999997,6.340325719279201e-14
4772.999999999997,6.334876310936502e-14
4773.499999999998,6.329348399440106e-14
4773.999999999998,6.323933237142747e-14
4774.499999999998,6.319272930879151e-14
4774.999999999998,6.314934669810616e-14
4775.499999999998,6.310384164860481e-14
4775.999999999998,6.306310173700847e-14
4776.499999999998,6.302081302859963e-14
4776.999999999998,6.297821235428857e-14
4777.499999999998,6.293931895115559e-14
4777.999999999998,6.289996599073873e-14
4778.499999999998,6.285963117464038e-14
4778.999999999998,6.281126982649515e-14
4779.499999999998,6.276706460383863e-14
4779.999999999998,6.272676773581906e-14
4780.499999999998,6.269151104155747e-14
4780.999999999998,6.265381854671506e-14
4781.499999999998,6.26188334104785e-14
4781.999999999998,6.258203410337917e-14
4782.499999999998,6.254757296144677e-14
4782.999999999998,6.251799486154828e-14
4783.499999999998,6.248571241777307e-14
4783.999999999998,6.245438036611505e-14
4784.499999999997,6.24235205134256e-14
4784.999999999998,6.23959690143868e-14
4785.499999999997,6.236405633492642e-14
4785.999999999997,6.233829164360821e-14
4786.499999999997,6.231199818519986e-14
4786.999999999997,6.228284776737047e-14
4787.499999999997,6.225283671904436e-14
4787.999999999998,6.22238222046786e-14
4788.499999999998,6.219225115596234e-14
4788.999999999998,6.216013726849143e-14
4789.499999999998,6.213273132042856e-14
4789.999999999998,6.209919412994652e-14
4790.499999999998,6.207007248833083e-14
4790.999999999998,6.203709705010759e-14
4791.499999999998,6.200516289962958e-14
4791.999999999998,6.197871685905208e-14
4792.499999999998,6.195097415582784e-14
4792.999999999998,6.192492590591453e-14
4793.499999999998,6.189583693413378e-14
4793.999999999998,6.187051849471896e-14
4794.499999999998,6.184956055587578e-14
4794.999999999998,6.182497219655895e-14
4795.499999999998,6.179578070013335e-14
4795.999999999998,6.178389410501443e-14
4796.499999999998,6.175893081327375e-14
4796.999999999997,6.173728856801666e-14
4797.499999999998,6.171687183640324e-14
4797.999999999997,6.169228040789808e-14
4798.499999999998,6.167542480762827e-14
4798.999999999997,6.165543356846378e-14
4799.499999999998,6.163912712114559e-14
4799.999999999997,6.16193898486275e-14
4800.499999999997,6.16058890785249e-14
4800.999999999997,6.159261881454506e-14
4801.499999999997,6.157770713735398e-14
4801.999999999998,6.156149162245351e-14
4802.499999999998,6.154551154955053e-14
4802.999999999998,6.153265606991031e-14
4803.499999999998,6.151747985028557e-14
4803.999999999998,6.15001908454665e-14
4804.499999999998,6.148835279991992e-14
4804.999999999998,6.147624183232099e-14
4805.499999999998,6.145684342814469e-14
4805.999999999998,6.144630171667266e-14
4806.499999999998,6.142959535765335e-14
4806.999999999998,6.141554534363851e-14
4807.499999999998,6.140026635456386e-14
4807.999999999998,6.138654714356868e-14
4808.499999999998,6.137291876105457e-14
4808.999999999998,6.135605461880485e-14
4809.499999999998,6.134496366469419e-14
4809.999999999998,6.133277128072157e-14
4810.499999999998,6.131640846465214e-14
4810.999999999998,6.13083053681318e-14
4811.499999999997,6.129637469380532e-14
4811.999999999998,6.128565055635928e-14
4812.499999999997,6.12751525968565e-14
4812.999999999998,6.126785390356278e-14
4813.499999999997,6.126376780519424e-14
4813.999999999999,6.125883563502393e-14
4814.499999999997,6.125060655195017e-14
4814.999999999997,6.124822858657234e-14
4815.499999999997,6.124521192300686e-14
4815.999999999998,6.124766041372176e-14
4816.499999999998,6.12527865152891e-14
4816.999999999998,6.125411739558383e-14
4817.499999999998,6.125962355521858e-14
4817.999999999998,6.126759740106844e-14
4818.499999999998,6.127604817370029e-14
4818.999999999998,6.129705718813329e-14
4819.499999999998,6.131979481829427e-14
4819.999999999998,6.133420428862823e-14
4820.499999999998,6.135490822136026e-14
4820.999999999998,6.137832365393582e-14
4821.499999999998,6.14063220623009e-14
4821.999999999998,6.143006710412045e-14
4822.499999999998,6.145614285106806e-14
4822.999999999998,6.14862811260184e-14
4823.499999999998,6.151922345615799e-14
4823.999999999998,6.155405460572103e-14
4824.499999999998,6.159138106264352e-14
4824.999999999997,6.162716892869737e-14
4825.499999999998,6.166695966009197e-14
4825.999999999997,6.171054129083929e-14
4826.499999999998,6.175494638791427e-14
4826.999999999997,6.180216707381334e-14
4827.499999999998,6.18496876637079e-14
4827.999999999997,6.189531005579027e-14
4828.499999999997,6.194786204046649e-14
4828.999999999997,6.199937448664919e-14
4829.499999999997,6.205034639937223e-14
4829.999999999998,6.210624957880928e-14
4830.499999999998,6.216693380665124e-14
4830.999999999998,6.222728021683334e-14
4831.499999999998,6.229149060331967e-14
4831.999999999998,6.236002692427978e-14
4832.499999999998,6.242983672901461e-14
4832.999999999998,6.250457237325345e-14
4833.499999999998,6.257382858704682e-14
4833.999999999998,6.265700585099806e-14
4834.499999999998,6.27465268518198e-14
4834.999999999998,6.283206181526302e-14
4835.499999999998,6.292424098161094e-14
4835.999999999998,6.301223650683974e-14
4836.499999999998,6.31117106409851e-14
4836.999999999998,6.32082535377454e-14
4837.499999999998,6.330560809066773e-14
4837.999999999998,6.340090339370191e-14
4838.499999999998,6.351183621606148e-14
4838.999999999998,6.3620669873281e-14
4839.499999999997,6.372367498109463e-14
4839.999999999998,6.383021975690451e-14
4840.499999999997,6.394199714838203e-14
4840.999999999998,6.405911013865516e-14
4841.499999999997,6.417958327076227e-14
4841.999999999998,6.430242463012233e-14
4842.499999999997,6.442603123774329e-14
4842.999999999997,6.455441967067765e-14
4843.499999999997,6.468884133945119e-14
4843.999999999997,6.482299253910228e-14
4844.499999999998,6.495116284187763e-14
4844.999999999998,6.507611183459112e-14
4845.499999999998,6.520540770027304e-14
4845.999999999998,6.53306036039483e-14
4846.499999999998,6.54681724233292e-14
4846.999999999998,6.560709118323655e-14
4847.499999999998,6.573785252410217e-14
4847.999999999998,6.586869002748873e-14
4848.499999999998,6.599833943434098e-14
4848.999999999998,6.611937614597548e-14
4849.499999999998,6.624977609948389e-14
4849.999999999998,6.6375333943568e-14
4850.499999999998,6.649749432109392e-14
4850.999999999998,6.661679490783016e-14
4851.499999999998,6.673290847075953e-14
4851.999999999998,6.684706384281147e-14
4852.499999999998,6.696329989740734e-14
4852.999999999998,6.70743714875128e-14
4853.499999999998,6.718194093457339e-14
4853.999999999997,6.728321845562554e-14
4854.499999999998,6.73770460261737e-14
4854.999999999997,6.747061947844421e-14
4855.499999999998,6.755985142400478e-14
4855.999999999997,6.763980494008062e-14
4856.499999999999,6.771451239095495e-14
4856.999999999997,6.778857986944323e-14
4857.499999999997,6.785275791124673e-14
4857.999999999997,6.791170792093856e-14
4858.499999999998,6.796813232122735e-14
4858.999999999998,6.801451182459269e-14
4859.499999999998,6.805993930845664e-14
4859.999999999998,6.810136915122621e-14
4860.499999999998,6.813350021743688e-14
4860.999999999998,6.815842710078176e-14
4861.499999999998,6.818376101995155e-14
4861.999999999998,6.819014826422281e-14
4862.499999999998,6.819744581837337e-14
4862.999999999998,6.819741973918688e-14
4863.499999999998,6.818763277617241e-14
4863.999999999998,6.817521350980969e-14
4864.499999999998,6.816378119302793e-14
4864.999999999998,6.813477250768197e-14
4865.499999999998,6.810941084359546e-14
4865.999999999998,6.806662639510809e-14
4866.499999999998,6.802276715710976e-14
4866.999999999998,6.79670837468564e-14
4867.499999999997,6.79104856521419e-14
4867.999999999998,6.784222808431543e-14
4868.499999999997,6.776918485232303e-14
4868.999999999998,6.769556504244549e-14
4869.499999999997,6.761267760467829e-14
4869.999999999998,6.752253991727412e-14
4870.499999999997,6.74192570561182e-14
4870.999999999997,6.731110592437599e-14
4871.499999999997,6.720014189565315e-14
4871.999999999997,6.708914296461095e-14
4872.499999999998,6.696547293351692e-14
4872.999999999998,6.684596598231997e-14
4873.499999999998,6.672333323167592e-14
4873.999999999998,6.659596362558546e-14
4874.499999999998,6.646207499818193e-14
4874.999999999998,6.632625590328665e-14
4875.499999999998,6.618925608388963e-14
4875.999999999998,6.60532889810662e-14
4876.499999999998,6.591096492289872e-14
4876.999999999998,6.576978800439785e-14
4877.499999999998,6.562147564938468e-14
4877.999999999998,6.546783927692801e-14
4878.499999999998,6.531521348496127e-14
4878.999999999998,6.516344088535167e-14
4879.499999999998,6.501391372991752e-14
4879.999999999998,6.487225492470258e-14
4880.499999999998,6.472439990462177e-14
4880.999999999998,6.457251431065722e-14
4881.499999999998,6.442710794420599e-14
4881.999999999997,6.42766621569622e-14
4882.499999999998,6.412153377214707e-14
4882.999999999997,6.397858226850813e-14
4883.499999999998,6.383308428439129e-14
4883.999999999997,6.368813185361089e-14
4884.499999999998,6.354547464708114e-14
4884.999999999997,6.340320986239973e-14
4885.499999999997,6.326278226171505e-14
4885.999999999997,6.312252393103305e-14
4886.499999999997,6.298902166845359e-14
4886.999999999998,6.285113584921385e-14
4887.499999999998,6.27223442128065e-14
4887.999999999998,6.259631549333601e-14
4888.499999999998,6.24648237529766e-14
4888.999999999998,6.232926807282666e-14
4889.499999999998,6.219392160871153e-14
4889.999999999998,6.20624584331263e-14
4890.499999999998,6.193255537861496e-14
4890.999999999998,6.180593720130175e-14
4891.499999999998,6.169156386757268e-14
4891.999999999998,6.156526628356877e-14
4892.499999999998,6.144119338575692e-14
4892.999999999998,6.132812821257248e-14
4893.499999999998,6.12208369674251e-14
4893.999999999998,6.110944407891396e-14
4894.499999999998,6.100684856153658e-14
4894.999999999998,6.090505544161898e-14
4895.499999999997,6.080279437053782e-14
4895.999999999998,6.070901481322736e-14
4896.499999999997,6.061692541715153e-14
4896.999999999998,6.052869323679039e-14
4897.499999999997,6.044130092198093e-14
4897.999999999998,6.036196479441557e-14
4898.499999999997,6.028308097539199e-14
4898.999999999997,6.021842332494704e-14
4899.499999999997,6.015771926094318e-14
4899.999999999997,6.009981110189091e-14
4900.499999999997,6.004709710599653e-14
4900.999999999998,6.000076550568882e-14
4901.499999999998,5.995332952608535e-14
4901.999999999998,5.990703800812403e-14
4902.499999999998,5.98689948499701e-14
4902.999999999998,5.983416793904331e-14
4903.499999999998,5.980607813707349e-14
4903.999999999998,5.978362000422379e-14
4904.499999999998,5.976382460034984e-14
4904.999999999998,5.974726817825583e-14
4905.499999999998,5.973244990641275e-14
4905.999999999998,5.972043001091295e-14
4906.499999999998,5.970873444459886e-14
4906.999999999998,5.970599646593853e-14
4907.499999999998,5.970223033385249e-14
4907.999999999998,5.970712587401049e-14
4908.499999999998,5.970823106522842e-14
4908.999999999998,5.971096488370398e-14
4909.499999999998,5.972063649567868e-14
4909.999999999997,5.972597924051906e-14
4910.499999999998,5.973868394933231e-14
4910.999999999997,5.975036917467232e-14
4911.499999999998,5.976034584778373e-14
4911.999999999997,5.97798904486261e-14
4912.499999999998,5.979738913551105e-14
4912.999999999997,5.981836280437694e-14
4913.499999999997,5.982987057656953e-14
4913.999999999997,5.984650482735134e-14
4914.499999999997,5.986235780633687e-14
4914.999999999998,5.988041732145323e-14
4915.499999999998,5.990211488425912e-14
4915.999999999998,5.991714292180921e-14
4916.499999999998,5.993658797235952e-14
4916.999999999998,5.995475648598058e-14
4917.499999999998,5.99684585176082e-14
4917.999999999998,5.998340904594125e-14
4918.499999999998,5.999611082933263e-14
4918.999999999998,6.000931293563096e-14
4919.499999999998,6.001546947556854e-14
4919.999999999998,6.002232918205837e-14
4920.499999999998,6.003011303473313e-14
4920.999999999998,6.003361739333657e-14
4921.499999999998,6.003360618683929e-14
4921.999999999998,6.003047071327844e-14
4922.499999999998,6.002466698391646e-14
4922.999999999998,6.001276845747481e-14
4923.499999999998,6.000470585059793e-14
4923.999999999998,5.998241390834558e-14
4924.499999999997,5.996510867605349e-14
4924.999999999998,5.993999329302446e-14
4925.499999999997,5.991324209792963e-14
4925.999999999998,5.989198446961451e-14
4926.499999999997,5.986927207935909e-14
4926.999999999999,5.983945352635476e-14
4927.499999999997,5.980908932198608e-14
4927.999999999997,5.977802150569668e-14
4928.499999999997,5.974531435970311e-14
4928.999999999998,5.971455748005593e-14
4929.499999999998,5.968508250810932e-14
4929.999999999998,5.965547406212289e-14
4930.499999999998,5.962787989333671e-14
4930.999999999998,5.95920917951815e-14
4931.499999999998,5.955203360899446e-14
4931.999999999998,5.952236484933008e-14
4932.499999999998,5.948916647385204e-14
4932.999999999998,5.94572302549885e-14
4933.499999999998,5.941878826141374e-14
4933.999999999998,5.937873763933247e-14
4934.499999999998,5.934470583784496e-14
4934.999999999998,5.93024129939352e-14
4935.499999999998,5.92583350301722e-14
4935.999999999998,5.9212777760888e-14
4936.499999999998,5.916531294374323e-14
4936.999999999998,5.912837081103842e-14
4937.499999999998,5.908306700137287e-14
4937.999999999997,5.903950322894783e-14
4938.499999999998,5.899329247683196e-14
4938.999999999997,5.894927805140202e-14
4939.499999999998,5.890049670924387e-14
4939.999999999997,5.885814751792253e-14
4940.499999999998,5.88069547069424e-14
4940.999999999997,5.875942303549729e-14
4941.499999999997,5.871189806034512e-14
4941.999999999997,5.867008534909284e-14
4942.499999999997,5.862248868263107e-14
4942.999999999997,5.857923403918223e-14
4943.499999999998,5.853464754826062e-14
4943.999999999998,5.8492681870452e-14
4944.499999999998,5.845198482589341e-14
4944.999999999998,5.841376545612985e-14
4945.499999999998,5.837499925897162e-14
4945.999999999998,5.833996740470314e-14
4946.499999999998,5.830705919567449e-14
4946.999999999998,5.826930556728415e-14
4947.499999999998,5.823907065050966e-14
4947.999999999998,5.820597900996577e-14
4948.499999999998,5.818560418439534e-14
4948.999999999998,5.816450914810095e-14
4949.499999999998,5.814348206518884e-14
4949.999999999998,5.812192623933511e-14
4950.499999999998,5.810011545474517e-14
4950.999999999998,5.808367826396088e-14
4951.499999999998,5.806971210998725e-14
4951.999999999998,5.805373651375218e-14
4952.499999999997,5.805105254283363e-14
4952.999999999998,5.804016433394776e-14
4953.499999999997,5.802927250403938e-14
4953.999999999998,5.801962152513247e-14
4954.499999999997,5.80134568876126e-14
4954.999999999998,5.800979318682483e-14
4955.499999999997,5.800196267652753e-14
4955.999999999997,5.80034547856571e-14
4956.499999999997,5.80012973556191e-14
4956.999999999997,5.800015112633959e-14
4957.499999999998,5.80031314454087e-14
4957.999999999998,5.80084757930971e-14
4958.499999999998,5.801237855171904e-14
4958.999999999998,5.80149567861429e-14
4959.499999999998,5.80161195383801e-14
4959.999999999998,5.801991927971991e-14
4960.499999999998,5.802252423249116e-14
4960.999999999998,5.802624279741021e-14
4961.499999999998,5.803928216852754e-14
4961.999999999998,5.804188847437359e-14
4962.499999999998,5.805468102485412e-14
4962.999999999998,5.806911501466229e-14
4963.499999999998,5.808520391174698e-14
4963.999999999998,5.810298452348827e-14
4964.499999999998,5.812230556520986e-14
4964.999999999998,5.813551571272618e-14
4965.499999999998,5.815631020807304e-14
4965.999999999997,5.81843329550136e-14
4966.499999999998,5.821328874167674e-14
4966.999999999997,5.824198243345852e-14
4967.499999999998,5.827087793333379e-14
4967.999999999997,5.829917403385437e-14
4968.499999999998,5.833588773351582e-14
4968.999999999997,5.836672874832903e-14
4969.499999999997,5.839892042569735e-14
4969.999999999997,5.843260556229439e-14
4970.499999999997,5.846579987134264e-14
4970.999999999997,5.850243270134554e-14
4971.499999999998,5.853930140770041e-14
4971.999999999998,5.857568617730972e-14
4972.499999999998,5.861401697905993e-14
4972.999999999998,5.865611155001029e-14
4973.499999999998,5.869974693750061e-14
4973.999999999998,5.874482073808809e-14
4974.499999999998,5.879579097024104e-14
4974.999999999998,5.884837948464845e-14
4975.499999999998,5.89008199523702e-14
4975.999999999998,5.894851706273999e-14
4976.499999999998,5.90051588526246e-14
4976.999999999998,5.906069884622395e-14
4977.499999999998,5.911643609369445e-14
4977.999999999998,5.917211393785446e-14
4978.499999999998,5.922304492372239e-14
4978.999999999998,5.928040582220726e-14
4979.499999999998,5.933935638968353e-14
4979.999999999998,5.939815101273217e-14
4980.499999999997,5.945520756251995e-14
4980.999999999998,5.95096053720563e-14
4981.499999999997,5.956166333454335e-14
4981.999999999998,5.961505882191294e-14
4982.499999999997,5.966508324410571e-14
4982.999999999998,5.971185257998794e-14
4983.499999999997,5.976034126908825e-14
4983.999999999997,5.980314172069041e-14
4984.499999999997,5.984160663692342e-14
4984.999999999997,5.988182416196687e-14
4985.499999999998,5.991543121364641e-14
4985.999999999998,5.995083060559972e-14
4986.499999999998,5.998760924067355e-14
4986.999999999998,6.002059108149112e-14
4987.499999999998,6.005863135736664e-14
4987.999999999998,6.009938215283427e-14
4988.499999999998,6.013192006073121e-14
4988.999999999998,6.016818044626081e-14
4989.499999999998,6.019988092745611e-14
4989.999999999998,6.023231826750272e-14
4990.499999999998,6.027160071226647e-14
4990.999999999998,6.030455663992752e-14
4991.499999999998,6.033921774470391e-14
4991.999999999998,6.037553068787906e-14
4992.499999999998,6.041022288824655e-14
4992.999999999998,6.044787632368187e-14
4993.499999999998,6.048044138069587e-14
4993.999999999998,6.051155927383681e-14
4994.499999999998,6.05499278873165e-14
4994.999999999997,6.058522525278625e-14
4995.499999999998,6.062891174118688e-14
4995.999999999997,6.067066422672261e-14
4996.499999999998,6.070662681431943e-14
4996.999999999997,6.074972026960631e-14
4997.499999999998,6.079204206956632e-14
4997.999999999997,6.083236412512647e-14
4998.499999999997,6.087217112345017e-14
4998.999999999997,6.092214801201743e-14
4999.499999999997,6.096364391455738e-14
4999.999999999998,6.100220263737552e-14
5000.499999999998,6.104765785487958e-14
5000.999999999998,6.109580470838082e-14
5001.499999999998,6.113538704200474e-14
5001.999999999998,6.117818260778111e-14
5002.499999999998,6.122292119247295e-14
5002.999999999998,6.126263182243793e-14
5003.499999999998,6.129921818353538e-14
5003.999999999998,6.134151956908685e-14
5004.499999999998,6.137784942173639e-14
5004.999999999998,6.141681024814024e-14
5005.499999999998,6.145487262658135e-14
5005.999999999998,6.148759928992044e-14
5006.499999999998,6.152138366412545e-14
5006.999999999998,6.155285603719756e-14
5007.499999999998,6.158506535601234e-14
5007.999999999998,6.161713603472412e-14
5008.499999999997,6.16412195728131e-14
5008.999999999998,6.166568368289844e-14
5009.499999999997,6.168354623187731e-14
5009.999999999998,6.170518472306952e-14
5010.499999999997,6.172845770611272e-14
5010.999999999998,6.175232160150035e-14
5011.499999999997,6.177441312258467e-14
5011.999999999997,6.178957036476838e-14
5012.499999999997,6.179982312726146e-14
5012.999999999997,6.181538058235653e-14
5013.499999999997,6.182724358157436e-14
5013.999999999998,6.183313319357558e-14
5014.499999999998,6.183347846811238e-14
5014.999999999998,6.18315155507896e-14
5015.499999999998,6.1829489996111e-14
5015.999999999998,6.183391566653651e-14
5016.499999999998,6.182572655499351e-14
5016.999999999998,6.181355791693078e-14
5017.499999999998,6.179797633019276e-14
5017.999999999998,6.178678483683816e-14
5018.499999999998,6.177458028193686e-14
5018.999999999998,6.17584870701838e-14
5019.499999999998,6.173981085332644e-14
5019.999999999998,6.171051473444281e-14
5020.499999999998,6.168937748847717e-14
5020.999999999998,6.166322055779611e-14
5021.499999999998,6.163773797035821e-14
5021.999999999998,6.160999664225091e-14
5022.499999999998,6.157869012805882e-14
5022.999999999997,6.153830797790227e-14
5023.499999999998,6.149984585408367e-14
5023.999999999997,6.146709512610113e-14
5024.499999999998,6.1431639588358e-14
5024.999999999997,6.139648124799204e-14
5025.499999999998,6.135830274910232e-14
5025.999999999997,6.132123474737517e-14
5026.499999999997,6.127812488662014e-14
5026.999999999997,6.124101955171717e-14
5027.499999999997,6.120712344232735e-14
5027.999999999998,6.117126503771953e-14
5028.499999999998,6.113908348763173e-14
5028.999999999998,6.110798008099239e-14
5029.499999999998,6.106898762518554e-14
5029.999999999998,6.103244142637338e-14
5030.499999999998,6.099640685597125e-14
5030.999999999998,6.096311456121788e-14
5031.499999999998,6.093175093600916e-14
5031.999999999998,6.090092199678918e-14
5032.499999999998,6.087074029609686e-14
5032.999999999998,6.084332427215121e-14
5033.499999999998,6.081730100800381e-14
5033.999999999998,6.078410169166574e-14
5034.499999999998,6.076253572145474e-14
5034.999999999998,6.073083289425175e-14
5035.499999999998,6.070306352456066e-14
5035.999999999998,6.066966412124452e-14
5036.499999999997,6.063951782218351e-14
5036.999999999998,6.061074480501166e-14
5037.499999999997,6.057735664123759e-14
5037.999999999998,6.054692023402624e-14
5038.499999999997,6.051564200145774e-14
5038.999999999998,6.048012338806742e-14
5039.499999999997,6.044268514091057e-14
5039.999999999997,6.040900669423973e-14
5040.499999999997,6.037566384991327e-14
5040.999999999997,6.033167606156702e-14
5041.499999999997,6.029319836615082e-14
5041.999999999998,6.02572207829724e-14
5042.499999999998,6.021342172032403e-14
5042.999999999998,6.017274768910028e-14
5043.499999999998,6.012985301790633e-14
5043.999999999998,6.00861321439813e-14
5044.499999999998,6.004107794205112e-14
5044.999999999998,5.999504337454233e-14
5045.499999999998,5.994577153615861e-14
5045.999999999998,5.990267001465523e-14
5046.499999999998,5.985860072842918e-14
5046.999999999998,5.981405075582832e-14
5047.499999999998,5.976934383744023e-14
5047.999999999998,5.972521891593003e-14
5048.499999999998,5.968376550822065e-14
5048.999999999998,5.963816622713764e-14
5049.499999999998,5.959141090339374e-14
5049.999999999998,5.954364436663663e-14
5050.499999999998,5.950027178108373e-14
5050.999999999997,5.946047989853399e-14
5051.499999999998,5.941190210936588e-14
5051.999999999997,5.936724590941093e-14
5052.499999999998,5.932604480084219e-14
5052.999999999997,5.928009208059614e-14
5053.499999999998,5.923706860350368e-14
5053.999999999997,5.919537381513508e-14
5054.499999999997,5.914946964205953e-14
5054.999999999997,5.910321501107213e-14
5055.499999999997,5.906060822638574e-14
5055.999999999997,5.902638554094594e-14
5056.499999999998,5.898665424589377e-14
5056.999999999998,5.895150429665283e-14
5057.499999999998,5.892023288972516e-14
5057.999999999998,5.888757017654208e-14
5058.499999999998,5.886256546362234e-14
5058.999999999998,5.883615622412084e-14
5059.499999999998,5.881237163228922e-14
5059.999999999998,5.879510219636116e-14
5060.499999999998,5.87737913889614e-14
5060.999999999998,5.876020348184525e-14
5061.499999999998,5.874608678728095e-14
5061.999999999998,5.873335509099431e-14
5062.499999999998,5.872257628698407e-14
5062.999999999998,5.871255627939044e-14
5063.499999999998,5.870827238802434e-14
5063.999999999998,5.870573229928663e-14
5064.499999999998,5.870988585284515e-14
5064.999999999998,5.870595801573392e-14
5065.499999999997,5.870392126540523e-14
5065.999999999998,5.869753476195593e-14
5066.499999999997,5.869434736164473e-14
5066.999999999998,5.869739088230835e-14
5067.499999999997,5.87013497719547e-14
5067.999999999998,5.870366172961738e-14
5068.499999999997,5.870734346372155e-14
5068.999999999997,5.871145626249513e-14
5069.499999999997,5.871143961261513e-14
5069.999999999997,5.871596045802322e-14
5070.499999999998,5.871536381365283e-14
5070.999999999998,5.871855463174555e-14
5071.499999999998,5.871939896566217e-14
5071.999999999998,5.872269779265133e-14
5072.499999999998,5.872267167940064e-14
5072.999999999998,5.871940819523083e-14
5073.499999999998,5.8716587002889e-14
5073.999999999998,5.871815543245947e-14
5074.499999999998,5.871546413808277e-14
5074.999999999998,5.87136563706581e-14
5075.499999999998,5.871247586070017e-14
5075.999999999998,5.870711841187088e-14
5076.499999999998,5.86953548560253e-14
5076.999999999998,5.868214977346695e-14
5077.499999999998,5.866288546520145e-14
5077.999999999998,5.865100762274743e-14
5078.499999999998,5.863267375634787e-14
5078.999999999997,5.86116356349698e-14
5079.499999999998,5.85872203765374e-14
5079.999999999997,5.85633152505081e-14
5080.499999999998,5.854007520206584e-14
5080.999999999997,5.8511656789505e-14
5081.499999999998,5.84840487772005e-14
5081.999999999997,5.84535800063576e-14
5082.499999999997,5.841968985228466e-14
5082.999999999997,5.837941878833001e-14
5083.499999999997,5.834568999672516e-14
5083.999999999997,5.830958528715641e-14
5084.499999999998,5.827064504351692e-14
5084.999999999998,5.822604102556082e-14
5085.499999999998,5.81796694389336e-14
5085.999999999998,5.813441833738353e-14
5086.499999999998,5.808660347224764e-14
5086.999999999998,5.804663715176847e-14
5087.499999999998,5.800427258645246e-14
5087.999999999998,5.795975478928562e-14
5088.499999999998,5.791458385564772e-14
5088.999999999998,5.787380078388769e-14
5089.499999999998,5.783151395572308e-14
5089.999999999998,5.779086374327423e-14
5090.499999999998,5.774863470844209e-14
5090.999999999998,5.770772459627638e-14
5091.499999999998,5.7669686627962e-14
5091.999999999998,5.763052538572137e-14
5092.499999999998,5.759698068214338e-14
5092.999999999998,5.75575399918263e-14
5093.499999999997,5.752410973103282e-14
5093.999999999998,5.748285112451374e-14
5094.499999999997,5.744569318414502e-14
5094.999999999998,5.741459885361617e-14
5095.499999999997,5.738537104628801e-14
5095.999999999998,5.734816002446749e-14
5096.499999999997,5.731449043164768e-14
5096.999999999997,5.728081131826276e-14
5097.499999999997,5.724751449336053e-14
5097.999999999997,5.721563693460869e-14
5098.499999999998,5.718416769796363e-14
5098.999999999998,5.714662307902499e-14
5099.499999999998,5.710820040242267e-14
5099.999999999998,5.707387710223378e-14
5100.499999999998,5.703867875606362e-14
5100.999999999998,5.699677018485443e-14
5101.499999999998,5.695747482381537e-14
5101.999999999998,5.69184498861426e-14
5102.499999999998,5.688311058853289e-14
5102.999999999998,5.68475740903082e-14
5103.499999999998,5.681486752045892e-14
5103.999999999998,5.67772561281298e-14
5104.499999999998,5.674246494642358e-14
5104.999999999998,5.671000571745083e-14
5105.499999999998,5.6676293160213614e-14
5105.999999999998,5.663995913932512e-14
5106.499999999998,5.66044876629435e-14
5106.999999999997,5.656861743853092e-14
5107.499999999998,5.6537090401997375e-14
5107.999999999997,5.6502667004494884e-14
5108.499999999998,5.6467153618959224e-14
5108.999999999997,5.643554033880775e-14
5109.499999999998,5.640720822858139e-14
5109.999999999997,5.6382700700890193e-14
5110.499999999997,5.6351479086184303e-14
5110.999999999997,5.631689980647353e-14
5111.499999999997,5.6292928525951036e-14
5111.999999999997,5.626988287239124e-14
5112.499999999997,5.6245561981135374e-14
5112.999999999998,5.622467023053655e-14
5113.499999999998,5.6204769143024057e-14
5113.999999999998,5.619248330625254e-14
5114.499999999998,5.6175155826429335e-14
5114.999999999998,5.6159594376968254e-14
5115.499999999998,5.61471626907455e-14
5115.999999999998,5.6138276817886325e-14
5116.499999999998,5.6129265445366396e-14
5116.999999999998,5.612404157029429e-14
5117.499999999998,5.611924166426551e-14
5117.999999999998,5.611813398444497e-14
5118.499999999998,5.612130502429237e-14
5118.999999999998,5.6127275285859395e-14
5119.499999999998,5.6133353411222864e-14
5119.999999999998,5.613804350675474e-14
5120.499999999998,5.614781706674121e-14
5120.999999999998,5.61610560361163e-14
5121.499999999997,5.617518126089499e-14
5121.999999999998,5.618869935186306e-14
5122.499999999997,5.620286747837272e-14
5122.999999999998,5.621935864352175e-14
5123.499999999997,5.623511913728242e-14
5123.999999999998,5.6248961640373855e-14
5124.499999999997,5.6262663300161466e-14
5124.999999999997,5.6281702558121316e-14
5125.499999999997,5.630050425748418e-14
5125.999999999997,5.632113574290307e-14
5126.499999999997,5.633662382971499e-14
5126.999999999998,5.635199189895616e-14
5127.499999999998,5.6367604235355363e-14
5127.999999999998,5.637970220616864e-14
5128.499999999998,5.6393855026095e-14
5128.999999999998,5.640748351689262e-14
5129.499999999998,5.64251756940139e-14
5129.999999999998,5.643989864205016e-14
5130.499999999998,5.6443569649199114e-14
5130.999999999998,5.6460388733164005e-14
5131.499999999998,5.647070641642293e-14
5131.999999999998,5.648570081627814e-14
5132.499999999998,5.6495928587492244e-14
5132.999999999998,5.650461221187944e-14
5133.499999999998,5.651148359275436e-14
5133.999999999998,5.6510566958218035e-14
5134.499999999998,5.651345727231676e-14
5134.999999999998,5.652214553518072e-14
5135.499999999998,5.652755367970356e-14
5135.999999999997,5.6532153531511567e-14
5136.499999999998,5.653587005680945e-14
5136.999999999997,5.653974773405712e-14
5137.499999999998,5.654058013073127e-14
5137.999999999997,5.653731057291954e-14
5138.499999999998,5.653488974545131e-14
5138.999999999997,5.6530131162292886e-14
5139.499999999997,5.652620342358009e-14
5139.999999999997,5.652190123305159e-14
5140.499999999997,5.651915370395642e-14
5140.999999999998,5.651162066232892e-14
5141.499999999998,5.649973122141467e-14
5141.999999999998,5.648940584387946e-14
5142.499999999998,5.6472987662711195e-14
5142.999999999998,5.645825305944131e-14
5143.499999999998,5.644295355024094e-14
5143.999999999998,5.642145101116602e-14
5144.499999999998,5.6404260616450515e-14
5144.999999999998,5.6386725845189016e-14
5145.499999999998,5.6367817467394803e-14
5145.999999999998,5.635188023091306e-14
5146.499999999998,5.633385280071723e-14
5146.999999999998,5.631385638081755e-14
5147.499999999998,5.629201856380203e-14
5147.999999999998,5.6273648437351455e-14
5148.499999999998,5.625603458291586e-14
5148.999999999998,5.6240122091633375e-14
5149.499999999997,5.6216172911124766e-14
5149.999999999998,5.619522854402947e-14
5150.499999999997,5.617371542461488e-14
5150.999999999998,5.61583856452414e-14
5151.499999999997,5.6144316627659836e-14
5151.999999999998,5.6128601715069565e-14
5152.499999999997,5.611129130628332e-14
5152.999999999997,5.609590606775908e-14
5153.499999999997,5.6083942808294074e-14
5153.999999999997,5.607326239796236e-14
5154.499999999997,5.6059682208964354e-14
5154.999999999998,5.6046233547867295e-14
5155.499999999998,5.6042164480659875e-14
5155.999999999998,5.6037658769238033e-14
5156.499999999998,5.603192522649486e-14
5156.999999999998,5.603102512325294e-14
5157.499999999998,5.6030098431429945e-14
5157.999999999998,5.6032367632488686e-14
5158.499999999998,5.603660918201007e-14
5158.999999999998,5.604428972414645e-14
5159.499999999998,5.6047084720080495e-14
5159.999999999998,5.6049682867274606e-14
5160.499999999998,5.606122942502627e-14
5160.999999999998,5.607563592569743e-14
5161.499999999998,5.6089868244201046e-14
5161.999999999998,5.6102898921416886e-14
5162.499999999998,5.61201442356157e-14
5162.999999999998,5.6136711540967027e-14
5163.499999999998,5.614856469367284e-14
5163.999999999997,5.61626995933647e-14
5164.499999999998,5.618285584226003e-14
5164.999999999997,5.619835913600353e-14
5165.499999999998,5.6209370075433455e-14
5165.999999999997,5.622126956167478e-14
5166.499999999998,5.6229598430832755e-14
5166.999999999997,5.62467043960612e-14
5167.499999999997,5.626292606928284e-14
5167.999999999997,5.627366473903816e-14
5168.499999999997,5.627874490434833e-14
5168.999999999997,5.6281196770953914e-14
5169.499999999998,5.628396427181792e-14
5169.999999999998,5.6288944323667875e-14
5170.499999999998,5.62902085557383e-14
5170.999999999998,5.6285684605325366e-14
5171.499999999998,5.628617501146491e-14
5171.999999999998,5.628409699884327e-14
5172.499999999998,5.627691815044308e-14
5172.999999999998,5.627103638077968e-14
5173.499999999998,5.6259789901316074e-14
5173.999999999998,5.625331939289e-14
5174.499999999998,5.623853266522723e-14
5174.999999999998,5.6235998449167867e-14
5175.499999999998,5.622345773293712e-14
5175.999999999998,5.621735317277436e-14
5176.499999999998,5.6213395147475655e-14
5176.999999999998,5.6211214871391164e-14
5177.499999999997,5.6203426696984255e-14
5177.999999999998,5.6200555778245315e-14
5178.499999999997,5.619490467666479e-14
5178.999999999998,5.619387218966256e-14
5179.499999999997,5.6194421608717245e-14
5179.999999999998,5.6196002614003755e-14
5180.499999999997,5.619795388765777e-14
5180.999999999997,5.620298340721983e-14
5181.499999999997,5.6204157026122263e-14
5181.999999999997,5.6208851597510026e-14
5182.499999999997,5.621505946394932e-14
5182.999999999997,5.621781025652487e-14
5183.499999999998,5.6226286701700494e-14
5183.999999999998,5.622824643036084e-14
5184.499999999998,5.623838441030381e-14
5184.999999999998,5.6245112048520603e-14
5185.499999999998,5.6246844383614223e-14
5185.999999999998,5.624656958234029e-14
5186.499999999998,5.6249900037615645e-14
5186.999999999998,5.624954276619994e-14
5187.499999999998,5.625393261725057e-14
5187.999999999998,5.625197965490786e-14
5188.499999999998,5.6260110752234406e-14
5188.999999999998,5.6258527816576995e-14
5189.499999999998,5.6257534046444376e-14
5189.999999999998,5.6258870438415904e-14
5190.499999999998,5.6258111154788644e-14
5190.999999999998,5.625560494912189e-14
5191.499999999998,5.625307487280089e-14
5191.999999999997,5.6250708029440035e-14
5192.499999999998,5.624123267826872e-14
5192.999999999997,5.623613617142275e-14
5193.499999999998,5.622243507806583e-14
5193.999999999997,5.6213852813846984e-14
5194.499999999998,5.620864404681835e-14
5194.999999999997,5.620024528348188e-14
5195.499999999997,5.618929634293071e-14
5195.999999999997,5.617627010342324e-14
5196.499999999997,5.616427810098678e-14
5196.999999999997,5.6144297554943557e-14
5197.499999999998,5.6132504464455256e-14
5197.999999999998,5.6113466927598644e-14
5198.499999999998,5.6103266141729534e-14
5198.999999999998,5.608578642616468e-14
5199.499999999998,5.607158985514457e-14
5199.999999999998,5.6056903041549353e-14
5200.499999999998,5.6035603511217047e-14
5200.999999999998,5.6016728705174407e-14
5201.499999999998,5.599437172207516e-14
5201.999999999998,5.5975026737233024e-14
5202.499999999998,5.595629678278694e-14
5202.999999999998,5.593884595970383e-14
5203.499999999998,5.592090687429165e-14
5203.999999999998,5.590453458367852e-14
5204.499999999998,5.588572201052226e-14
5204.999999999998,5.5869355851291315e-14
5205.499999999998,5.584493761766074e-14
5205.999999999998,5.5821748643616577e-14
5206.499999999997,5.57991298001196e-14
5206.999999999998,5.5776332523679955e-14
5207.499999999997,5.574957423450042e-14
5207.999999999998,5.572517677132607e-14
5208.499999999997,5.569931618658209e-14
5208.999999999998,5.567437432581288e-14
5209.499999999997,5.565620451927034e-14
5209.999999999997,5.56286678021154e-14
5210.499999999997,5.560289827345849e-14
5210.999999999997,5.558089748466706e-14
5211.499999999998,5.555991579056477e-14
5211.999999999998,5.5535304333858805e-14
5212.499999999998,5.5511662521392995e-14
5212.999999999998,5.5491399711308507e-14
5213.499999999998,5.5466469384831247e-14
5213.999999999998,5.544045122820627e-14
5214.499999999998,5.54173575400152e-14
5214.999999999998,5.539646305987174e-14
5215.499999999998,5.538041820250401e-14
5215.999999999998,5.536286969728628e-14
5216.499999999998,5.534815714288875e-14
5216.999999999998,5.533565025991164e-14
5217.499999999998,5.532160298746166e-14
5217.999999999998,5.531012121570373e-14
5218.499999999998,5.529646782481531e-14
5218.999999999998,5.528534909598138e-14
5219.499999999998,5.5274957759420905e-14
5219.999999999997,5.526182759421028e-14
5220.499999999998,5.525733021122675e-14
5220.999999999997,5.5251749650156154e-14
5221.499999999998,5.5244083435587304e-14
5221.999999999997,5.524207737901199e-14
5222.499999999998,5.523606526374855e-14
5222.999999999997,5.5230440893064917e-14
5223.499999999997,5.522435394239898e-14
5223.999999999997,5.5222135147901825e-14
5224.499999999997,5.521864716982726e-14
5224.999999999997,5.5218122495522966e-14
5225.499999999997,5.521651723562066e-14
5225.999999999998,5.521384992142666e-14
5226.499999999998,5.5209864685342745e-14
5226.999999999998,5.520922780870107e-14
5227.499999999998,5.519947639607269e-14
5227.999999999998,5.519340518258133e-14
5228.499999999998,5.518917972914982e-14
5228.999999999998,5.517657592009508e-14
5229.499999999998,5.5168281550100755e-14
5229.999999999998,5.5157108642983155e-14
5230.499999999998,5.514674207031761e-14
5230.999999999998,5.512771667060672e-14
5231.499999999998,5.511336214052888e-14
5231.999999999998,5.5096766061536965e-14
5232.499999999998,5.508566414558666e-14
5232.999999999998,5.5067718780938324e-14
5233.499999999998,5.504485974543556e-14
5233.999999999998,5.502093450425612e-14
5234.499999999997,5.499884955534335e-14
5234.999999999998,5.4978050760542636e-14
5235.499999999997,5.495703479964239e-14
5235.999999999998,5.493382313675563e-14
5236.499999999997,5.491332833393568e-14
5236.999999999998,5.489201496627688e-14
5237.499999999997,5.4869424968855e-14
5237.999999999997,5.484965312023283e-14
5238.499999999997,5.4828887579613187e-14
5238.999999999997,5.4807463155240914e-14
5239.499999999997,5.4789738669458347e-14
5239.999999999998,5.477219955108847e-14
5240.499999999998,5.476018391659989e-14
5240.999999999998,5.4744200526393626e-14
5241.499999999998,5.4732701456813305e-14
5241.999999999998,5.472246011579804e-14
5242.499999999998,5.471620935561114e-14
5242.999999999998,5.471399098735464e-14
5243.499999999998,5.471095332747337e-14
5243.999999999998,5.471575775957743e-14
5244.499999999998,5.472638041229986e-14
5244.999999999998,5.473536116112785e-14
5245.499999999998,5.474574310671347e-14
5245.999999999998,5.475650736241227e-14
5246.499999999998,5.477430446359399e-14
5246.999999999998,5.478950436277506e-14
5247.499999999998,5.480839787185007e-14
5247.999999999997,5.4831690023505105e-14
5248.499999999998,5.485962377665355e-14
5248.999999999997,5.488884351702676e-14
5249.499999999998,5.491799504147183e-14
5249.999999999997,5.494976976439797e-14
5250.499999999998,5.498264764317405e-14
5250.999999999997,5.502687970087416e-14
5251.499999999997,5.5073668662570347e-14
5251.999999999997,5.512448718133438e-14
5252.499999999997,5.517333931362926e-14
5252.999999999997,5.5218171583084176e-14
5253.499999999997,5.526407733267592e-14
5253.999999999998,5.531588474098784e-14
5254.499999999998,5.537287063234841e-14
5254.999999999998,5.543065519224352e-14
5255.499999999998,5.5488692639115725e-14
5255.999999999998,5.555277810873062e-14
5256.499999999998,5.561348535889155e-14
5256.999999999998,5.567884140882246e-14
5257.499999999998,5.574556114890672e-14
5257.999999999998,5.5809315184179326e-14
5258.499999999998,5.588141791962712e-14
5258.999999999998,5.594812582360322e-14
5259.499999999998,5.601415799807502e-14
5259.999999999998,5.6081562038467416e-14
5260.499999999998,5.61449182711315e-14
5260.999999999998,5.6215844647982474e-14
5261.499999999998,5.6284214407844085e-14
5261.999999999998,5.634887996915473e-14
5262.499999999997,5.640711461942969e-14
5262.999999999998,5.646640889921801e-14
5263.499999999997,5.6520818930676405e-14
5263.999999999998,5.6568666343218214e-14
5264.499999999997,5.662850662972696e-14
5264.999999999998,5.6672350806094366e-14
5265.499999999997,5.671029558157406e-14
5265.999999999997,5.6749531051332353e-14
5266.499999999997,5.67814609597848e-14
5266.999999999997,5.68081215617306e-14
5267.499999999997,5.682882892232538e-14
5267.999999999998,5.685028187901688e-14
5268.499999999998,5.686118811991522e-14
5268.999999999998,5.68649566649067e-14
5269.499999999998,5.68674876668834e-14
5269.999999999998,5.686034968837157e-14
5270.499999999998,5.685506078966476e-14
5270.999999999998,5.6840520108346406e-14
5271.499999999998,5.6824467508150686e-14
5271.999999999998,5.680549875643458e-14
5272.499999999998,5.6784307735047035e-14
5272.999999999998,5.6754663911509033e-14
5273.499999999998,5.671842651276183e-14
5273.999999999998,5.6684591476841424e-14
5274.499999999998,5.6641590904803834e-14
5274.999999999998,5.6594941346256896e-14
5275.499999999998,5.654968183761458e-14
5275.999999999998,5.649601703616093e-14
5276.499999999998,5.644413665223886e-14
5276.999999999997,5.638901074354126e-14
5277.499999999998,5.633724627970283e-14
5277.999999999997,5.6278374831418465e-14
5278.499999999998,5.622138034920224e-14
5278.999999999997,5.61614931476582e-14
5279.499999999998,5.6095734358298673e-14
5279.999999999997,5.603370400983229e-14
5280.499999999997,5.5967134790444205e-14
5280.999999999997,5.59052491747773e-14
5281.499999999997,5.5842079538496336e-14
5281.999999999997,5.577404205219731e-14
5282.499999999998,5.5703991750916556e-14
5282.999999999998,5.5640054856044686e-14
5283.499999999998,5.557806301374853e-14
5283.999999999998,5.55116378280728e-14
5284.499999999998,5.5448346990031935e-14
5284.999999999998,5.5383552788359553e-14
5285.499999999998,5.53196214093377e-14
5285.999999999998,5.5254555669379633e-14
5286.499999999998,5.519290765720921e-14
5286.999999999998,5.512888367885592e-14
5287.499999999998,5.507333103991034e-14
5287.999999999998,5.5017566474176513e-14
5288.499999999998,5.496742060698951e-14
5288.999999999998,5.491476920807639e-14
5289.499999999998,5.48683394325557e-14
5289.999999999998,5.48238449433523e-14
5290.499999999997,5.478274945473422e-14
5290.999999999998,5.4739524777866645e-14
5291.499999999997,5.4697283624275686e-14
5291.999999999998,5.4665785258097205e-14
5292.499999999997,5.4633090207922406e-14
5292.999999999998,5.460314462396923e-14
5293.499999999997,5.457417526270117e-14
5293.999999999997,5.454845778595946e-14
5294.499999999997,5.452183063158476e-14
5294.999999999997,5.449801203406158e-14
5295.499999999997,5.447841963482226e-14
5295.999999999997,5.4457694183439545e-14
5296.499999999998,5.444525612283939e-14
5296.999999999998,5.4431483836196926e-14
5297.499999999998,5.4417758089624687e-14
5297.999999999998,5.440546921654751e-14
5298.499999999998,5.4395182333050016e-14
5298.999999999998,5.438420834768123e-14
5299.499999999998,5.43711147916626e-14
5299.999999999998,5.4363782700261913e-14
5300.499999999998,5.435777684107503e-14
5300.999999999998,5.435297656281917e-14
5301.499999999998,5.4344186336469525e-14
5301.999999999998,5.4334122504516045e-14
5302.499999999998,5.432797630072567e-14
5302.999999999998,5.432236994240134e-14
5303.499999999998,5.432252996740634e-14
5303.999999999998,5.4321126911943624e-14
5304.499999999998,5.4324324896166675e-14
5304.999999999997,5.432166086623379e-14
5305.499999999998,5.432163074649318e-14
5305.999999999997,5.432223135469991e-14
5306.499999999998,5.4324026605355845e-14
5306.999999999997,5.4328600720899295e-14
5307.499999999998,5.433581064123045e-14
5307.999999999997,5.4343326874243605e-14
5308.499999999997,5.435579911306253e-14
5308.999999999997,5.4368089206460635e-14
5309.499999999997,5.4378155264146094e-14
5309.999999999997,5.4391271212382794e-14
5310.499999999998,5.4405564894040054e-14
5310.999999999998,5.441904254124763e-14
5311.499999999998,5.4438942876796197e-14
5311.999999999998,5.446253938640453e-14
5312.499999999998,5.4479896201295586e-14
5312.999999999998,5.4502190248022834e-14
5313.499999999998,5.452379375868784e-14
5313.999999999998,5.454688758462898e-14
5314.499999999998,5.456745125540416e-14
5314.999999999998,5.4591473553042774e-14
5315.499999999998,5.461266748144295e-14
5315.999999999998,5.46346349936805e-14
5316.499999999998,5.465989694177502e-14
5316.999999999998,5.467874759910629e-14
5317.499999999998,5.4702070712950767e-14
5317.999999999998,5.472591366278535e-14
5318.499999999997,5.474897180795918e-14
5318.999999999998,5.4773606933427426e-14
5319.499999999997,5.479240596741352e-14
5319.999999999998,5.481627480808556e-14
5320.499999999997,5.483899630887913e-14
5320.999999999998,5.4861984558933676e-14
5321.499999999997,5.488463116324429e-14
5321.999999999997,5.4907352287234467e-14
5322.499999999997,5.492949555258117e-14
5322.999999999997,5.494713364327519e-14
5323.499999999997,5.496378716120908e-14
5323.999999999997,5.49783863174141e-14
5324.499999999998,5.498686927104434e-14
5324.999999999998,5.49922226051989e-14
5325.499999999998,5.499514079599123e-14
5325.999999999998,5.5010163077589114e-14
5326.499999999998,5.501336696075593e-14
5326.999999999998,5.50205788498892e-14
5327.499999999998,5.50215574179298e-14
5327.999999999998,5.501870292921902e-14
5328.499999999998,5.501370014008931e-14
5328.999999999998,5.500848505864291e-14
5329.499999999998,5.500212602254002e-14
5329.999999999998,5.499100466115723e-14
5330.499999999998,5.4977747816638715e-14
5330.999999999998,5.4964391839935103e-14
5331.499999999998,5.494545414195978e-14
5331.999999999998,5.492804188325911e-14
5332.499999999998,5.4908659840544344e-14
5332.999999999997,5.488922341714874e-14
5333.499999999998,5.486516308606273e-14
5333.999999999997,5.483989242089745e-14
5334.499999999998,5.482011815948199e-14
5334.999999999997,5.480101226040094e-14
5335.499999999998,5.477764288994683e-14
5335.999999999997,5.475110572311944e-14
5336.499999999997,5.472626859883565e-14
5336.999999999997,5.469393704438016e-14
5337.499999999997,5.4662293325114717e-14
5337.999999999997,5.4631729396953925e-14
5338.499999999997,5.4600134136185025e-14
5338.999999999998,5.456712868199729e-14
5339.499999999998,5.453568456916477e-14
5339.999999999998,5.4502683479577074e-14
5340.499999999998,5.4464146985047905e-14
5340.999999999998,5.442520948906276e-14
5341.499999999998,5.4388068566731467e-14
5341.999999999998,5.4347011446348947e-14
5342.499999999998,5.4302004577063994e-14
5342.999999999998,5.426117168286695e-14
5343.499999999998,5.4215746523866085e-14
5343.999999999998,5.417894327691807e-14
5344.499999999998,5.414291483247038e-14
5344.999999999998,5.4099818738024e-14
5345.499999999998,5.405942672225571e-14
5345.999999999998,5.402486813103876e-14
5346.499999999998,5.3984724412719217e-14
5346.999999999998,5.395018170373318e-14
5347.499999999997,5.391077190898965e-14
5347.999999999998,5.386908550491487e-14
5348.499999999997,5.383181852636509e-14
5348.999999999998,5.37971785921112e-14
5349.499999999997,5.37622818585677e-14
5349.999999999998,5.372895660946158e-14
5350.499999999997,5.369480388689545e-14
5350.999999999997,5.3662831253971765e-14
5351.499999999997,5.3630184841214813e-14
5351.999999999997,5.360121593437562e-14
5352.499999999997,5.356982972927993e-14
5352.999999999998,5.3547315399120275e-14
5353.499999999998,5.3521637041705307e-14
5353.999999999998,5.349772307160633e-14
5354.499999999998,5.34710850549693e-14
5354.999999999998,5.3450561143274156e-14
5355.499999999998,5.343168947518206e-14
5355.999999999998,5.3422673266327115e-14
5356.499999999998,5.340775153440578e-14
5356.999999999998,5.3395674735413586e-14
5357.499999999998,5.338768374938657e-14
5357.999999999998,5.338125945791481e-14
5358.499999999998,5.3373935575141607e-14
5358.999999999998,5.3367017014226726e-14
5359.499999999998,5.335977657403831e-14
5359.999999999998,5.3361301392123853e-14
5360.499999999998,5.3363375849225606e-14
5360.999999999997,5.336756617949276e-14
5361.499999999998,5.3371514678749134e-14
5361.999999999997,5.3371178689906206e-14
5362.499999999998,5.337750060340301e-14
5362.999999999997,5.3385262267038196e-14
5363.499999999998,5.3389186175018184e-14
5363.999999999997,5.3395348935452784e-14
5364.499999999997,5.3397612809909916e-14
5364.999999999997,5.3397458484659784e-14
5365.499999999997,5.340323568120857e-14
5365.999999999997,5.340021765183904e-14
5366.499999999997,5.340079695619361e-14
5366.999999999998,5.340617253024555e-14
5367.499999999998,5.340321681229244e-14
5367.999999999998,5.340163506736995e-14
5368.499999999998,5.339991870093595e-14
5368.999999999998,5.3397953527475455e-14
5369.499999999998,5.339365385544355e-14
5369.999999999998,5.3389330218090715e-14
5370.499999999998,5.338404469497426e-14
5370.999999999998,5.337486759772662e-14
5371.499999999998,5.336590555207266e-14
5371.999999999998,5.335477785694902e-14
5372.499999999998,5.334478488576481e-14
5372.999999999998,5.3331386594240313e-14
5373.499999999998,5.331507433537122e-14
5373.999999999998,5.3301793244870424e-14
5374.499999999998,5.328827334489459e-14
5374.999999999998,5.327470245893203e-14
5375.499999999997,5.3264273616158395e-14
5375.999999999998,5.3249292893547905e-14
5376.499999999997,5.323947015036991e-14
5376.999999999998,5.323062333895247e-14
5377.499999999997,5.322214194330475e-14
5377.999999999998,5.32092945257511e-14
5378.499999999997,5.320171104049568e-14
5378.999999999997,5.3195003544917e-14
5379.499999999997,5.3189015924034537e-14
5379.999999999997,5.317801379227505e-14
5380.499999999997,5.317492680954815e-14
5380.999999999997,5.3170125415198944e-14
5381.499999999998,5.316191744891636e-14
5381.999999999998,5.3159582288714575e-14
5382.499999999998,5.315825141970065e-14
5382.999999999998,5.315457232795652e-14
5383.499999999998,5.315507284448973e-14
5383.999999999998,5.3150138344758917e-14
5384.499999999998,5.31536607575313e-14
5384.999999999998,5.315304619472661e-14
5385.499999999998,5.3160000674387075e-14
5385.999999999998,5.3166378859038645e-14
5386.499999999998,5.317546595205437e-14
5386.999999999998,5.317948240994113e-14
5387.499999999998,5.319212360906344e-14
5387.999999999998,5.319948601949517e-14
5388.499999999998,5.321004705769928e-14
5388.999999999997,5.3226108202313115e-14
5389.499999999998,5.324496741673626e-14
5389.999999999997,5.3263530179044245e-14
5390.499999999998,5.328229157349572e-14
5390.999999999997,5.3298493324637995e-14
5391.499999999998,5.33176549616726e-14
5391.999999999997,5.333383133808964e-14
5392.499999999997,5.3351096443886723e-14
5392.999999999997,5.3370067054061835e-14
5393.499999999997,5.3390712546202953e-14
5393.999999999997,5.341269135621748e-14
5394.499999999997,5.3433528988054085e-14
5394.999999999997,5.345824676234471e-14
5395.499999999998,5.348170663271914e-14
5395.999999999998,5.3500757633454513e-14
5396.499999999998,5.352038984240978e-14
5396.999999999998,5.353876810774213e-14
5397.499999999998,5.3561715299625674e-14
5397.999999999998,5.357951049893455e-14
5398.499999999998,5.3596854083164164e-14
5398.999999999998,5.361466876096322e-14
5399.499999999998,5.363456615970117e-14
5399.999999999998,5.365254325850931e-14
5400.499999999998,5.366669873972341e-14
5400.999999999998,5.3679218041709304e-14
5401.499999999998,5.3689940804593954e-14
5401.999999999998,5.369702389413533e-14
5402.499999999998,5.3708385503873e-14
5402.999999999998,5.371909696954545e-14
5403.499999999997,5.3724263936394025e-14
5403.999999999998,5.372981263263205e-14
5404.499999999997,5.3732769838502384e-14
5404.999999999998,5.373561805308103e-14
5405.499999999997,5.373048673250846e-14
5405.999999999998,5.3729741305578213e-14
5406.499999999997,5.3723232928419325e-14
5406.999999999997,5.371359709268553e-14
5407.499999999997,5.370340632389065e-14
5407.999999999997,5.369503756023878e-14
5408.499999999997,5.368230288723441e-14
5408.999999999997,5.366957805267117e-14
5409.499999999998,5.365399483755504e-14
5409.999999999998,5.3639294607680205e-14
5410.499999999998,5.3621906078801096e-14
5410.999999999998,5.359755753572764e-14
5411.499999999998,5.3579189473856785e-14
5411.999999999998,5.355398995510216e-14
5412.499999999998,5.353171867902893e-14
5412.999999999998,5.3509184179715085e-14
5413.499999999998,5.348546888817567e-14
5413.999999999998,5.346263562804879e-14
5414.499999999998,5.343886193927632e-14
5414.999999999998,5.341312175228289e-14
5415.499999999998,5.338524268778231e-14
5415.999999999998,5.335689978360104e-14
5416.499999999998,5.332859676464664e-14
5416.999999999998,5.3302355939877865e-14
5417.499999999998,5.327401048492056e-14
5417.999999999997,5.324926357477899e-14
5418.499999999998,5.3218919083059996e-14
5418.999999999997,5.319586095064003e-14
5419.499999999998,5.317195969615795e-14
5419.999999999997,5.314334852674823e-14
5420.499999999998,5.311756775581206e-14
5420.999999999997,5.309612766324088e-14
5421.499999999997,5.30761557072362e-14
5421.999999999997,5.3058064736059054e-14
5422.499999999997,5.303764656691438e-14
5422.999999999997,5.301596780825294e-14
5423.499999999998,5.299903987046607e-14
5423.999999999998,5.297923964986296e-14
5424.499999999998,5.295635812443241e-14
5424.999999999998,5.293397902831029e-14
5425.499999999998,5.291377297908069e-14
5425.999999999998,5.289396212165005e-14
5426.499999999998,5.2868491601672726e-14
5426.999999999998,5.2849966019672124e-14
5427.499999999998,5.2831238535387494e-14
5427.999999999998,5.28124025909213e-14
5428.499999999998,5.2793151464766006e-14
5428.999999999998,5.2773693202685027e-14
5429.499999999998,5.274804650276931e-14
5429.999999999998,5.2725363027125615e-14
5430.499999999998,5.270609012931419e-14
5430.999999999998,5.2682340573521925e-14
5431.499999999997,5.2663347688472205e-14
5431.999999999998,5.264034731284117e-14
5432.499999999997,5.262064452328939e-14
5432.999999999998,5.2596926744656973e-14
5433.499999999997,5.257446550263247e-14
5433.999999999998,5.255477863080398e-14
5434.499999999997,5.25345048449737e-14
5434.999999999997,5.251265661089361e-14
5435.499999999997,5.248880716948281e-14
5435.999999999997,5.2467096602740624e-14
5436.499999999997,5.244812210902748e-14
5436.999999999997,5.2430101740074084e-14
5437.499999999997,5.2410304425310245e-14
5437.999999999998,5.239272686442678e-14
5438.499999999998,5.23763066011352e-14
5438.999999999998,5.2358736348690257e-14
5439.499999999998,5.234254513967628e-14
5439.999999999998,5.2329092843210584e-14
5440.499999999998,5.231315583820313e-14
5440.999999999998,5.229842358391306e-14
5441.499999999998,5.228627189946054e-14
5441.999999999998,5.2272261989344027e-14
5442.499999999998,5.225996779137555e-14
5442.999999999998,5.224697201680664e-14
5443.499999999998,5.223753750135729e-14
5443.999999999998,5.222879917284418e-14
5444.499999999998,5.22183057188589e-14
5444.999999999998,5.2208453429863737e-14
5445.499999999998,5.2194501878235236e-14
5445.999999999997,5.218682327247376e-14
5446.499999999998,5.217620972143826e-14
5446.999999999997,5.216483246631462e-14
5447.499999999998,5.215252676548236e-14
5447.999999999997,5.214148395766661e-14
5448.499999999998,5.2128728445169894e-14
5448.999999999997,5.211761662596881e-14
5449.499999999997,5.2104781899648516e-14
5449.999999999997,5.2090519073376796e-14
5450.499999999997,5.208245696735183e-14
5450.999999999997,5.2071642407959386e-14
5451.499999999997,5.206180109064879e-14
5451.999999999998,5.205204515579294e-14
5452.499999999998,5.20401418707711e-14
5452.999999999998,5.2026432429517994e-14
5453.499999999998,5.2018127581037145e-14
5453.999999999998,5.201257765402408e-14
5454.499999999998,5.2007556058891416e-14
5454.999999999998,5.2004771582214845e-14
5455.499999999998,5.199549592740065e-14
5455.999999999998,5.198766504637137e-14
5456.499999999998,5.1977660902606735e-14
5456.999999999998,5.197011008909315e-14
5457.499999999998,5.1958446961092764e-14
5457.999999999998,5.194816293568576e-14
5458.499999999998,5.193828364758555e-14
5458.999999999998,5.193122296174957e-14
5459.499999999997,5.192803202873656e-14
5459.999999999998,5.191809584678649e-14
5460.499999999997,5.191368106879859e-14
5460.999999999998,5.1908961009763934e-14
5461.499999999997,5.19022113793612e-14
5461.999999999998,5.1900555750751684e-14
5462.499999999997,5.1890707813087366e-14
5462.999999999997,5.1884409013201225e-14
5463.499999999997,5.188296121720701e-14
5463.999999999997,5.1882461572128024e-14
5464.499999999997,5.18804808261251e-14
5464.999999999997,5.1877914655224964e-14
5465.499999999997,5.1872949204873384e-14
5465.999999999998,5.1872502080010825e-14
5466.499999999998,5.186817125790985e-14
5466.999999999998,5.1866276685609097e-14
5467.499999999998,5.1863044008316494e-14
5467.999999999998,5.186029622167193e-14
5468.499999999998,5.1853470232547664e-14
5468.999999999998,5.185190982753715e-14
5469.499999999998,5.184925364970515e-14
5469.999999999998,5.18514382072468e-14
5470.499999999998,5.185249612510563e-14
5470.999999999998,5.185343540609591e-14
5471.499999999998,5.18517405417678e-14
5471.999999999998,5.185516427286679e-14
5472.499999999998,5.185606576314898e-14
5472.999999999998,5.185650800966259e-14
5473.499999999998,5.1856163002466657e-14
5473.999999999997,5.1859824561424745e-14
5474.499999999998,5.1859501932167625e-14
5474.999999999997,5.1855410265439873e-14
5475.499999999998,5.1855770714271706e-14
5475.999999999997,5.1854235873368023e-14
5476.499999999998,5.185398728264174e-14
5476.999999999997,5.1848401374061236e-14
5477.499999999997,5.184384551722244e-14
5477.999999999997,5.183908700211631e-14
5478.499999999997,5.183410761311534e-14
5478.999999999997,5.1823692379494935e-14
5479.499999999997,5.1815033618263106e-14
5479.999999999998,5.180789467165399e-14
5480.499999999998,5.179870735198191e-14
5480.999999999998,5.1780371913533326e-14
5481.499999999998,5.17680243784537e-14
5481.999999999998,5.175663696151743e-14
5482.499999999998,5.174664734195022e-14
5482.999999999998,5.17355948594805e-14
5483.499999999998,5.1722896589977795e-14
5483.999999999998,5.170738342403157e-14
5484.499999999998,5.1693862327216276e-14
5484.999999999998,5.1684219923451744e-14
5485.499999999998,5.167039520624775e-14
5485.999999999998,5.166070774211446e-14
5486.499999999998,5.1648852129989445e-14
5486.999999999998,5.164111589197816e-14
5487.499999999998,5.1629124258870244e-14
5487.999999999998,5.162127334101611e-14
5488.499999999997,5.161562314502115e-14
5488.999999999998,5.1608422397639135e-14
5489.499999999997,5.160112380111973e-14
5489.999999999998,5.1596918034657754e-14
5490.499999999997,5.159046776918993e-14
5490.999999999998,5.1584868197172414e-14
5491.499999999997,5.1580658372877524e-14
5491.999999999997,5.15771071357265e-14
5492.499999999997,5.157530270826856e-14
5492.999999999997,5.1572199808496597e-14
5493.499999999997,5.156859140800552e-14
5493.999999999997,5.156785139720708e-14
5494.499999999998,5.1567366267425193e-14
5494.999999999998,5.156750023725871e-14
5495.499999999998,5.156765464897803e-14
5495.999999999998,5.157257012152469e-14
5496.499999999998,5.157537849510611e-14
5496.999999999998,5.1576691531529135e-14
5497.499999999998,5.157886864065258e-14
5497.999999999998,5.158312575334796e-14
5498.499999999998,5.1582951189245925e-14
5498.999999999998,5.1588051410826657e-14
5499.499999999998,5.1593007462335024e-14
5499.999999999998,5.1595898569903785e-14
5500.499999999998,5.159366906367407e-14
5500.999999999998,5.159838879007793e-14
5501.499999999998,5.159949743906338e-14
5501.999999999997,5.159878501281235e-14
5502.499999999998,5.16012717759229e-14
5502.999999999997,5.1604978960683963e-14
5503.499999999998,5.160912574615016e-14
5503.999999999997,5.1607392244442647e-14
5504.499999999998,5.160889838437798e-14
5504.999999999997,5.161184327346718e-14
5505.499999999997,5.1614874156372344e-14
5505.999999999997,5.1618015471854484e-14
5506.499999999997,5.161805991534797e-14
5506.999999999997,5.161993681570681e-14
5507.499999999997,5.161591203355109e-14
5507.999999999997,5.1613907820947864e-14
5508.499999999998,5.1614622692728594e-14
5508.999999999998,5.161422909910993e-14
5509.499999999998,5.161394463742558e-14
5509.999999999998,5.161044422328451e-14
5510.499999999998,5.160791681641941e-14
5510.999999999998,5.160353899442426e-14
5511.499999999998,5.1601807896192814e-14
5511.999999999998,5.160013186698981e-14
5512.499999999998,5.15960923397464e-14
5512.999999999998,5.159284374807042e-14
5513.499999999998,5.1589125883292886e-14
5513.999999999998,5.158829406182262e-14
5514.499999999998,5.1587264298224774e-14
5514.999999999998,5.158546523196555e-14
5515.499999999998,5.1582147646664276e-14
5515.999999999998,5.158128761957027e-14
5516.499999999997,5.1577648252016826e-14
5516.999999999998,5.157585034079957e-14
5517.499999999997,5.157973899373341e-14
5517.999999999998,5.1582319949056876e-14
5518.499999999997,5.158704693663925e-14
5518.999999999998,5.1593794163081344e-14
5519.499999999997,5.159334209107519e-14
5519.999999999997,5.159807916114468e-14
5520.499999999997,5.160311156555948e-14
5520.999999999997,5.16077339327788e-14
5521.499999999997,5.161504490411592e-14
5521.999999999997,5.162460072017112e-14
5522.499999999998,5.163354250921859e-14
5522.999999999998,5.1640979056094765e-14
5523.499999999998,5.1645240279021135e-14
5523.999999999998,5.1650425860380965e-14
5524.499999999998,5.166040034139661e-14
5524.999999999998,5.1665368378596963e-14
5525.499999999998,5.1669942917762084e-14
5525.999999999998,5.1674703455337653e-14
5526.499999999998,5.1679935068229286e-14
5526.999999999998,5.168437355383008e-14
5527.499999999998,5.16893579692423e-14
5527.999999999998,5.169345300938422e-14
5528.499999999998,5.1694656593636764e-14
5528.999999999998,5.1696092000818105e-14
5529.499999999998,5.1696433959424284e-14
5529.999999999997,5.169326940185891e-14
5530.499999999998,5.168784801845671e-14
5530.999999999997,5.1685730421602114e-14
5531.499999999998,5.168052192998361e-14
5531.999999999997,5.167354731066384e-14
5532.499999999998,5.1667678413280326e-14
5532.999999999997,5.166799834914838e-14
5533.499999999997,5.1659434002511334e-14
5533.999999999997,5.164902611636317e-14
5534.499999999997,5.1640834256895365e-14
5534.999999999997,5.162899675373172e-14
5535.499999999997,5.161812728116728e-14
5535.999999999997,5.160605640786661e-14
5536.499999999998,5.1591086666334346e-14
5536.999999999998,5.157775047487041e-14
5537.499999999998,5.156277295773651e-14
5537.999999999998,5.1551769411543454e-14
5538.499999999998,5.153902311704411e-14
5538.999999999998,5.152627957209267e-14
5539.499999999998,5.1515207486990686e-14
5539.999999999998,5.1500766654853893e-14
5540.499999999998,5.148913992490328e-14
5540.999999999998,5.147692279418212e-14
5541.499999999998,5.1461900925329185e-14
5541.999999999998,5.1448285587942555e-14
5542.499999999998,5.1437655859100934e-14
5542.999999999998,5.1427408927727373e-14
5543.499999999998,5.141757989464569e-14
5543.999999999998,5.140873134515064e-14
5544.499999999997,5.139839025356307e-14
5544.999999999998,5.1388736265824683e-14
5545.499999999997,5.13789475523304e-14
5545.999999999998,5.137034149940455e-14
5546.499999999997,5.1362293194233836e-14
5546.999999999998,5.135785579979327e-14
5547.499999999997,5.13510835118776e-14
5547.999999999997,5.1348502521078286e-14
5548.499999999997,5.134738530008928e-14
5548.999999999997,5.1339763188434325e-14
5549.499999999997,5.1336827350386463e-14
5549.999999999997,5.1337112742136006e-14
5550.499999999997,5.13358530260208e-14
5550.999999999998,5.133240988339358e-14
5551.499999999998,5.1332915293033604e-14
5551.999999999998,5.13406315597045e-14
5552.499999999998,5.134318559707988e-14
5552.999999999998,5.1344567349285385e-14
5553.499999999998,5.13517943004639e-14
5553.999999999998,5.1363323679672455e-14
5554.499999999998,5.137413921701304e-14
5554.999999999998,5.1389526253081516e-14
5555.499999999998,5.140014026900243e-14
5555.999999999998,5.141037290721771e-14
5556.499999999998,5.142332493565704e-14
5556.999999999998,5.14334038436274e-14
5557.499999999998,5.144212125759513e-14
5557.999999999998,5.145472513370826e-14
5558.499999999998,5.1471507903246e-14
5558.999999999997,5.148551763635077e-14
5559.499999999998,5.150577964565578e-14
5559.999999999997,5.1525693398424066e-14
5560.499999999998,5.154891640606252e-14
5560.999999999997,5.1570195216335307e-14
5561.499999999998,5.159055074672288e-14
5561.999999999997,5.1610206121249286e-14
5562.499999999997,5.162896538634615e-14
5562.999999999997,5.164671237325551e-14
5563.499999999997,5.166475825923901e-14
5563.999999999997,5.168265339185914e-14
5564.499999999997,5.17036850891193e-14
5564.999999999998,5.172218110830201e-14
5565.499999999998,5.1741367482682154e-14
5565.999999999998,5.1763243222926754e-14
5566.499999999998,5.1782270122411084e-14
5566.999999999998,5.180181171225983e-14
5567.499999999998,5.182246967252768e-14
5567.999999999998,5.184000560417942e-14
5568.499999999998,5.1859032727063066e-14
5568.999999999998,5.187974989522425e-14
5569.499999999998,5.189622532251966e-14
5569.999999999998,5.1916818060910746e-14
5570.499999999998,5.193655633555935e-14
5570.999999999998,5.1953179811730536e-14
5571.499999999998,5.1974483362592644e-14
5571.999999999998,5.199231535609319e-14
5572.499999999997,5.201159770338628e-14
5572.999999999998,5.203109132362707e-14
5573.499999999997,5.204883297058337e-14
5573.999999999998,5.2063713481904514e-14
5574.499999999997,5.208797532761417e-14
5574.999999999998,5.210559671879877e-14
5575.499999999997,5.2122885883746156e-14
5575.999999999997,5.214282895671985e-14
5576.499999999997,5.2162547517108166e-14
5576.999999999997,5.21868723153208e-14
5577.499999999997,5.2206152907889096e-14
5577.999999999997,5.222578697112486e-14
5578.499999999997,5.224243462218152e-14
5578.999999999998,5.2263365859299605e-14
5579.499999999998,5.2283592892654e-14
5579.999999999998,5.230587534882235e-14
5580.499999999998,5.232864581919607e-14
5580.999999999998,5.234807706101772e-14
5581.499999999998,5.237286772459505e-14
5581.999999999998,5.2394973318728115e-14
5582.499999999998,5.242063656584512e-14
5582.999999999998,5.244384628494911e-14
5583.499999999998,5.2468796775156004e-14
5583.999999999998,5.249280930185496e-14
5584.499999999998,5.252114092927525e-14
5584.999999999998,5.254553431405494e-14
5585.499999999998,5.256619324694861e-14
5585.999999999998,5.259154627970385e-14
5586.499999999998,5.2609505952628413e-14
5586.999999999997,5.2626204307402637e-14
5587.499999999998,5.264846007682916e-14
5587.999999999997,5.2666370036104196e-14
5588.499999999998,5.268242535866525e-14
5588.999999999997,5.2696528497215986e-14
5589.499999999998,5.270580844882645e-14
5589.999999999997,5.271369144774196e-14
5590.499999999997,5.2719847595296096e-14
5590.999999999997,5.272590810110359e-14
5591.499999999997,5.273039509557288e-14
5591.999999999997,5.2734602206812405e-14
5592.499999999997,5.273327490666951e-14
5592.999999999998,5.273491805365837e-14
5593.499999999998,5.2735572266762504e-14
5593.999999999998,5.273127680113442e-14
5594.499999999998,5.272493627293874e-14
5594.999999999998,5.2715115686362527e-14
5595.499999999998,5.270458223703693e-14
5595.999999999998,5.2691598997338443e-14
5596.499999999998,5.267733917142457e-14
5596.999999999998,5.2662596297439833e-14
5597.499999999998,5.264792488552469e-14
5597.999999999998,5.262585475007926e-14
5598.499999999998,5.2604940734093737e-14
5598.999999999998,5.258269903753121e-14
5599.499999999998,5.255662959908832e-14
5599.999999999998,5.253155746534039e-14
5600.499999999997,5.250392856297618e-14
5600.999999999998,5.2481156924861776e-14
5601.499999999997,5.2450136257122107e-14
5601.999999999998,5.2416030009024014e-14
5602.499999999997,5.2381722608731276e-14
5602.999999999998,5.234908582251344e-14
5603.499999999997,5.231856418063536e-14
5603.999999999997,5.228503128049967e-14
5604.499999999997,5.225622371870415e-14
5604.999999999997,5.2220272823871416e-14
5605.499999999997,5.2186392292677685e-14
5605.999999999997,5.2151282822109386e-14
5606.499999999997,5.2117822597657024e-14
5606.999999999997,5.208337835757012e-14
5607.499999999998,5.2054137948673424e-14
5607.999999999998,5.202057267687837e-14
5608.499999999998,5.199507505339452e-14
5608.999999999998,5.196186694960604e-14
5609.499999999998,5.193822387661586e-14
5609.999999999998,5.191297540217002e-14
5610.499999999998,5.188573804124614e-14
5610.999999999998,5.186087103037046e-14
5611.499999999998,5.184226646490403e-14
5611.999999999998,5.1819657046220085e-14
5612.499999999998,5.179696901472204e-14
5612.999999999998,5.177559287742111e-14
5613.499999999998,5.175698813003104e-14
5613.999999999998,5.1737480998111626e-14
5614.499999999998,5.1718550473413247e-14
5614.999999999997,5.169925031082141e-14
5615.499999999998,5.1680503169300466e-14
5615.999999999997,5.166485808219057e-14
5616.499999999998,5.1640165019671196e-14
5616.999999999997,5.162390183503431e-14
5617.499999999998,5.160629395252399e-14
5617.999999999997,5.1589159482707154e-14
5618.499999999997,5.157093116521565e-14
5618.999999999997,5.155260622519143e-14
5619.499999999997,5.15363537531662e-14
5619.999999999997,5.151873023251532e-14
5620.499999999997,5.150079214298403e-14
5620.999999999997,5.1489557373345786e-14
5621.499999999998,5.1475701770602306e-14
5621.999999999998,5.1458631177435085e-14
5622.499999999998,5.144251002649502e-14
5622.999999999998,5.1425756630189387e-14
5623.499999999998,5.141515624977968e-14
5623.999999999998,5.1397270660159227e-14
5624.499999999998,5.1378397280311375e-14
5624.999999999998,5.136496074912847e-14
5625.499999999998,5.135221941576149e-14
5625.999999999998,5.133738775521062e-14
5626.499999999998,5.132509695898894e-14
5626.999999999998,5.1315756317344804e-14
5627.499999999998,5.1303384367572714e-14
5627.999999999998,5.1299270795059735e-14
5628.499999999998,5.129174981237743e-14
5628.999999999998,5.1279455709178716e-14
5629.499999999997,5.1271754583381564e-14
5629.999999999998,5.126190493049639e-14
5630.499999999997,5.125566837005183e-14
5630.999999999998,5.125116512960403e-14
5631.499999999997,5.1248222117351814e-14
5631.999999999998,5.125031957279404e-14
5632.499999999997,5.12511972926874e-14
5632.999999999997,5.1252888526444287e-14
5633.499999999997,5.125338132402576e-14
5633.999999999997,5.125555102964255e-14
5634.499999999997,5.1259600957076213e-14
5634.999999999997,5.1263187511153204e-14
5635.499999999998,5.126634306216987e-14
5635.999999999998,5.127306975460275e-14
5636.499999999998,5.127788329117621e-14
5636.999999999998,5.1282322767580614e-14
5637.499999999998,5.12897665126269e-14
5637.999999999998,5.1298214084698013e-14
5638.499999999998,5.130827796998098e-14
5638.999999999998,5.131563368425386e-14
5639.499999999998,5.1324933853359565e-14
5639.999999999998,5.133834614005676e-14
5640.499999999998,5.135018964848057e-14
5640.999999999998,5.136385721484553e-14
5641.499999999998,5.13765103823643e-14
5641.999999999998,5.138783367870684e-14
5642.499999999998,5.140161883975532e-14
5642.999999999997,5.1414970525610196e-14
5643.499999999998,5.142966793721852e-14
5643.999999999997,5.144562352535619e-14
5644.499999999998,5.1461659130383196e-14
5644.999999999997,5.147848258075278e-14
5645.499999999998,5.149648699951897e-14
5645.999999999997,5.1512187486338595e-14
5646.499999999997,5.1529575832560035e-14
5646.999999999997,5.155523021709162e-14
5647.499999999997,5.157424993866414e-14
5647.999999999997,5.1593382382300114e-14
5648.499999999997,5.1613009444850385e-14
5648.999999999997,5.163676252129726e-14
5649.499999999998,5.166030699461624e-14
5649.999999999998,5.168342615016329e-14
5650.499999999998,5.1706524331549475e-14
5650.999999999998,5.172909194699353e-14
5651.499999999998,5.175345440702881e-14
5651.999999999998,5.1778443784308854e-14
5652.499999999998,5.179724222563788e-14
5652.999999999998,5.182502518730162e-14
5653.499999999998,5.184873220804893e-14
5653.999999999998,5.187730245074176e-14
5654.499999999998,5.1901519014170576e-14
5654.999999999998,5.192592583682259e-14
5655.499999999998,5.195060224100095e-14
5655.999999999998,5.197055845152186e-14
5656.499999999998,5.1989455420186614e-14
5656.999999999998,5.200910750840028e-14
5657.499999999997,5.202538960544425e-14
5657.999999999998,5.203823978189543e-14
5658.499999999997,5.20496487828973e-14
5658.999999999998,5.205990532892851e-14
5659.499999999997,5.206653873951776e-14
5659.999999999998,5.207269596014181e-14
5660.499999999997,5.2077081147447316e-14
5660.999999999997,5.207973942686426e-14
5661.499999999997,5.2074799959642507e-14
5661.999999999997,5.207788538291859e-14
5662.499999999997,5.207296962492274e-14
5662.999999999997,5.206975631677143e-14
5663.499999999997,5.207018339729298e-14
5663.999999999998,5.2065465592264577e-14
5664.499999999998,5.205952549077542e-14
5664.999999999998,5.2060877195656924e-14
5665.499999999998,5.2054824747426843e-14
5665.999999999998,5.204455431176695e-14
5666.499999999998,5.2041118841880763e-14
5666.999999999998,5.203913481041935e-14
5667.499999999998,5.2037095619078226e-14
5667.999999999998,5.2033407743526097e-14
5668.499999999998,5.202957516532058e-14
5668.999999999998,5.202415413202554e-14
5669.499999999998,5.2020767623888995e-14
5669.999999999998,5.201060558794529e-14
5670.499999999998,5.2003234711631483e-14
5670.999999999997,5.199742064811698e-14
5671.499999999998,5.199255958144912e-14
5671.999999999997,5.199325176620144e-14
5672.499999999998,5.199476207062051e-14
5672.999999999997,5.199093656687307e-14
5673.499999999998,5.1996089318384485e-14
5673.999999999997,5.1995790029525404e-14
5674.499999999997,5.200032188597556e-14
5674.999999999997,5.2004948358354195e-14
5675.499999999997,5.200756987603186e-14
5675.999999999997,5.2020599774679725e-14
5676.499999999997,5.2023933370142594e-14
5676.999999999997,5.203604747345319e-14
5677.499999999997,5.2049858902046696e-14
5677.999999999998,5.206283022427755e-14
5678.499999999998,5.20772020484498e-14
5678.999999999998,5.2090878438177304e-14
5679.499999999998,5.2106732614635073e-14
5679.999999999998,5.21214701637139e-14
5680.499999999998,5.213956264916957e-14
5680.999999999998,5.215764773287083e-14
5681.499999999998,5.217956516324776e-14
5681.999999999998,5.220144540509179e-14
5682.499999999998,5.221937072242484e-14
5682.999999999998,5.2238557316938564e-14
5683.499999999998,5.226141259110722e-14
5683.999999999998,5.2282266820825184e-14
5684.499999999998,5.230480567474518e-14
5684.999999999998,5.2323111486180637e-14
5685.499999999997,5.234552010337295e-14
5685.999999999998,5.2367961425548696e-14
5686.499999999997,5.239134582017513e-14
5686.999999999998,5.2413194540315e-14
5687.499999999997,5.243567335842005e-14
5687.999999999998,5.2464444594069596e-14
5688.499999999997,5.2485747230154765e-14
5688.999999999997,5.250854341483692e-14
5689.499999999997,5.253433863072526e-14
5689.999999999997,5.255678486898471e-14
5690.499999999997,5.258261861010762e-14
5690.999999999997,5.260665321260014e-14
5691.499999999997,5.263550404441313e-14
5691.999999999998,5.266395786047772e-14
5692.499999999998,5.2686874709604096e-14
5692.999999999998,5.2710974973215476e-14
5693.499999999998,5.2741819230363804e-14
5693.999999999998,5.2772315912721135e-14
5694.499999999998,5.279975844565451e-14
5694.999999999998,5.283140616913756e-14
5695.499999999998,5.2864529615315697e-14
5695.999999999998,5.289803844445537e-14
5696.499999999998,5.2930559524679726e-14
5696.999999999998,5.296620545802124e-14
5697.499999999998,5.300108778207679e-14
5697.999999999998,5.303945003467009e-14
5698.499999999998,5.3073940523833535e-14
5698.999999999998,5.3114021676191584e-14
5699.499999999998,5.315161807013048e-14
5699.999999999997,5.319422012082138e-14
5700.499999999998,5.323269453668382e-14
5700.999999999997,5.327605709556278e-14
5701.499999999998,5.3320524415341136e-14
5701.999999999997,5.3362930461384595e-14
5702.499999999998,5.340395011773463e-14
5702.999999999997,5.34455433969254e-14
5703.499999999997,5.3489870456539e-14
5703.999999999997,5.3531885747357123e-14
5704.499999999997,5.358005609931003e-14
5704.999999999997,5.361773076373878e-14
5705.499999999997,5.365947593005558e-14
5705.999999999998,5.3699160612124427e-14
5706.499999999998,5.3735130956543047e-14
5706.999999999998,5.377271746752471e-14
5707.499999999998,5.380506179541735e-14
5707.999999999998,5.383871503293681e-14
5708.499999999998,5.3875254931659764e-14
5708.999999999998,5.3913634962760435e-14
5709.499999999998,5.395119004696736e-14
5709.999999999998,5.397701233261209e-14
5710.499999999998,5.4009271539059044e-14
5710.999999999998,5.4039186996782303e-14
5711.499999999998,5.407262531430524e-14
5711.999999999998,5.4102158061766604e-14
5712.499999999998,5.412920831946501e-14
5712.999999999998,5.415878905707935e-14
5713.499999999997,5.418450535725574e-14
5713.999999999998,5.421327601358337e-14
5714.499999999997,5.424569731355701e-14
5714.999999999998,5.427296254635421e-14
5715.499999999997,5.430511422918938e-14
5715.999999999998,5.433547349831953e-14
5716.499999999997,5.436756831768994e-14
5716.999999999997,5.4399588205061614e-14
5717.499999999997,5.442697047137902e-14
5717.999999999997,5.446252606276137e-14
5718.499999999997,5.449504158337732e-14
5718.999999999997,5.453283103601379e-14
5719.499999999997,5.4574932775468966e-14
5719.999999999997,5.461270526340022e-14
5720.499999999998,5.465656926315378e-14
5720.999999999998,5.46976029851486e-14
5721.499999999998,5.474556684412249e-14
5721.999999999998,5.47975470244249e-14
5722.499999999998,5.4852831031671215e-14
5722.999999999998,5.490893734509134e-14
5723.499999999998,5.496542832949941e-14
5723.999999999998,5.5026911681000024e-14
5724.499999999998,5.509276125030113e-14
5724.999999999998,5.51618770255979e-14
5725.499999999998,5.52361590178546e-14
5725.999999999998,5.5312797876787715e-14
5726.499999999998,5.5390784403333615e-14
5726.999999999998,5.5472069198944065e-14
5727.499999999998,5.555768790151882e-14
5727.999999999997,5.5648119383323536e-14
5728.499999999998,5.573729387268024e-14
5728.999999999997,5.583223107661277e-14
5729.499999999998,5.5930366793915767e-14
5729.999999999997,5.603172266262558e-14
5730.499999999998,5.613305912122223e-14
5730.999999999997,5.624049380064064e-14
5731.499999999997,5.636184494799761e-14
5731.999999999997,5.648118300021368e-14
5732.499999999997,5.6602156513893386e-14
5732.999999999997,5.67212291560594e-14
5733.499999999997,5.684196521326247e-14
5733.999999999997,5.69650749823648e-14
5734.499999999998,5.709383662086528e-14
5734.999999999998,5.723168215535983e-14
5735.499999999998,5.736434121882557e-14
5735.999999999998,5.750070273983115e-14
5736.499999999998,5.764440934003001e-14
5736.999999999998,5.779074789058517e-14
5737.499999999998,5.793817552995945e-14
5737.999999999998,5.808471778147358e-14
5738.499999999998,5.823787868525082e-14
5738.999999999998,5.83907503913513e-14
5739.499999999998,5.854586577376224e-14
5739.999999999998,5.8707113971124e-14
5740.499999999998,5.886684011015084e-14
5740.999999999998,5.903207800435458e-14
5741.499999999997,5.919767588914209e-14
5741.999999999998,5.936813063761275e-14
5742.499999999997,5.953806151844038e-14
5742.999999999998,5.971318546224164e-14
5743.499999999997,5.989183540082039e-14
5743.999999999998,6.006211790582341e-14
5744.499999999997,6.024454158862395e-14
5744.999999999997,6.042047712920487e-14
5745.499999999997,6.0606218301113e-14
5745.999999999997,6.078892801275722e-14
5746.499999999997,6.097030724797872e-14
5746.999999999997,6.114689326694703e-14
5747.499999999997,6.133477959495052e-14
5747.999999999997,6.151674392552684e-14
5748.499999999998,6.170353051726493e-14
5748.999999999998,6.189691871563074e-14
5749.499999999998,6.208414582678258e-14
5749.999999999998,6.227296132037748e-14
5750.499999999998,6.246277416226426e-14
5750.999999999998,6.265351832727332e-14
5751.499999999998,6.283915004237158e-14
5751.999999999998,6.302750677988653e-14
5752.499999999998,6.322018346657329e-14
5752.999999999998,6.340927099643968e-14
5753.499999999998,6.359687978503937e-14
5753.999999999998,6.378466755552844e-14
5754.499999999998,6.396914464678494e-14
5754.999999999998,6.415036611938203e-14
5755.499999999998,6.434254627730792e-14
5755.999999999997,6.453013750948867e-14
5756.499999999998,6.471575049170102e-14
5756.999999999997,6.490926793368827e-14
5757.499999999998,6.51028312943361e-14
5757.999999999997,6.530095727470085e-14
5758.499999999998,6.54907323737821e-14
5758.999999999997,6.568362938426538e-14
5759.499999999997,6.587459947149217e-14
5759.999999999997,6.606286095066405e-14
5760.499999999997,6.625391810157936e-14
5760.999999999997,6.643843719507244e-14
5761.499999999997,6.66222500517332e-14
5761.999999999997,6.680872061177526e-14
5762.499999999998,6.699363793710518e-14
5762.999999999998,6.717698478942748e-14
5763.499999999998,6.736356323787213e-14
5763.999999999998,6.754859997730431e-14
5764.499999999998,6.773201073758121e-14
5764.999999999998,6.792070821741639e-14
5765.499999999998,6.81079388777429e-14
5765.999999999998,6.828946729252922e-14
5766.499999999998,6.847344036612226e-14
5766.999999999998,6.865904952048204e-14
5767.499999999998,6.883908027886376e-14
5767.999999999998,6.902798957402794e-14
5768.499999999998,6.921182293149614e-14
5768.999999999998,6.939799676143375e-14
5769.499999999998,6.958734756288865e-14
5769.999999999998,6.976932065924521e-14
5770.499999999997,6.995456645386618e-14
5770.999999999998,7.01425327488379e-14
5771.499999999997,7.032714412559656e-14
5771.999999999998,7.050958441108499e-14
5772.499999999997,7.069341727350101e-14
5772.999999999998,7.087937011927617e-14
5773.499999999997,7.10635202651894e-14
5773.999999999997,7.124446402118202e-14
5774.499999999997,7.142602795864497e-14
5774.999999999997,7.161056150407136e-14
5775.499999999997,7.179413422566232e-14
5775.999999999997,7.19759542682206e-14
5776.499999999997,7.216153154875606e-14
5776.999999999998,7.234282017116186e-14
5777.499999999998,7.252623378159128e-14
5777.999999999998,7.27027377573076e-14
5778.499999999998,7.288686259353404e-14
5778.999999999998,7.307271492814527e-14
5779.499999999998,7.325847122150115e-14
5779.999999999998,7.344515233797594e-14
5780.499999999998,7.362891469250217e-14
5780.999999999998,7.381615635160459e-14
5781.499999999998,7.399400108991062e-14
5781.999999999998,7.417936493736515e-14
5782.499999999998,7.436236034218786e-14
5782.999999999998,7.454910857316712e-14
5783.499999999998,7.472776906727442e-14
5783.999999999997,7.491277775525434e-14
5784.499999999998,7.508999478185586e-14
5784.999999999997,7.527074437058327e-14
5785.499999999998,7.545646891187641e-14
5785.999999999997,7.563785637277187e-14
5786.499999999998,7.581276986004318e-14
5786.999999999997,7.600530282607238e-14
5787.499999999997,7.618735681535446e-14
5787.999999999997,7.63689968309794e-14
5788.499999999997,7.654256705097141e-14
5788.999999999997,7.671798770497412e-14
5789.499999999997,7.689444845369942e-14
5789.999999999997,7.707202100121197e-14
5790.499999999997,7.725610580131069e-14
5790.999999999998,7.743421320390803e-14
5791.499999999998,7.760600982785898e-14
5791.999999999998,7.778961047044825e-14
5792.499999999998,7.796590389190123e-14
5792.999999999998,7.814921890190327e-14
5793.499999999998,7.832732413655993e-14
5793.999999999998,7.850097260629935e-14
5794.499999999998,7.867560407249006e-14
5794.999999999998,7.885877889087874e-14
5795.499999999998,7.904061405302277e-14
5795.999999999998,7.922003873612172e-14
5796.499999999998,7.939673866912266e-14
5796.999999999998,7.958200217927983e-14
5797.499999999998,7.976609888848085e-14
5797.999999999998,7.994190143586345e-14
5798.499999999997,8.013007930573531e-14
5798.999999999998,8.031060380193465e-14
5799.499999999997,8.048403396981135e-14
5799.999999999998,8.065623559695128e-14
