# ABSOLUTE spectrograph sensitivity, [erg/s/cm^2/A] per [e-/s/A]
# arm=r  n=3591
# vendored 2026-09-18 from lvmcore/sensitivity/sens_percentiles-r.csv column 4 (of 8), sha256 1533afa02bdfba43
# columns: wavelength_air_angstrom,sensitivity_abs
5774.999999999999,7.648978777784608e-14
5775.499999999999,7.616906273290147e-14
5775.999999999999,7.583561590550454e-14
5776.499999999999,7.550747581733023e-14
5776.999999999999,7.518017527052545e-14
5777.499999999999,7.485924108316144e-14
5777.999999999999,7.452574545208447e-14
5778.499999999999,7.420581976323105e-14
5778.999999999999,7.386878803499818e-14
5779.499999999999,7.355427649477271e-14
5779.999999999999,7.322087162939437e-14
5780.499999999999,7.28741003739619e-14
5780.999999999999,7.255037354110054e-14
5781.499999999999,7.222751866421908e-14
5781.999999999999,7.188040415397668e-14
5782.499999999998,7.1535996133373e-14
5782.999999999998,7.121180929321036e-14
5783.499999999998,7.086663629398654e-14
5783.999999999998,7.052720558125318e-14
5784.499999999998,7.018170849110036e-14
5784.999999999998,6.986149042835208e-14
5785.499999999998,6.953864485048961e-14
5785.999999999998,6.920011769958883e-14
5786.499999999998,6.886624658566112e-14
5786.999999999998,6.853340351227577e-14
5787.499999999998,6.822933515487496e-14
5787.999999999998,6.788380929902342e-14
5788.499999999998,6.755181309677621e-14
5788.999999999999,6.720620564026693e-14
5789.499999999999,6.686619439403134e-14
5789.999999999999,6.653684767824406e-14
5790.499999999999,6.62039999948519e-14
5790.999999999999,6.587801777321e-14
5791.499999999999,6.552798315941561e-14
5791.999999999999,6.518866993061745e-14
5792.499999999999,6.484970630099074e-14
5792.999999999999,6.452141511956338e-14
5793.499999999999,6.419486636796489e-14
5793.999999999999,6.38580562653353e-14
5794.499999999999,6.353605423563086e-14
5794.999999999999,6.320626884782778e-14
5795.499999999999,6.288424482399072e-14
5795.999999999999,6.255689761411828e-14
5796.499999999998,6.222441580494239e-14
5796.999999999998,6.190554201832821e-14
5797.499999999998,6.158419893740207e-14
5797.999999999998,6.124761502152609e-14
5798.499999999998,6.09189978384981e-14
5798.999999999998,6.059671940229102e-14
5799.499999999998,6.02749651469782e-14
5799.999999999998,5.996246881212421e-14
5800.499999999998,5.964718357157264e-14
5800.999999999998,5.932609311628962e-14
5801.499999999998,5.901613963848269e-14
5801.999999999998,5.869938329311416e-14
5802.499999999998,5.838261059352282e-14
5802.999999999999,5.807428412935887e-14
5803.499999999999,5.776550262227525e-14
5803.999999999999,5.745656342739358e-14
5804.499999999999,5.715341708736516e-14
5804.999999999999,5.685513907513959e-14
5805.499999999999,5.654640961368943e-14
5805.999999999999,5.6245735192065654e-14
5806.499999999999,5.5952367464342973e-14
5806.999999999999,5.5673847510289355e-14
5807.499999999999,5.5379629144190537e-14
5807.999999999999,5.5078665949880995e-14
5808.499999999999,5.47874410343543e-14
5808.999999999999,5.449170428139098e-14
5809.499999999999,5.4197653893778615e-14
5809.999999999999,5.3904515924548475e-14
5810.499999999998,5.362123154610183e-14
5810.999999999998,5.3334797076462804e-14
5811.499999999998,5.3056072487183566e-14
5811.999999999998,5.2779545875392986e-14
5812.499999999998,5.2510930611398887e-14
5812.999999999998,5.224768654188336e-14
5813.499999999998,5.198154684129955e-14
5813.999999999998,5.1714064141268525e-14
5814.499999999998,5.1448584734775485e-14
5814.999999999998,5.117278119258792e-14
5815.499999999998,5.0906806847498516e-14
5815.999999999998,5.065819878670099e-14
5816.499999999998,5.040909434017648e-14
5816.999999999998,5.0157017238085666e-14
5817.499999999999,4.990402285663298e-14
5817.999999999999,4.965585874959463e-14
5818.499999999999,4.9415523891704144e-14
5818.999999999999,4.9167862788250466e-14
5819.499999999999,4.8920151735358585e-14
5819.999999999999,4.867938628247872e-14
5820.499999999999,4.8440137751433753e-14
5820.999999999999,4.820404293476258e-14
5821.499999999999,4.7971937447020977e-14
5821.999999999999,4.7741196313767026e-14
5822.499999999999,4.751438413526629e-14
5822.999999999999,4.7289008853751456e-14
5823.499999999999,4.707601319898396e-14
5823.999999999999,4.6856648489817594e-14
5824.499999999998,4.664844692068786e-14
5824.999999999998,4.6438511276020353e-14
5825.499999999998,4.6232587278867855e-14
5825.999999999998,4.6028169595460234e-14
5826.499999999998,4.5819488005902514e-14
5826.999999999998,4.561237478227578e-14
5827.499999999998,4.5404665002925545e-14
5827.999999999998,4.5208067068550276e-14
5828.499999999998,4.500865803701991e-14
5828.999999999998,4.48136500597701e-14
5829.499999999998,4.46208273906754e-14
5829.999999999998,4.442916178941012e-14
5830.499999999998,4.423820572993188e-14
5830.999999999998,4.4057096334768135e-14
5831.499999999999,4.3873761469630844e-14
5831.999999999999,4.369690882651464e-14
5832.499999999999,4.351333489957915e-14
5832.999999999999,4.334348544292344e-14
5833.499999999999,4.3171577827906984e-14
5833.999999999999,4.2999522132747296e-14
5834.499999999999,4.283057509648784e-14
5834.999999999999,4.266871261741555e-14
5835.499999999999,4.2500524993858183e-14
5835.999999999999,4.234415423872059e-14
5836.499999999999,4.218772510160688e-14
5836.999999999999,4.202906875605299e-14
5837.499999999999,4.187574380887583e-14
5837.999999999999,4.172111353557879e-14
5838.499999999998,4.1575043568322666e-14
5838.999999999998,4.142851176869895e-14
5839.499999999998,4.128779975366125e-14
5839.999999999998,4.1140454833229625e-14
5840.499999999998,4.097982762856996e-14
5840.999999999998,4.081900565231144e-14
5841.499999999998,4.0670979655111204e-14
5841.999999999998,4.0526069331931155e-14
5842.499999999998,4.039017587714309e-14
5842.999999999998,4.0248003386609874e-14
5843.499999999998,4.0112928109912755e-14
5843.999999999998,3.9984797410403773e-14
5844.499999999998,3.987410663825089e-14
5844.999999999998,3.975934849966546e-14
5845.499999999999,3.9646583422091245e-14
5845.999999999999,3.953154685878853e-14
5846.499999999999,3.9420508051705744e-14
5846.999999999999,3.931662035945677e-14
5847.499999999999,3.921775564369369e-14
5847.999999999999,3.910505021384982e-14
5848.499999999999,3.898576766958254e-14
5848.999999999999,3.8872436761276685e-14
5849.499999999999,3.8773039042040926e-14
5849.999999999999,3.867276599804465e-14
5850.499999999999,3.8579537606400066e-14
5850.999999999999,3.848016988230415e-14
5851.499999999999,3.838227362170846e-14
5851.999999999999,3.8287555957196664e-14
5852.499999999999,3.819880314582124e-14
5852.999999999998,3.810730053097471e-14
5853.499999999998,3.801971472683776e-14
5853.999999999998,3.793264118698942e-14
5854.499999999998,3.7844901341374805e-14
5854.999999999998,3.775647458290377e-14
5855.499999999998,3.767294842243056e-14
5855.999999999998,3.758995002773162e-14
5856.499999999998,3.751118061511693e-14
5856.999999999998,3.743460794243345e-14
5857.499999999998,3.735883929354721e-14
5857.999999999998,3.728052932558839e-14
5858.499999999998,3.720316451697318e-14
5858.999999999998,3.712715585826858e-14
5859.499999999999,3.7055797529960014e-14
5859.999999999999,3.699052551800654e-14
5860.499999999999,3.69206977105242e-14
5860.999999999999,3.685244345910288e-14
5861.499999999999,3.678304603565677e-14
5861.999999999999,3.6719027103149867e-14
5862.499999999999,3.665403761247541e-14
5862.999999999999,3.658983546848106e-14
5863.499999999999,3.6532776017549084e-14
5863.999999999999,3.647710872117466e-14
5864.499999999999,3.6417003112225026e-14
5864.999999999999,3.63617314102234e-14
5865.499999999999,3.630262210643823e-14
5865.999999999999,3.6249162357749073e-14
5866.499999999999,3.619538612219965e-14
5866.999999999998,3.6145500385165255e-14
5867.499999999998,3.609525050319263e-14
5867.999999999998,3.604268459825032e-14
5868.499999999998,3.5992396756776605e-14
5868.999999999998,3.594973549262168e-14
5869.499999999998,3.5906110761945825e-14
5869.999999999998,3.5862768471959455e-14
5870.499999999998,3.582105216837666e-14
5870.999999999998,3.5782975372919554e-14
5871.499999999998,3.5742836556451244e-14
5871.999999999998,3.570064522262166e-14
5872.499999999998,3.56635047225663e-14
5872.999999999998,3.562846873437873e-14
5873.499999999998,3.559076181466594e-14
5873.999999999999,3.555783331619309e-14
5874.499999999999,3.5526250095734286e-14
5874.999999999999,3.549319367006651e-14
5875.499999999999,3.546368688712044e-14
5875.999999999999,3.5434786831865736e-14
5876.499999999999,3.54054712732522e-14
5876.999999999999,3.5377321302697396e-14
5877.499999999999,3.535138009884487e-14
5877.999999999999,3.5327065318501515e-14
5878.499999999999,3.530028568478568e-14
5878.999999999999,3.5275064072910155e-14
5879.499999999999,3.52515846884142e-14
5879.999999999999,3.522514009086883e-14
5880.499999999999,3.520366415063898e-14
5880.999999999998,3.5183252398890643e-14
5881.499999999998,3.516210616306681e-14
5881.999999999998,3.514268506537764e-14
5882.499999999998,3.512306193430884e-14
5882.999999999998,3.510306267655009e-14
5883.499999999998,3.508164032478829e-14
5883.999999999998,3.5061561334987165e-14
5884.499999999998,3.504320951741106e-14
5884.999999999998,3.502443990695003e-14
5885.499999999998,3.500572129028766e-14
5885.999999999998,3.4988362524420223e-14
5886.499999999998,3.4969834161656734e-14
5886.999999999998,3.4953856242886384e-14
5887.499999999998,3.493584246144412e-14
5887.999999999999,3.4916327553055004e-14
5888.499999999999,3.489572515196636e-14
5888.999999999999,3.487671439111691e-14
5889.499999999999,3.4858949194670666e-14
5889.999999999999,3.484153466943204e-14
5890.499999999999,3.482473639238835e-14
5890.999999999999,3.480844137864125e-14
5891.499999999999,3.479067429053975e-14
5891.999999999999,3.4773427757914985e-14
5892.499999999999,3.475574158066038e-14
5892.999999999999,3.473778665834964e-14
5893.499999999999,3.472077472040808e-14
5893.999999999999,3.470432938316641e-14
5894.499999999999,3.469209097854909e-14
5894.999999999998,3.467963813402117e-14
5895.499999999998,3.466613494762567e-14
5895.999999999998,3.465348682191619e-14
5896.499999999998,3.4639819864409836e-14
5896.999999999998,3.462795623540115e-14
5897.499999999998,3.461268301949323e-14
5897.999999999998,3.45989899779245e-14
5898.499999999998,3.458752713379339e-14
5898.999999999998,3.45740695781814e-14
5899.499999999998,3.4563274212411215e-14
5899.999999999998,3.4549894017891525e-14
5900.499999999998,3.453674048411936e-14
5900.999999999998,3.452492306190341e-14
5901.499999999998,3.451372993365231e-14
5901.999999999999,3.450311314863069e-14
5902.499999999999,3.4489872557386407e-14
5902.999999999999,3.447931732727148e-14
5903.499999999999,3.446962953511561e-14
5903.999999999999,3.4456848456638325e-14
5904.499999999999,3.4446469804976064e-14
5904.999999999999,3.443784570001081e-14
5905.499999999999,3.442741550612728e-14
5905.999999999999,3.44182457796973e-14
5906.499999999999,3.440669767850603e-14
5906.999999999999,3.4399654170759535e-14
5907.499999999999,3.438966313768603e-14
5907.999999999999,3.43772904745434e-14
5908.499999999999,3.437000690451809e-14
5908.999999999998,3.43603092452736e-14
5909.499999999998,3.4350946065486834e-14
5909.999999999998,3.4341511732690817e-14
5910.499999999998,3.4331691226092706e-14
5910.999999999998,3.4322705757048686e-14
5911.499999999998,3.431698640323542e-14
5911.999999999998,3.431028657685836e-14
5912.499999999998,3.4304291678477145e-14
5912.999999999998,3.4295764184056864e-14
5913.499999999998,3.429154991148386e-14
5913.999999999998,3.428383073319713e-14
5914.499999999998,3.4278205981684904e-14
5914.999999999998,3.4270063457746205e-14
5915.499999999998,3.4262743428535455e-14
5915.999999999999,3.4258465867973717e-14
5916.499999999999,3.4252053487007504e-14
5916.999999999999,3.424874724418414e-14
5917.499999999999,3.423925559088795e-14
5917.999999999999,3.4231678065796576e-14
5918.499999999999,3.4223244629803747e-14
5918.999999999999,3.421990867152846e-14
5919.499999999999,3.4217384043508243e-14
5919.999999999999,3.421146724803932e-14
5920.499999999999,3.420774591983033e-14
5920.999999999999,3.420269762541935e-14
5921.499999999999,3.419776623501755e-14
5921.999999999999,3.4194584238313036e-14
5922.499999999999,3.4193340853146754e-14
5922.999999999999,3.4189493439682266e-14
5923.499999999998,3.4184820308944256e-14
5923.999999999998,3.4181965762595635e-14
5924.499999999998,3.417840346781176e-14
5924.999999999998,3.4176102525698113e-14
5925.499999999998,3.417253654730331e-14
5925.999999999998,3.417109271426195e-14
5926.499999999998,3.417026325393911e-14
5926.999999999998,3.416974481853428e-14
5927.499999999998,3.41669259534835e-14
5927.999999999998,3.416327619016959e-14
5928.499999999998,3.416260357040403e-14
5928.999999999998,3.416090296713518e-14
5929.499999999998,3.415993190231836e-14
5929.999999999998,3.416071839527945e-14
5930.499999999999,3.415793620088678e-14
5930.999999999999,3.4156097143103015e-14
5931.499999999999,3.415402002201872e-14
5931.999999999999,3.4150721575423033e-14
5932.499999999999,3.414955426491846e-14
5932.999999999999,3.414782411023351e-14
5933.499999999999,3.414752026701655e-14
5933.999999999999,3.414737637071872e-14
5934.499999999999,3.414644216217698e-14
5934.999999999999,3.414764868554277e-14
5935.499999999999,3.414619846328424e-14
5935.999999999999,3.414582565796715e-14
5936.499999999999,3.414900471221441e-14
5936.999999999998,3.414872594405219e-14
5937.499999999998,3.41494438300517e-14
5937.999999999998,3.4143688683088945e-14
5938.499999999998,3.4143012894977295e-14
5938.999999999998,3.414473979046553e-14
5939.499999999998,3.4150993501262694e-14
5939.999999999998,3.4155214274308236e-14
5940.499999999998,3.416439453505714e-14
5940.999999999998,3.417287172691109e-14
5941.499999999998,3.41867627009073e-14
5941.999999999998,3.4208426955179144e-14
5942.499999999998,3.422410780939234e-14
5942.999999999998,3.423914440376021e-14
5943.499999999998,3.424583061913942e-14
5943.999999999998,3.425175140767091e-14
5944.499999999999,3.4257823926648625e-14
5944.999999999999,3.4260871728974345e-14
5945.499999999999,3.4263235096525533e-14
5945.999999999999,3.4265906585923585e-14
5946.499999999999,3.4265413998992184e-14
5946.999999999999,3.4266003238410675e-14
5947.499999999999,3.426482504463542e-14
5947.999999999999,3.426336422293709e-14
5948.499999999999,3.4261804258062763e-14
5948.999999999999,3.426017326992345e-14
5949.499999999999,3.425875537898264e-14
5949.999999999999,3.4261428424704825e-14
5950.499999999999,3.4261713340940216e-14
5950.999999999999,3.42632464712756e-14
5951.499999999998,3.4261739065691085e-14
5951.999999999998,3.426405740671448e-14
5952.499999999998,3.4266620635975634e-14
5952.999999999998,3.426643334819382e-14
5953.499999999998,3.4268835609155466e-14
5953.999999999998,3.42719115218144e-14
5954.499999999998,3.4271853416497495e-14
5954.999999999998,3.4274850769759705e-14
5955.499999999998,3.427573327004806e-14
5955.999999999998,3.427599754169649e-14
5956.499999999998,3.428047102333188e-14
5956.999999999998,3.427873593232853e-14
5957.499999999998,3.4280567747750706e-14
5957.999999999998,3.4283120517862294e-14
5958.499999999999,3.4287472498782556e-14
5958.999999999999,3.429007562862704e-14
5959.499999999999,3.429242428703661e-14
5959.999999999999,3.429481323477572e-14
5960.499999999999,3.429801610037224e-14
5960.999999999999,3.430353243106359e-14
5961.499999999999,3.4305544830029734e-14
5961.999999999999,3.43090172357926e-14
5962.499999999999,3.431004177591665e-14
5962.999999999999,3.4310944673391045e-14
5963.499999999999,3.4314682701762164e-14
5963.999999999999,3.432000717645602e-14
5964.499999999999,3.432279861883728e-14
5964.999999999999,3.4326316076765675e-14
5965.499999999999,3.4328926241042497e-14
5965.999999999998,3.4333841485039445e-14
5966.499999999998,3.433772349003545e-14
5966.999999999998,3.434264439436062e-14
5967.499999999998,3.4345240061235005e-14
5967.999999999998,3.4350663067151e-14
5968.499999999998,3.435342396379108e-14
5968.999999999998,3.4357848091571574e-14
5969.499999999998,3.436275473579762e-14
5969.999999999998,3.436675680679073e-14
5970.499999999998,3.43720489230214e-14
5970.999999999998,3.437843921318842e-14
5971.499999999998,3.438164820041111e-14
5971.999999999998,3.4385756127374057e-14
5972.499999999999,3.438917045010906e-14
5972.999999999999,3.439326712029665e-14
5973.499999999999,3.439611986161364e-14
5973.999999999999,3.4398308959958644e-14
5974.499999999999,3.440226141803242e-14
5974.999999999999,3.440553661722692e-14
5975.499999999999,3.440928430907753e-14
5975.999999999999,3.4412488639556025e-14
5976.499999999999,3.441593988168464e-14
5976.999999999999,3.441877374209249e-14
5977.499999999999,3.4421228172882363e-14
5977.999999999999,3.442391621256558e-14
5978.499999999999,3.4427636124411564e-14
5978.999999999999,3.4429338099689593e-14
5979.499999999998,3.443289138830787e-14
5979.999999999998,3.443461670698354e-14
5980.499999999998,3.443541192194142e-14
5980.999999999998,3.4437996325257976e-14
5981.499999999998,3.4439607640868035e-14
5981.999999999998,3.44403020405584e-14
5982.499999999998,3.443871327726391e-14
5982.999999999998,3.444111262377912e-14
5983.499999999998,3.444210352247025e-14
5983.999999999998,3.4441795555767485e-14
5984.499999999998,3.4442956377399344e-14
5984.999999999998,3.444340566905651e-14
5985.499999999998,3.4443796990925387e-14
5985.999999999998,3.444407568896073e-14
5986.499999999998,3.444255088298865e-14
5986.999999999999,3.4441444114503585e-14
5987.499999999999,3.444075209799305e-14
5987.999999999999,3.444116717384347e-14
5988.499999999999,3.444050875099047e-14
5988.999999999999,3.443916043308063e-14
5989.499999999999,3.443819641977572e-14
5989.999999999999,3.443979768227774e-14
5990.499999999999,3.443981842693302e-14
5990.999999999999,3.444041180505653e-14
5991.499999999999,3.443941238129117e-14
5991.999999999999,3.4440471649764583e-14
5992.499999999999,3.444261786155134e-14
5992.999999999999,3.444334743231505e-14
5993.499999999999,3.444527464657266e-14
5993.999999999998,3.4444976366263704e-14
5994.499999999998,3.444328602513618e-14
5994.999999999998,3.444270283223334e-14
5995.499999999998,3.44445474954063e-14
5995.999999999998,3.4444385714660777e-14
5996.499999999998,3.444526168562768e-14
5996.999999999998,3.444740070283486e-14
5997.499999999998,3.4449583977395917e-14
5997.999999999998,3.445012412021014e-14
5998.499999999998,3.444935465967132e-14
5998.999999999998,3.444955287318882e-14
5999.499999999998,3.445297854192398e-14
5999.999999999998,3.4454471162355006e-14
6000.499999999998,3.4456487582717535e-14
6000.999999999999,3.445656963390191e-14
6001.499999999999,3.4455834308126354e-14
6001.999999999999,3.445501433146191e-14
6002.499999999999,3.445647379164049e-14
6002.999999999999,3.445916862162292e-14
6003.499999999999,3.445973391486033e-14
6003.999999999999,3.445812628992172e-14
6004.499999999999,3.446032745126021e-14
6004.999999999999,3.4461557307100814e-14
6005.499999999999,3.446136534735741e-14
6005.999999999999,3.446328683456849e-14
6006.499999999999,3.446356275441015e-14
6006.999999999999,3.4461764203576585e-14
6007.499999999998,3.4463295101714973e-14
6007.999999999998,3.446125077523916e-14
6008.499999999998,3.446097294665014e-14
6008.999999999998,3.4459733350598434e-14
6009.499999999998,3.4457304705739204e-14
6009.999999999998,3.4458043579342186e-14
6010.499999999998,3.4457673563324514e-14
6010.999999999998,3.445432327576927e-14
6011.499999999998,3.4453276849389733e-14
6011.999999999998,3.4450342856052167e-14
6012.499999999998,3.444844766156024e-14
6012.999999999998,3.444590372233496e-14
6013.499999999998,3.4440042674527705e-14
6013.999999999998,3.443731048406807e-14
6014.499999999998,3.443406295505585e-14
6014.999999999999,3.442890111043843e-14
6015.499999999999,3.442321498260032e-14
6015.999999999999,3.44184049280988e-14
6016.499999999999,3.441065851927211e-14
6016.999999999999,3.4405228402245366e-14
6017.499999999999,3.439463252087389e-14
6017.999999999999,3.4385264288516877e-14
6018.499999999999,3.437574790926012e-14
6018.999999999999,3.436689674233588e-14
6019.499999999999,3.435962267592227e-14
6019.999999999999,3.434917519048135e-14
6020.499999999999,3.4337522027392854e-14
6020.999999999999,3.4327257298178263e-14
6021.499999999999,3.431453166610289e-14
6021.999999999998,3.4300330050730175e-14
6022.499999999998,3.4284701372783566e-14
6022.999999999998,3.427176165120567e-14
6023.499999999998,3.425524011825774e-14
6023.999999999998,3.424076070508192e-14
6024.499999999998,3.4222816103938006e-14
6024.999999999998,3.420759604442673e-14
6025.499999999998,3.4191755683714856e-14
6025.999999999998,3.4177859233119485e-14
6026.499999999998,3.4159337639586917e-14
6026.999999999998,3.4140953212666335e-14
6027.499999999998,3.412284605534694e-14
6027.999999999998,3.410394165128904e-14
6028.499999999998,3.4085045161053835e-14
6028.999999999999,3.4065832393943776e-14
6029.499999999999,3.404544588875637e-14
6029.999999999999,3.40213652203614e-14
6030.499999999999,3.400209418640482e-14
6030.999999999999,3.3981835167771765e-14
6031.499999999999,3.396126752301125e-14
6031.999999999999,3.394158160528771e-14
6032.499999999999,3.3921947759541443e-14
6032.999999999999,3.3901916976797065e-14
6033.499999999999,3.388572942758526e-14
6033.999999999999,3.386737644296563e-14
6034.499999999999,3.384766209297565e-14
6034.999999999999,3.382733325307756e-14
6035.499999999999,3.381008969607964e-14
6035.999999999999,3.3792321391898883e-14
6036.499999999998,3.3773662874727324e-14
6036.999999999998,3.375528063534568e-14
6037.499999999998,3.3733854828360306e-14
6037.999999999998,3.371516892814732e-14
6038.499999999998,3.369712144338163e-14
6038.999999999998,3.367763870911078e-14
6039.499999999998,3.36570372015173e-14
6039.999999999998,3.363660579083888e-14
6040.499999999998,3.361591160573008e-14
6040.999999999998,3.359725270783342e-14
6041.499999999998,3.358288607934459e-14
6041.999999999998,3.356444744573599e-14
6042.499999999998,3.354699700749974e-14
6042.999999999998,3.3527133754095283e-14
6043.499999999999,3.350612753659834e-14
6043.999999999999,3.3489451498149905e-14
6044.499999999999,3.346944028867473e-14
6044.999999999999,3.3453258680568395e-14
6045.499999999999,3.343454891883409e-14
6045.999999999999,3.341585063092992e-14
6046.499999999999,3.33974001159295e-14
6046.999999999999,3.337596924458874e-14
6047.499999999999,3.335924879420742e-14
6047.999999999999,3.3341648978400205e-14
6048.499999999999,3.3325277724762763e-14
6048.999999999999,3.331143498973403e-14
6049.499999999999,3.329560468273361e-14
6049.999999999998,3.327713491956133e-14
6050.499999999998,3.3264336308523863e-14
6050.999999999998,3.3251190547349534e-14
6051.499999999998,3.323784592010421e-14
6051.999999999998,3.3222933336765646e-14
6052.499999999998,3.32087814246365e-14
6052.999999999998,3.3196695428063047e-14
6053.499999999998,3.3181203578973084e-14
6053.999999999998,3.316629834736474e-14
6054.499999999998,3.3155852732650725e-14
6054.999999999998,3.3142856860633756e-14
6055.499999999998,3.3131473943089106e-14
6055.999999999998,3.312162132918372e-14
6056.499999999998,3.3108271077023596e-14
6056.999999999998,3.3098491791392075e-14
6057.499999999999,3.308717967680602e-14
6057.999999999999,3.3075538744320845e-14
6058.499999999999,3.306640877980122e-14
6058.999999999999,3.3056829018331546e-14
6059.499999999999,3.304718852701032e-14
6059.999999999999,3.3035708597508916e-14
6060.499999999999,3.3026716253759233e-14
6060.999999999999,3.302114073844037e-14
6061.499999999999,3.3012342695367254e-14
6061.999999999999,3.300321394631671e-14
6062.499999999999,3.29932701425774e-14
6062.999999999999,3.2987722267061375e-14
6063.499999999999,3.298051823720898e-14
6063.999999999999,3.297155875000067e-14
6064.499999999998,3.2962107255422324e-14
6064.999999999998,3.2953577911524006e-14
6065.499999999998,3.2945135202240686e-14
6065.999999999998,3.2935263513526983e-14
6066.499999999998,3.292639795957249e-14
6066.999999999998,3.292056548623585e-14
6067.499999999998,3.2912898854796024e-14
6067.999999999998,3.2906974754417425e-14
6068.499999999998,3.289992267641598e-14
6068.999999999998,3.2895956249021754e-14
6069.499999999998,3.2892439461545295e-14
6069.999999999998,3.288892577325549e-14
6070.499999999998,3.288513895091183e-14
6070.999999999998,3.288112482138933e-14
6071.499999999999,3.287848445660624e-14
6071.999999999999,3.287445295651582e-14
6072.499999999999,3.287153631038378e-14
6072.999999999999,3.286775886166261e-14
6073.499999999999,3.2863692649054504e-14
6073.999999999999,3.285832627002733e-14
6074.499999999999,3.285532220681453e-14
6074.999999999999,3.285218596766358e-14
6075.499999999999,3.2849206961670363e-14
6075.999999999999,3.284607195650419e-14
6076.499999999999,3.2844319642004054e-14
6076.999999999999,3.284228550291925e-14
6077.499999999999,3.284075005096343e-14
6077.999999999998,3.2839095241734756e-14
6078.499999999999,3.283574517319123e-14
6078.999999999998,3.283255668325043e-14
6079.499999999998,3.282982271873861e-14
6079.999999999998,3.28252227044239e-14
6080.499999999998,3.282117969303306e-14
6080.999999999998,3.281589242695941e-14
6081.499999999998,3.2811095577338405e-14
6081.999999999998,3.2808383570073926e-14
6082.499999999998,3.280401950894276e-14
6082.999999999998,3.279974151057768e-14
6083.499999999998,3.2794856472817814e-14
6083.999999999998,3.2791702161018004e-14
6084.499999999998,3.278754083607991e-14
6084.999999999998,3.278027652674618e-14
6085.499999999999,3.2773958991550747e-14
6085.999999999999,3.276696822707875e-14
6086.499999999999,3.276113521708428e-14
6086.999999999999,3.275594417313386e-14
6087.499999999999,3.274888140531962e-14
6087.999999999999,3.274278052389852e-14
6088.499999999999,3.273503167926331e-14
6088.999999999999,3.2728152524098676e-14
6089.499999999999,3.272160747429486e-14
6089.999999999999,3.271385253702593e-14
6090.499999999999,3.2706521531471005e-14
6090.999999999999,3.26978219925436e-14
6091.499999999999,3.2690728515827316e-14
6091.999999999999,3.2683598755434983e-14
6092.499999999998,3.267783348095255e-14
6092.999999999998,3.2672322640438764e-14
6093.499999999998,3.2664347059630806e-14
6093.999999999998,3.2656904607014266e-14
6094.499999999998,3.2648629037455216e-14
6094.999999999998,3.2641465785718306e-14
6095.499999999998,3.2633415818448666e-14
6095.999999999998,3.262612119991159e-14
6096.499999999998,3.2620592696121134e-14
6096.999999999998,3.2615495221420124e-14
6097.499999999998,3.260890491966769e-14
6097.999999999998,3.2604945170099604e-14
6098.499999999998,3.2598867734444406e-14
6098.999999999998,3.2593142847500065e-14
6099.499999999998,3.259040710151897e-14
6099.999999999999,3.2584440007845715e-14
6100.499999999999,3.258148312307249e-14
6100.999999999999,3.2575336929768804e-14
6101.499999999999,3.256967625129591e-14
6101.999999999999,3.2565945647280553e-14
6102.499999999999,3.256223598399334e-14
6102.999999999999,3.2558018469263874e-14
6103.499999999999,3.2554005558131065e-14
6103.999999999999,3.2549660295089296e-14
6104.499999999999,3.2546786004628236e-14
6104.999999999999,3.254437395067565e-14
6105.499999999999,3.25408724735925e-14
6105.999999999998,3.253807766940489e-14
6106.499999999999,3.253350654109028e-14
6106.999999999998,3.2529757610822207e-14
6107.499999999998,3.252709954914163e-14
6107.999999999998,3.252311770041043e-14
6108.499999999998,3.252184116172737e-14
6108.999999999998,3.251847785772892e-14
6109.499999999998,3.251486863603735e-14
6109.999999999998,3.251300571445989e-14
6110.499999999998,3.251283186380372e-14
6110.999999999998,3.2510768887976083e-14
6111.499999999998,3.2509110811667014e-14
6111.999999999998,3.2508263599459815e-14
6112.499999999998,3.25088780097249e-14
6112.999999999998,3.250994879185997e-14
6113.499999999998,3.251012546699451e-14
6113.999999999999,3.2510628636704757e-14
6114.499999999999,3.25114686278867e-14
6114.999999999999,3.2512934441561125e-14
6115.499999999999,3.251473782169881e-14
6115.999999999999,3.251660675986567e-14
6116.499999999999,3.2519272572954915e-14
6116.999999999999,3.2521017566214024e-14
6117.499999999999,3.252230846095688e-14
6117.999999999999,3.25245200750624e-14
6118.499999999999,3.2527101425126374e-14
6118.999999999999,3.253038740486402e-14
6119.499999999999,3.25349288897174e-14
6119.999999999999,3.253796569204775e-14
6120.499999999998,3.254068059854534e-14
6120.999999999998,3.2546545249747596e-14
6121.499999999998,3.254978932457117e-14
6121.999999999998,3.255346187251954e-14
6122.499999999998,3.255841777693778e-14
6122.999999999998,3.256369685632842e-14
6123.499999999998,3.256948068017155e-14
6123.999999999998,3.2572838324107467e-14
6124.499999999998,3.257753675909567e-14
6124.999999999998,3.258215568426098e-14
6125.499999999998,3.258951534253764e-14
6125.999999999998,3.2594756721008106e-14
6126.499999999998,3.260080494011959e-14
6126.999999999998,3.26071380185745e-14
6127.499999999998,3.2612892921234803e-14
6127.999999999999,3.262067030812435e-14
6128.499999999999,3.262648815850234e-14
6128.999999999999,3.263261948053446e-14
6129.499999999999,3.263756139579033e-14
6129.999999999999,3.264246181394941e-14
6130.499999999999,3.2649898468826004e-14
6130.999999999999,3.265884173883046e-14
6131.499999999999,3.26671277099402e-14
6131.999999999999,3.267487848898801e-14
6132.499999999999,3.268274606505904e-14
6132.999999999999,3.268900096634396e-14
6133.499999999999,3.2697262519945155e-14
6133.999999999999,3.270607481661044e-14
6134.499999999999,3.271566668369395e-14
6134.999999999998,3.272325570363577e-14
6135.499999999998,3.2731897453928225e-14
6135.999999999998,3.274062483863126e-14
6136.499999999998,3.2749989467273554e-14
6136.999999999998,3.2758673221595076e-14
6137.499999999998,3.276851405346148e-14
6137.999999999998,3.2776290230971574e-14
6138.499999999998,3.2783532014498325e-14
6138.999999999998,3.2792772954196354e-14
6139.499999999998,3.28002269533521e-14
6139.999999999998,3.280743990646806e-14
6140.499999999998,3.28138441976153e-14
6140.999999999998,3.282174401281903e-14
6141.499999999998,3.282946500382921e-14
6141.999999999999,3.283821859247354e-14
6142.499999999999,3.284522023647614e-14
6142.999999999999,3.285179044380602e-14
6143.499999999999,3.2857428552157303e-14
6143.999999999999,3.286667658225595e-14
6144.499999999999,3.2873280363298416e-14
6144.999999999999,3.2877872738696735e-14
6145.499999999999,3.288468204049202e-14
6145.999999999999,3.288970623842744e-14
6146.499999999999,3.289389800742831e-14
6146.999999999999,3.2898433545311065e-14
6147.499999999999,3.2903730448726235e-14
6147.999999999999,3.2912754925752126e-14
6148.499999999998,3.2918022818581356e-14
6148.999999999999,3.292343379070332e-14
6149.499999999998,3.29322615061167e-14
6149.999999999998,3.2940150511552866e-14
6150.499999999998,3.2946252162826805e-14
6150.999999999998,3.2949844314546135e-14
6151.499999999998,3.295516137838318e-14
6151.999999999998,3.296086979329997e-14
6152.499999999998,3.296696986547652e-14
6152.999999999998,3.297321815192621e-14
6153.499999999998,3.297814291393133e-14
6153.999999999998,3.2982728102871914e-14
6154.499999999998,3.2988547200851013e-14
6154.999999999998,3.299044764891882e-14
6155.499999999998,3.299791360029981e-14
6155.999999999998,3.300465793238408e-14
6156.499999999999,3.301145255744575e-14
6156.999999999999,3.3017271593731516e-14
6157.499999999999,3.302158014405265e-14
6157.999999999999,3.302469559440138e-14
6158.499999999999,3.302894114021258e-14
6158.999999999999,3.303149085710018e-14
6159.499999999999,3.30356022243137e-14
6159.999999999999,3.303872001713794e-14
6160.499999999999,3.3039758984823127e-14
6160.999999999999,3.3038964499699845e-14
6161.499999999999,3.304117758377641e-14
6161.999999999999,3.30387573542075e-14
6162.499999999999,3.3040714710310006e-14
6162.999999999998,3.303800225117514e-14
6163.499999999998,3.303858095347577e-14
6163.999999999998,3.3034897155286917e-14
6164.499999999998,3.303293587001481e-14
6164.999999999998,3.3028118085073465e-14
6165.499999999998,3.302347254371495e-14
6165.999999999998,3.301731674248572e-14
6166.499999999998,3.301173404986738e-14
6166.999999999998,3.300511312743276e-14
6167.499999999998,3.299691557230952e-14
6167.999999999998,3.2988993061577193e-14
6168.499999999998,3.298188343372924e-14
6168.999999999998,3.297400291599193e-14
6169.499999999998,3.296385953710812e-14
6169.999999999998,3.295510645982107e-14
6170.499999999999,3.2942980234134064e-14
6170.999999999999,3.293104600996856e-14
6171.499999999999,3.292126320592201e-14
6171.999999999999,3.2908236789985314e-14
6172.499999999999,3.2899488599906916e-14
6172.999999999999,3.2888579550927244e-14
6173.499999999999,3.287616264201503e-14
6173.999999999999,3.286411425383558e-14
6174.499999999999,3.2852185466218516e-14
6174.999999999999,3.28433168781996e-14
6175.499999999999,3.283504351364831e-14
6175.999999999999,3.2823221208582264e-14
6176.499999999998,3.280964220888757e-14
6176.999999999999,3.28002763186024e-14
6177.499999999998,3.27890811470139e-14
6177.999999999998,3.278033244414458e-14
6178.499999999998,3.276827703830373e-14
6178.999999999998,3.275538286115562e-14
6179.499999999998,3.274589148106993e-14
6179.999999999998,3.2736191726862533e-14
6180.499999999998,3.2727075775047344e-14
6180.999999999998,3.271814397157743e-14
6181.499999999998,3.270975775468587e-14
6181.999999999998,3.270289558521677e-14
6182.499999999998,3.2696274045439686e-14
6182.999999999998,3.26895163887891e-14
6183.499999999998,3.268279646818663e-14
6183.999999999998,3.267654036527236e-14
6184.499999999999,3.26723754795198e-14
6184.999999999999,3.2669574286606586e-14
6185.499999999999,3.266480389420329e-14
6185.999999999999,3.266097121689151e-14
6186.499999999999,3.265755182073738e-14
6186.999999999999,3.2656081798427846e-14
6187.499999999999,3.265289948124547e-14
6187.999999999999,3.265253646731976e-14
6188.499999999999,3.265045594647621e-14
6188.999999999999,3.264642848425776e-14
6189.499999999999,3.264335630858727e-14
6189.999999999999,3.2641355578005954e-14
6190.499999999999,3.2639956033549063e-14
6190.999999999998,3.26375086415705e-14
6191.499999999998,3.263599269172281e-14
6191.999999999998,3.263366844369628e-14
6192.499999999998,3.2631391453171646e-14
6192.999999999998,3.2630738478233105e-14
6193.499999999998,3.2630002211242096e-14
6193.999999999998,3.2630267895056734e-14
6194.499999999998,3.26273355187214e-14
6194.999999999998,3.262773882538261e-14
6195.499999999998,3.262488007134204e-14
6195.999999999998,3.2623895777071994e-14
6196.499999999998,3.262317962628116e-14
6196.999999999998,3.262335175636209e-14
6197.499999999998,3.2623447687397826e-14
6197.999999999998,3.26238554684052e-14
6198.499999999999,3.2624394621392054e-14
6198.999999999999,3.262303920897024e-14
6199.499999999999,3.262267163662954e-14
6199.999999999999,3.262278134484974e-14
6200.499999999999,3.262453185922728e-14
6200.999999999999,3.2626883343601445e-14
6201.499999999999,3.262887603901724e-14
6201.999999999999,3.262959539258034e-14
6202.499999999999,3.2632015628770255e-14
6202.999999999999,3.2632696761685256e-14
6203.499999999999,3.2637639254532436e-14
6203.999999999999,3.264119153179133e-14
6204.499999999999,3.264454530569191e-14
6204.999999999999,3.264886621022224e-14
6205.499999999998,3.265158792184377e-14
6205.999999999998,3.2656158857698625e-14
6206.499999999998,3.265850740412248e-14
6206.999999999998,3.266532849900383e-14
6207.499999999998,3.266858380432752e-14
6207.999999999998,3.267136021184184e-14
6208.499999999998,3.2676188700980265e-14
6208.999999999998,3.2682587197909267e-14
6209.499999999998,3.2688694567003904e-14
6209.999999999998,3.26940317490133e-14
6210.499999999998,3.270032043847882e-14
6210.999999999998,3.270482488655683e-14
6211.499999999998,3.2709141190527475e-14
6211.999999999998,3.271382725366777e-14
6212.499999999998,3.2720829183208793e-14
6212.999999999999,3.272703157495618e-14
6213.499999999999,3.273318460506211e-14
6213.999999999999,3.27395017676513e-14
6214.499999999999,3.2745853121217106e-14
6214.999999999999,3.275278505306897e-14
6215.499999999999,3.2761701478077174e-14
6215.999999999999,3.276861854246675e-14
6216.499999999999,3.2774636427004665e-14
6216.999999999999,3.277849731206626e-14
6217.499999999999,3.278227631710044e-14
6217.999999999999,3.278882566809636e-14
6218.499999999999,3.2797204387539375e-14
6218.999999999998,3.280103161013165e-14
6219.499999999999,3.2806892284968415e-14
6219.999999999998,3.281515272317156e-14
6220.499999999998,3.282164484831671e-14
6220.999999999998,3.282907402674728e-14
6221.499999999998,3.2833812988560847e-14
6221.999999999998,3.284008292157267e-14
6222.499999999998,3.284765940999891e-14
6222.999999999998,3.2856674116894435e-14
6223.499999999998,3.28650908028644e-14
6223.999999999998,3.2872178362031975e-14
6224.499999999998,3.2879889990346705e-14
6224.999999999998,3.2890956311405654e-14
6225.499999999998,3.290072617139024e-14
6225.999999999998,3.290992626729382e-14
6226.499999999998,3.2918292545627224e-14
6226.999999999999,3.2924771797298334e-14
6227.499999999999,3.2935536057135963e-14
6227.999999999999,3.294496609001477e-14
6228.499999999999,3.29537781630844e-14
6228.999999999999,3.296449526584899e-14
6229.499999999999,3.297547909539898e-14
6229.999999999999,3.298553695601852e-14
6230.499999999999,3.2997739332968187e-14
6230.999999999999,3.3008301714014924e-14
6231.499999999999,3.301969904035793e-14
6231.999999999999,3.3026208444818823e-14
6232.499999999999,3.303462417927122e-14
6232.999999999999,3.304131975241724e-14
6233.499999999998,3.305060936224812e-14
6233.999999999998,3.305978023516471e-14
6234.499999999998,3.3067248141711113e-14
6234.999999999998,3.30743978943887e-14
6235.499999999998,3.30823727371048e-14
6235.999999999998,3.309077020877931e-14
6236.499999999998,3.3098075497048696e-14
6236.999999999998,3.310503221152709e-14
6237.499999999998,3.3111649399461117e-14
6237.999999999998,3.3118720582895134e-14
6238.499999999998,3.3125418985038115e-14
6238.999999999998,3.3133274005981015e-14
6239.499999999998,3.313824614030055e-14
6239.999999999998,3.3141848229515294e-14
6240.499999999998,3.3145645504694727e-14
6240.999999999999,3.315133252935236e-14
6241.499999999999,3.3153694881384943e-14
6241.999999999999,3.3156890692596385e-14
6242.499999999999,3.3157361253363546e-14
6242.999999999999,3.315934785519271e-14
6243.499999999999,3.315867023956837e-14
6243.999999999999,3.315974884579678e-14
6244.499999999999,3.3158388522095916e-14
6244.999999999999,3.3155923623489157e-14
6245.499999999999,3.315272853131939e-14
6245.999999999999,3.31502259700493e-14
6246.499999999999,3.314793784226437e-14
6246.999999999998,3.3145197223499065e-14
6247.499999999999,3.314270861413674e-14
6247.999999999998,3.3136069015385336e-14
6248.499999999998,3.313286250895149e-14
6248.999999999998,3.312668192896173e-14
6249.499999999998,3.311766500712394e-14
6249.999999999998,3.311010145536844e-14
6250.499999999998,3.310014134490219e-14
6250.999999999998,3.309037304503898e-14
6251.499999999998,3.30805262785046e-14
6251.999999999998,3.306937111251584e-14
6252.499999999998,3.305992194415758e-14
6252.999999999998,3.3047344013481987e-14
6253.499999999998,3.3035806311788224e-14
6253.999999999998,3.302463963892198e-14
6254.499999999998,3.3013274668697416e-14
6254.999999999998,3.300188060758836e-14
6255.499999999999,3.298850393443503e-14
6255.999999999999,3.297429674535612e-14
6256.499999999999,3.296178986922238e-14
6256.999999999999,3.294975317705389e-14
6257.499999999999,3.2935645882827875e-14
6257.999999999999,3.2920987240273216e-14
6258.499999999999,3.2908864363060545e-14
6258.999999999999,3.289561257026839e-14
6259.499999999999,3.288088564337059e-14
6259.999999999999,3.286843732724117e-14
6260.499999999999,3.285685851208831e-14
6260.999999999999,3.284494693436525e-14
6261.499999999998,3.2834652808612164e-14
6261.999999999998,3.2824627433827945e-14
6262.499999999998,3.281371628606299e-14
6262.999999999998,3.2800994677899744e-14
6263.499999999998,3.279164292529869e-14
6263.999999999998,3.278529362031887e-14
6264.499999999998,3.277911383654966e-14
6264.999999999998,3.277484077917283e-14
6265.499999999998,3.277148916129853e-14
6265.999999999998,3.276813649322858e-14
6266.499999999998,3.276400374296224e-14
6266.999999999998,3.276498191089467e-14
6267.499999999998,3.27622765450312e-14
6267.999999999998,3.2762776450904054e-14
6268.499999999998,3.2762214717687757e-14
6268.999999999998,3.2764263334626636e-14
6269.499999999999,3.2765647418568766e-14
6269.999999999999,3.276875214918816e-14
6270.499999999999,3.277314820255754e-14
6270.999999999999,3.277880118427433e-14
6271.499999999999,3.2785809842556776e-14
6271.999999999999,3.2793123656113744e-14
6272.499999999999,3.279891527079378e-14
6272.999999999999,3.2806041921102954e-14
6273.499999999999,3.2814425390548026e-14
6273.999999999999,3.282303727801262e-14
6274.499999999999,3.2831224775017985e-14
6274.999999999999,3.2841021568648005e-14
6275.499999999999,3.285021331723121e-14
6275.999999999998,3.285801305637117e-14
6276.499999999998,3.286549897025193e-14
6276.999999999998,3.2874328661574374e-14
6277.499999999998,3.2884370551531114e-14
6277.999999999998,3.289230940754155e-14
6278.499999999998,3.290145125186468e-14
6278.999999999998,3.2910955743497914e-14
6279.499999999998,3.2917713862616404e-14
6279.999999999998,3.292544884477004e-14
6280.499999999998,3.2932151637299075e-14
6280.999999999998,3.293519755080236e-14
6281.499999999998,3.294194498847205e-14
6281.999999999998,3.294786120974513e-14
6282.499999999998,3.29506895681053e-14
6282.999999999998,3.295114892718419e-14
6283.499999999999,3.2953583751021563e-14
6283.999999999999,3.295401950934861e-14
6284.499999999999,3.295586352160183e-14
6284.999999999999,3.295591788842061e-14
6285.499999999999,3.295523997415502e-14
6285.999999999999,3.295599617367437e-14
6286.499999999999,3.2957109270686344e-14
6286.999999999999,3.2957324642565945e-14
6287.499999999999,3.295681607216902e-14
6287.999999999999,3.295655623890165e-14
6288.499999999999,3.295650965395662e-14
6288.999999999999,3.295715580693656e-14
6289.499999999998,3.2954740275672895e-14
6289.999999999999,3.295373517228642e-14
6290.499999999998,3.2953081075263e-14
6290.999999999998,3.295055804274897e-14
6291.499999999998,3.294952974410558e-14
6291.999999999998,3.29503694696872e-14
6292.499999999998,3.2949664821849767e-14
6292.999999999998,3.295076851189071e-14
6293.499999999998,3.295038741179009e-14
6293.999999999998,3.2950285086003516e-14
6294.499999999998,3.294785533744228e-14
6294.999999999998,3.295098540869836e-14
6295.499999999998,3.295325775177342e-14
6295.999999999998,3.29537118000056e-14
6296.499999999998,3.2956534056627476e-14
6296.999999999998,3.2959120765936784e-14
6297.499999999999,3.295845320535423e-14
6297.999999999999,3.2960540635352053e-14
6298.499999999999,3.2963996255884483e-14
6298.999999999999,3.2966981654754007e-14
6299.499999999999,3.2969527036520266e-14
6299.999999999999,3.2972178684473563e-14
6300.499999999999,3.2975781374269753e-14
6300.999999999999,3.297906335446825e-14
6301.499999999999,3.298276985194909e-14
6301.999999999999,3.2986005558551493e-14
6302.499999999999,3.298937896513241e-14
6302.999999999999,3.2993632920936304e-14
6303.499999999999,3.299873972292195e-14
6303.999999999998,3.3002510283458727e-14
6304.499999999998,3.3005503962880476e-14
6304.999999999998,3.3013122300755065e-14
6305.499999999998,3.301707701876411e-14
6305.999999999998,3.3019239445395656e-14
6306.499999999998,3.30250313733721e-14
6306.999999999998,3.302915974699402e-14
6307.499999999998,3.303331892107487e-14
6307.999999999998,3.303849326695079e-14
6308.499999999998,3.304336103014871e-14
6308.999999999998,3.3050426599561836e-14
6309.499999999998,3.305447754424995e-14
6309.999999999998,3.306041767968181e-14
6310.499999999998,3.306623389185891e-14
6310.999999999998,3.3071086981825135e-14
6311.499999999998,3.307672686282052e-14
6311.999999999999,3.3083602946593256e-14
6312.499999999999,3.3089625551893854e-14
6312.999999999999,3.3097883996290216e-14
6313.499999999999,3.310409946848666e-14
6313.999999999999,3.3106833545984327e-14
6314.499999999999,3.3110362963486785e-14
6314.999999999999,3.311293092836677e-14
6315.499999999999,3.3117757982989977e-14
6315.999999999999,3.31237930424804e-14
6316.499999999999,3.3127918455500444e-14
6316.999999999999,3.313050973189347e-14
6317.499999999998,3.313237364422349e-14
6317.999999999999,3.3135393991818756e-14
6318.499999999998,3.313524940995711e-14
6318.999999999998,3.313707842222923e-14
6319.499999999998,3.3139889414546266e-14
6319.999999999998,3.314050756189983e-14
6320.499999999998,3.3139291415948596e-14
6320.999999999998,3.314081014595243e-14
6321.499999999998,3.314002573586679e-14
6321.999999999998,3.3141526968593574e-14
6322.499999999998,3.314293872689631e-14
6322.999999999998,3.3145588921955556e-14
6323.499999999998,3.314715615338643e-14
6323.999999999998,3.314915506260335e-14
6324.499999999998,3.3149862737436176e-14
6324.999999999998,3.315188110771717e-14
6325.499999999998,3.31543526942838e-14
6325.999999999999,3.315646797227792e-14
6326.499999999999,3.3159077779000816e-14
6326.999999999999,3.316267083454043e-14
6327.499999999999,3.316550989229351e-14
6327.999999999999,3.3169088003335265e-14
6328.499999999999,3.317218704674698e-14
6328.999999999999,3.317710441490536e-14
6329.499999999999,3.318132287956266e-14
6329.999999999999,3.318692102716899e-14
6330.499999999999,3.318997060800211e-14
6330.999999999999,3.3196102061229245e-14
6331.499999999999,3.3205182268932535e-14
6331.999999999998,3.3211013593666114e-14
6332.499999999998,3.3215060441494243e-14
6332.999999999998,3.3220740295360575e-14
6333.499999999998,3.322469480483173e-14
6333.999999999998,3.3232128321138367e-14
6334.499999999998,3.323279440802656e-14
6334.999999999998,3.324033014165272e-14
6335.499999999998,3.3244534471678915e-14
6335.999999999998,3.3252135673233925e-14
6336.499999999998,3.3255964697288646e-14
6336.999999999998,3.326451672154403e-14
6337.499999999998,3.326648573993247e-14
6337.999999999998,3.327171628658022e-14
6338.499999999998,3.327841652581665e-14
6338.999999999998,3.328353620608657e-14
6339.499999999998,3.328848684981231e-14
6339.999999999999,3.3291545410060516e-14
6340.499999999999,3.329381579992044e-14
6340.999999999999,3.3296732291664383e-14
6341.499999999999,3.32971723463328e-14
6341.999999999999,3.329989536961418e-14
6342.499999999999,3.330235830096264e-14
6342.999999999999,3.330269476633683e-14
6343.499999999999,3.330404662695526e-14
6343.999999999999,3.330257957197581e-14
6344.499999999999,3.330130438033281e-14
6344.999999999999,3.3299803369775607e-14
6345.499999999999,3.330149339145342e-14
6345.999999999999,3.3299769865935877e-14
6346.499999999998,3.329601946936227e-14
6346.999999999998,3.329438991135361e-14
6347.499999999998,3.3291500597194505e-14
6347.999999999998,3.328809608537165e-14
6348.499999999998,3.328179180607569e-14
6348.999999999998,3.327971526625117e-14
6349.499999999998,3.327488822946214e-14
6349.999999999998,3.3269430573354596e-14
6350.499999999998,3.3261003938113064e-14
6350.999999999998,3.3254027534031883e-14
6351.499999999998,3.324773970391368e-14
6351.999999999998,3.323945049436523e-14
6352.499999999998,3.323413707537633e-14
6352.999999999998,3.323071374238546e-14
6353.499999999998,3.322377329044027e-14
6353.999999999999,3.321604215708109e-14
6354.499999999999,3.3209097497433255e-14
6354.999999999999,3.3202270509396745e-14
6355.499999999999,3.31945789424064e-14
6355.999999999999,3.3186221483459906e-14
6356.499999999999,3.317881282030089e-14
6356.999999999999,3.3170256233546465e-14
6357.499999999999,3.3160465626813817e-14
6357.999999999999,3.3152056059508844e-14
6358.499999999999,3.3142138817024e-14
6358.999999999999,3.3130817555425204e-14
6359.499999999999,3.312086068200296e-14
6359.999999999998,3.311061957189452e-14
6360.499999999999,3.310186210563333e-14
6360.999999999998,3.309009019441045e-14
6361.499999999998,3.3080867986663276e-14
6361.999999999998,3.3071199703466046e-14
6362.499999999998,3.3059653298824265e-14
6362.999999999998,3.3050024693095675e-14
6363.499999999998,3.303773594586877e-14
6363.999999999998,3.3026724047547937e-14
6364.499999999998,3.301531791988154e-14
6364.999999999998,3.300082976167156e-14
6365.499999999998,3.2987106451021634e-14
6365.999999999998,3.297586022605978e-14
6366.499999999998,3.2962276115437405e-14
6366.999999999998,3.2947943339318003e-14
6367.499999999998,3.293654004711569e-14
6367.999999999998,3.2920876137410186e-14
6368.499999999999,3.290622859140765e-14
6368.999999999999,3.2890982438157744e-14
6369.499999999999,3.287688983538255e-14
6369.999999999999,3.286229502918426e-14
6370.499999999999,3.2844930948592103e-14
6370.999999999999,3.282892813244813e-14
6371.499999999999,3.281290672419408e-14
6371.999999999999,3.279254224123416e-14
6372.499999999999,3.2774399822051255e-14
6372.999999999999,3.275734726866174e-14
6373.499999999998,3.273830241016213e-14
6373.999999999999,3.271960690573206e-14
6374.499999999998,3.2700348844212374e-14
6374.999999999999,3.2681811832149744e-14
6375.499999999998,3.266162828379488e-14
6375.999999999998,3.2640919276437175e-14
6376.499999999998,3.261959359779767e-14
6376.999999999998,3.2598154684837894e-14
6377.499999999998,3.2575431774410514e-14
6377.999999999998,3.255472590302983e-14
6378.499999999998,3.253475816954106e-14
6378.999999999998,3.25142940604617e-14
6379.499999999998,3.249526496983818e-14
6379.999999999998,3.247392958668267e-14
6380.499999999998,3.245404269262915e-14
6380.999999999998,3.2434680335876934e-14
6381.499999999998,3.2412592850130064e-14
6381.999999999998,3.2391024559550835e-14
6382.499999999999,3.23714819474296e-14
6382.999999999999,3.235074764157027e-14
6383.499999999999,3.2331774190951654e-14
6383.999999999999,3.2313775680101345e-14
6384.499999999999,3.2293140183821255e-14
6384.999999999999,3.2271425854208344e-14
6385.499999999999,3.2250576130095304e-14
6385.999999999999,3.222978287373079e-14
6386.499999999999,3.221122638289093e-14
6386.999999999999,3.2194609848754484e-14
6387.499999999999,3.2177085678319836e-14
6387.999999999998,3.2158686504951306e-14
6388.499999999999,3.213918601615544e-14
6388.999999999998,3.212185293527789e-14
6389.499999999998,3.2103710098776894e-14
6389.999999999998,3.208711652369899e-14
6390.499999999998,3.206833075750964e-14
6390.999999999998,3.2052849930151874e-14
6391.499999999998,3.203864498593544e-14
6391.999999999998,3.202306222272744e-14
6392.499999999998,3.20099332638684e-14
6392.999999999998,3.199463478782375e-14
6393.499999999998,3.197935150888645e-14
6393.999999999998,3.196491043303406e-14
6394.499999999998,3.19504557852163e-14
6394.999999999998,3.193262962262494e-14
6395.499999999998,3.191840423647892e-14
6395.999999999998,3.1904564561699156e-14
6396.499999999999,3.188810642334125e-14
6396.999999999999,3.187407992953332e-14
6397.499999999999,3.1860328203045597e-14
6397.999999999999,3.1848127832173365e-14
6398.499999999999,3.1834157687771054e-14
6398.999999999999,3.181900377001845e-14
6399.499999999999,3.1806953173459423e-14
6399.999999999999,3.1793991025828294e-14
6400.499999999999,3.178384128499481e-14
6400.999999999999,3.1768039269293037e-14
6401.499999999999,3.1758006983208913e-14
6401.999999999999,3.17458881613543e-14
6402.499999999998,3.1734371164089925e-14
6402.999999999999,3.171967078205423e-14
6403.499999999998,3.170668536024918e-14
6403.999999999998,3.1696327879254474e-14
6404.499999999998,3.16839139301559e-14
6404.999999999998,3.16724507494798e-14
6405.499999999998,3.165881615241792e-14
6405.999999999998,3.1646305418274214e-14
6406.499999999998,3.163652310328396e-14
6406.999999999998,3.162548078066742e-14
6407.499999999998,3.161560291096403e-14
6407.999999999998,3.160401595364569e-14
6408.499999999998,3.1592536244440636e-14
6408.999999999998,3.15813206483084e-14
6409.499999999998,3.157074185788946e-14
6409.999999999998,3.156118290258777e-14
6410.499999999999,3.155000080208251e-14
6410.999999999999,3.153804200637661e-14
6411.499999999999,3.152446537743623e-14
6411.999999999999,3.1513444864846324e-14
6412.499999999999,3.15023870757627e-14
6412.999999999999,3.1491686092760014e-14
6413.499999999999,3.147852808751364e-14
6413.999999999999,3.1466873979645803e-14
6414.499999999999,3.145343113802584e-14
6414.999999999999,3.14432276943513e-14
6415.499999999999,3.143383342230281e-14
6415.999999999998,3.1420666167694265e-14
6416.499999999999,3.1408561762631914e-14
6416.999999999998,3.13989628434032e-14
6417.499999999998,3.1387770511315023e-14
6417.999999999998,3.1375681520032226e-14
6418.499999999998,3.136372633036245e-14
6418.999999999998,3.135312700871639e-14
6419.499999999998,3.134268149215804e-14
6419.999999999998,3.1330495302961674e-14
6420.499999999998,3.1319721016517263e-14
6420.999999999998,3.130792434331309e-14
6421.499999999998,3.1292498581549903e-14
6421.999999999998,3.128226109521406e-14
6422.499999999998,3.127347623480834e-14
6422.999999999998,3.126410907203368e-14
6423.499999999998,3.1255460061895965e-14
6423.999999999998,3.124540394292111e-14
6424.499999999998,3.123724749017289e-14
6424.999999999999,3.1229377583284386e-14
6425.499999999999,3.1222951884287425e-14
6425.999999999999,3.121299259513577e-14
6426.499999999999,3.120595208743737e-14
6426.999999999999,3.119888931467932e-14
6427.499999999999,3.1195264955253774e-14
6427.999999999999,3.118711740564015e-14
6428.499999999999,3.118156156116507e-14
6428.999999999999,3.117824934078325e-14
6429.499999999999,3.117487843873802e-14
6429.999999999999,3.117129048863552e-14
6430.499999999998,3.1166017484714736e-14
6430.999999999999,3.116140903633581e-14
6431.499999999998,3.1160359021509064e-14
6431.999999999998,3.115554545178116e-14
6432.499999999998,3.1153317835886975e-14
6432.999999999998,3.115334507360916e-14
6433.499999999998,3.115223754056241e-14
6433.999999999998,3.1151745890389266e-14
6434.499999999998,3.114959272397558e-14
6434.999999999998,3.115006883711875e-14
6435.499999999998,3.1151254575035026e-14
6435.999999999998,3.1152526508008075e-14
6436.499999999998,3.115254528535769e-14
6436.999999999998,3.115246413071656e-14
6437.499999999998,3.115473722293236e-14
6437.999999999998,3.1157380658379905e-14
6438.499999999998,3.116006061536594e-14
6438.999999999999,3.116338533282854e-14
6439.499999999999,3.11669056291309e-14
6439.999999999999,3.116743077883962e-14
6440.499999999999,3.117091663727675e-14
6440.999999999999,3.117642938960121e-14
6441.499999999999,3.1182075807702676e-14
6441.999999999999,3.118762767289708e-14
6442.499999999999,3.1193811759604994e-14
6442.999999999999,3.119897849114633e-14
6443.499999999999,3.120645743822915e-14
6443.999999999998,3.121429884810859e-14
6444.499999999999,3.1221939899909495e-14
6444.999999999998,3.12303995880143e-14
6445.499999999999,3.124022959362274e-14
6445.999999999998,3.124778252163527e-14
6446.499999999998,3.125439200268186e-14
6446.999999999998,3.126327492170488e-14
6447.499999999998,3.127358712343727e-14
6447.999999999998,3.128572174273332e-14
6448.499999999998,3.1296178848940385e-14
6448.999999999998,3.130710767962577e-14
6449.499999999998,3.131784482277841e-14
6449.999999999998,3.1328949764312895e-14
6450.499999999998,3.134157431125074e-14
6450.999999999998,3.13540526508069e-14
6451.499999999998,3.136364446418149e-14
6451.999999999998,3.13770663762516e-14
6452.499999999998,3.138872237797552e-14
6452.999999999999,3.1401180924326024e-14
6453.499999999999,3.141422130137075e-14
6453.999999999999,3.1426726440922406e-14
6454.499999999999,3.143937745178395e-14
6454.999999999999,3.145099330257236e-14
6455.499999999999,3.146122170267212e-14
6455.999999999999,3.14716360049429e-14
6456.499999999999,3.1483281555547945e-14
6456.999999999999,3.149390707085075e-14
6457.499999999999,3.1503991255218256e-14
6457.999999999999,3.151374345417669e-14
6458.499999999998,3.15257148468176e-14
6458.999999999999,3.153364723678387e-14
6459.499999999998,3.154101407608832e-14
6459.999999999998,3.154953190276053e-14
6460.499999999998,3.155779411192797e-14
6460.999999999998,3.156591695643054e-14
6461.499999999998,3.1573479594371e-14
6461.999999999998,3.15792664973266e-14
6462.499999999998,3.1587252742985586e-14
6462.999999999998,3.1594871674043925e-14
6463.499999999998,3.160369830343628e-14
6463.999999999998,3.1610821326543425e-14
6464.499999999998,3.16155656896613e-14
6464.999999999998,3.1622109040393093e-14
6465.499999999998,3.162898399341966e-14
6465.999999999998,3.163480735308858e-14
6466.499999999998,3.1642349911197825e-14
6466.999999999999,3.16484213455066e-14
6467.499999999999,3.16538212994144e-14
6467.999999999999,3.1662130876734156e-14
6468.499999999999,3.1670546904261324e-14
6468.999999999999,3.1676600820026733e-14
6469.499999999999,3.1682783897410925e-14
6469.999999999999,3.168900227714512e-14
6470.499999999999,3.1695688629135296e-14
6470.999999999999,3.1704873330224293e-14
6471.499999999999,3.171183332263967e-14
6471.999999999999,3.1718935699492114e-14
6472.499999999999,3.17283052583853e-14
6472.999999999998,3.1735450258503324e-14
6473.499999999999,3.1744044800584195e-14
6473.999999999998,3.1750159726769884e-14
6474.499999999998,3.1757490080385525e-14
6474.999999999998,3.176561711640666e-14
6475.499999999998,3.177490492146269e-14
6475.999999999998,3.178282216691434e-14
6476.499999999998,3.1792169860954774e-14
6476.999999999998,3.1801814305588485e-14
6477.499999999998,3.180957935836846e-14
6477.999999999998,3.1817240314543e-14
6478.499999999998,3.182726788397261e-14
6478.999999999998,3.183533409535698e-14
6479.499999999998,3.184533905960267e-14
6479.999999999998,3.185582390938964e-14
6480.499999999998,3.186633880684418e-14
6480.999999999998,3.1877625359215396e-14
6481.499999999999,3.1886509056982037e-14
6481.999999999999,3.1899329549359525e-14
6482.499999999999,3.190954884272566e-14
6482.999999999999,3.1919559541204646e-14
6483.499999999999,3.1928934789378454e-14
6483.999999999999,3.193988543914679e-14
6484.499999999999,3.194750162880356e-14
6484.999999999999,3.1955042577763614e-14
6485.499999999999,3.196369948499446e-14
6485.999999999999,3.197274222004904e-14
6486.499999999998,3.198065615536301e-14
6486.999999999999,3.198715102935665e-14
6487.499999999998,3.1995758019679974e-14
6487.999999999998,3.200429853123513e-14
6488.499999999998,3.201000899090126e-14
6488.999999999998,3.201725993677918e-14
6489.499999999998,3.202432803838087e-14
6489.999999999998,3.203014950006131e-14
6490.499999999998,3.2034746944475414e-14
6490.999999999998,3.2036857893798716e-14
6491.499999999998,3.203931378870497e-14
6491.999999999998,3.204176859988951e-14
6492.499999999998,3.2041883459077184e-14
6492.999999999998,3.2041574255991506e-14
6493.499999999998,3.2040740685668194e-14
6493.999999999998,3.2036120717966575e-14
6494.499999999998,3.2034133289516715e-14
6494.999999999998,3.202776584276472e-14
6495.499999999999,3.202016736804757e-14
6495.999999999999,3.2010827971533124e-14
6496.499999999999,3.200046715398078e-14
6496.999999999999,3.198845386654004e-14
6497.499999999999,3.197455566717679e-14
6497.999999999999,3.1961020158373006e-14
6498.499999999999,3.194615142527747e-14
6498.999999999999,3.1929370726715405e-14
6499.499999999999,3.190959021049156e-14
6499.999999999999,3.188856989733029e-14
6500.499999999999,3.186718970499168e-14
6500.999999999998,3.184332848078085e-14
6501.499999999999,3.182084234234344e-14
6501.999999999998,3.179735216217539e-14
6502.499999999998,3.1773501491433795e-14
6502.999999999998,3.1750388020599515e-14
6503.499999999998,3.1726721262152847e-14
6503.999999999998,3.170389213316796e-14
6504.499999999998,3.167804593996516e-14
6504.999999999998,3.1653387623912064e-14
6505.499999999998,3.16294502504802e-14
6505.999999999998,3.160374152914633e-14
6506.499999999998,3.157816616193376e-14
6506.999999999998,3.1552393705271784e-14
6507.499999999998,3.1527081288544885e-14
6507.999999999998,3.150104878928552e-14
6508.499999999998,3.147578038750027e-14
6508.999999999998,3.145094531979488e-14
6509.499999999999,3.14279218941993e-14
6509.999999999999,3.140474310795902e-14
6510.499999999999,3.138164626604013e-14
6510.999999999999,3.135919023810661e-14
6511.499999999999,3.1335545536105273e-14
6511.999999999999,3.131372296985207e-14
6512.499999999999,3.1290784748701974e-14
6512.999999999999,3.1269726086154946e-14
6513.499999999999,3.124855354258368e-14
6513.999999999999,3.12269290888839e-14
6514.499999999998,3.120783264586106e-14
6514.999999999999,3.118695857836298e-14
6515.499999999998,3.1166297701134094e-14
6515.999999999999,3.114692040276319e-14
6516.499999999998,3.112616716488945e-14
6516.999999999998,3.1105902410892514e-14
6517.499999999998,3.1085129983313575e-14
6517.999999999998,3.1067545585261845e-14
6518.499999999998,3.10488581311312e-14
6518.999999999998,3.1029465692447774e-14
6519.499999999998,3.100888567887992e-14
6519.999999999998,3.0990560277863754e-14
6520.499999999998,3.0971806228748076e-14
6520.999999999998,3.095624629014877e-14
6521.499999999998,3.093975164818157e-14
6521.999999999998,3.092404275383242e-14
6522.499999999998,3.0910410132450004e-14
6522.999999999998,3.0894544837310916e-14
6523.499999999999,3.087970519620707e-14
6523.999999999999,3.0864323831167665e-14
6524.499999999999,3.085203443245798e-14
6524.999999999999,3.08406740287027e-14
6525.499999999999,3.083008453919448e-14
6525.999999999999,3.081903777063327e-14
6526.499999999999,3.080833673124003e-14
6526.999999999999,3.0799419576651367e-14
6527.499999999999,3.0793333667092544e-14
6527.999999999999,3.078950928789775e-14
6528.499999999999,3.0783767574156626e-14
6528.999999999998,3.078072000827498e-14
6529.499999999999,3.078170306588935e-14
6529.999999999998,3.07808586645018e-14
6530.499999999998,3.078272427485494e-14
6530.999999999998,3.078283997199453e-14
6531.499999999998,3.0784678524963474e-14
6531.999999999998,3.0790376453830804e-14
6532.499999999998,3.0796234964915425e-14
6532.999999999998,3.0803048673775085e-14
6533.499999999998,3.0811187338435646e-14
6533.999999999998,3.08185017917802e-14
6534.499999999998,3.0829322300120297e-14
6534.999999999998,3.08448715303657e-14
6535.499999999998,3.0860602345437255e-14
6535.999999999998,3.087564467866371e-14
6536.499999999998,3.0895903177015445e-14
6536.999999999998,3.091964542313481e-14
6537.499999999998,3.0943295639574436e-14
6537.999999999999,3.096554517686174e-14
6538.499999999999,3.098955750663193e-14
6538.999999999999,3.101672485503991e-14
6539.499999999999,3.1046043209835445e-14
6539.999999999999,3.1075674816798466e-14
6540.499999999999,3.110597710778989e-14
6540.999999999999,3.113850183982761e-14
6541.499999999999,3.117241143611582e-14
6541.999999999999,3.1206746262559736e-14
6542.499999999999,3.1244266619586996e-14
6542.999999999999,3.1281578412164e-14
6543.499999999998,3.132150199701259e-14
6543.999999999999,3.135763991046325e-14
6544.499999999998,3.139811934408066e-14
6544.999999999998,3.143877599741291e-14
6545.499999999998,3.147931634576191e-14
6545.999999999998,3.152174448158234e-14
6546.499999999998,3.15643757738114e-14
6546.999999999998,3.160964700298822e-14
6547.499999999998,3.165295175899709e-14
6547.999999999998,3.169868698590905e-14
6548.499999999998,3.174414923175771e-14
6548.999999999998,3.1789882956011934e-14
6549.499999999998,3.183599925014707e-14
6549.999999999998,3.1882826717631797e-14
6550.499999999998,3.192616385850351e-14
6550.999999999998,3.1970390951441327e-14
6551.499999999998,3.201349957294434e-14
6551.999999999999,3.205554569971112e-14
6552.499999999999,3.209751895380331e-14
6552.999999999999,3.213716839093961e-14
6553.499999999999,3.2177905363156605e-14
6553.999999999999,3.2213394958094e-14
6554.499999999999,3.2249089061157756e-14
6554.999999999999,3.2281830583545644e-14
6555.499999999999,3.2316385489345505e-14
6555.999999999999,3.23506871746895e-14
6556.499999999999,3.238048948240895e-14
6556.999999999998,3.240607476335772e-14
6557.499999999999,3.242954033960997e-14
6557.999999999998,3.245359813591013e-14
6558.499999999998,3.247276543491981e-14
6558.999999999998,3.248878810161569e-14
6559.499999999998,3.250285114500127e-14
6559.999999999998,3.2517115038483776e-14
6560.499999999998,3.252716235146802e-14
6560.999999999998,3.253632943895076e-14
6561.499999999998,3.2539814483042505e-14
6561.999999999998,3.2542759213947504e-14
6562.499999999998,3.254369519075748e-14
6562.999999999998,3.254181359188404e-14
6563.499999999998,3.253855111019177e-14
6563.999999999998,3.2531702914568873e-14
6564.499999999998,3.2524118408755384e-14
6564.999999999998,3.25150677544086e-14
6565.499999999998,3.2501672145925834e-14
6565.999999999999,3.248761469956251e-14
6566.499999999999,3.2470511952799747e-14
6566.999999999999,3.2450981527286844e-14
6567.499999999999,3.2426778567011534e-14
6567.999999999999,3.240071082279579e-14
6568.499999999999,3.237184618018848e-14
6568.999999999999,3.2342398171373684e-14
6569.499999999999,3.231375833173623e-14
6569.999999999999,3.228085125837702e-14
6570.499999999999,3.2243188983213264e-14
6570.999999999999,3.220940294906203e-14
6571.499999999998,3.217015480675315e-14
6571.999999999999,3.2130594589134783e-14
6572.499999999998,3.2087487537246856e-14
6572.999999999998,3.2047374163344467e-14
6573.499999999998,3.2005551594388347e-14
6573.999999999998,3.196090383968583e-14
6574.499999999998,3.191696994639727e-14
6574.999999999998,3.187183876727811e-14
6575.499999999998,3.182524516677857e-14
6575.999999999998,3.177900215987249e-14
6576.499999999998,3.173737035486679e-14
6576.999999999998,3.169127310295812e-14
6577.499999999998,3.164541703532744e-14
6577.999999999998,3.159834524532106e-14
6578.499999999998,3.155401917921178e-14
6578.999999999998,3.150993814161231e-14
6579.499999999998,3.146682870557646e-14
6579.999999999999,3.1425545554756194e-14
6580.499999999999,3.1383476788036274e-14
6580.999999999999,3.1344234540847066e-14
6581.499999999999,3.130529121421434e-14
6581.999999999999,3.126564598317895e-14
6582.499999999999,3.1229616546052835e-14
6582.999999999999,3.1192827065459646e-14
6583.499999999999,3.1159674491690255e-14
6583.999999999999,3.1128691412228e-14
6584.499999999999,3.110184346164524e-14
6584.999999999998,3.107078236474086e-14
6585.499999999999,3.104181431251385e-14
6585.999999999998,3.101279815206245e-14
6586.499999999999,3.098485850826097e-14
6586.999999999998,3.095742583189105e-14
6587.499999999998,3.09365568586744e-14
6587.999999999998,3.091420363080192e-14
6588.499999999998,3.089562879117832e-14
6588.999999999998,3.087577897647433e-14
6589.499999999998,3.086088822675719e-14
6589.999999999998,3.0843147575476554e-14
6590.499999999998,3.082823391412532e-14
6590.999999999998,3.081185235462766e-14
6591.499999999998,3.079861559849107e-14
6591.999999999998,3.0786358769959154e-14
6592.499999999998,3.0773867366613806e-14
6592.999999999998,3.0763293879606926e-14
6593.499999999998,3.075361361809226e-14
6593.999999999998,3.074201199040941e-14
6594.499999999999,3.073235068990709e-14
6594.999999999999,3.072316699533854e-14
6595.499999999999,3.0716843341041376e-14
6595.999999999999,3.070738535748529e-14
6596.499999999999,3.070258400336323e-14
6596.999999999999,3.069849004434397e-14
6597.499999999999,3.069527134384438e-14
6597.999999999999,3.0693633160776834e-14
6598.499999999999,3.0691501768092256e-14
6598.999999999999,3.068992568729163e-14
6599.499999999998,3.0688661770595135e-14
6599.999999999999,3.068843248796415e-14
6600.499999999998,3.0689249024234e-14
6600.999999999998,3.069060568932246e-14
6601.499999999998,3.069138517606996e-14
6601.999999999998,3.069566891830501e-14
6602.499999999998,3.070128119704775e-14
6602.999999999998,3.0704342070055176e-14
6603.499999999998,3.07083167037762e-14
6603.999999999998,3.0714325394875175e-14
6604.499999999998,3.07213889825203e-14
6604.999999999998,3.073030311060097e-14
6605.499999999998,3.073732532819843e-14
6605.999999999998,3.074287734441595e-14
6606.499999999998,3.075375109094562e-14
6606.999999999998,3.076227878387088e-14
6607.499999999998,3.07712293621544e-14
6607.999999999998,3.0782276214190916e-14
6608.499999999999,3.07923495319056e-14
6608.999999999999,3.0804361391370426e-14
6609.499999999999,3.0815751595939534e-14
6609.999999999999,3.082921541259674e-14
6610.499999999999,3.084202143937157e-14
6610.999999999999,3.085661667064135e-14
6611.499999999999,3.087135382492392e-14
6611.999999999999,3.0887062092435787e-14
6612.499999999999,3.090083785071664e-14
6612.999999999999,3.091341374088568e-14
6613.499999999999,3.092707966059416e-14
6613.999999999998,3.094398921222514e-14
6614.499999999999,3.0961020703073923e-14
6614.999999999998,3.0976693777488794e-14
6615.499999999998,3.09941427545715e-14
6615.999999999998,3.101100565300644e-14
6616.499999999998,3.1029905310652433e-14
6616.999999999998,3.104775099650117e-14
6617.499999999998,3.1066101094272635e-14
6617.999999999998,3.108550500472704e-14
6618.499999999998,3.110612736767489e-14
6618.999999999998,3.113060945657303e-14
6619.499999999998,3.1149791235562144e-14
6619.999999999998,3.116990434776757e-14
6620.499999999998,3.119109253169003e-14
6620.999999999998,3.121186753573175e-14
6621.499999999998,3.1233082661452356e-14
6621.999999999998,3.1255096661864684e-14
6622.499999999999,3.127762897173191e-14
6622.999999999999,3.129745220323607e-14
6623.499999999999,3.132080524486928e-14
6623.999999999999,3.1342688930564915e-14
6624.499999999999,3.1365120958737473e-14
6624.999999999999,3.138531264086982e-14
6625.499999999999,3.1407317094641863e-14
6625.999999999999,3.14309190932857e-14
6626.499999999999,3.145345710487955e-14
6626.999999999999,3.14738396966147e-14
6627.499999999998,3.149603072065198e-14
6627.999999999999,3.1519875939067776e-14
6628.499999999998,3.154119677287245e-14
6628.999999999998,3.156357530084268e-14
6629.499999999998,3.158650201272731e-14
6629.999999999998,3.160800244878307e-14
6630.499999999998,3.163071566103242e-14
6630.999999999998,3.1651287298714366e-14
6631.499999999998,3.167150608061636e-14
6631.999999999998,3.169393729963621e-14
6632.499999999998,3.171490769708739e-14
6632.999999999998,3.173580889727361e-14
6633.499999999998,3.175524577605325e-14
6633.999999999998,3.177426628134463e-14
6634.499999999998,3.179261849210872e-14
6634.999999999998,3.181055176956518e-14
6635.499999999998,3.1827047670245315e-14
6635.999999999998,3.184398533439347e-14
6636.499999999999,3.186060738618806e-14
6636.999999999999,3.18778859925653e-14
6637.499999999999,3.189163230863828e-14
6637.999999999999,3.1905324573994e-14
6638.499999999999,3.1919369513548864e-14
6638.999999999999,3.1933677528141275e-14
6639.499999999999,3.1946363669704144e-14
6639.999999999999,3.195607471940845e-14
6640.499999999999,3.196707732882246e-14
6640.999999999999,3.197793830607337e-14
6641.499999999999,3.198836925056932e-14
6641.999999999998,3.1998823872073304e-14
6642.499999999999,3.200757106474971e-14
6642.999999999998,3.201439456198153e-14
6643.499999999998,3.202227274497911e-14
6643.999999999998,3.2031594835110754e-14
6644.499999999998,3.20384143651616e-14
6644.999999999998,3.204493943248417e-14
6645.499999999998,3.205155522360499e-14
6645.999999999998,3.205671073018534e-14
6646.499999999998,3.2061016270248636e-14
6646.999999999998,3.2065718809706817e-14
6647.499999999998,3.2070095112134727e-14
6647.999999999998,3.2074694226269974e-14
6648.499999999998,3.207965893053739e-14
6648.999999999998,3.2084227246031167e-14
6649.499999999998,3.208757456929204e-14
6649.999999999998,3.20907267507359e-14
6650.499999999998,3.2096147615674404e-14
6650.999999999999,3.2099122731412694e-14
6651.499999999999,3.2101837838516746e-14
6651.999999999999,3.210560074144951e-14
6652.499999999999,3.210739040468299e-14
6652.999999999999,3.2108756889897293e-14
6653.499999999999,3.210792414069336e-14
6653.999999999999,3.211171016333771e-14
6654.499999999999,3.2112193309200214e-14
6654.999999999999,3.2114867924556337e-14
6655.499999999998,3.211596574501577e-14
6655.999999999999,3.2118538219746985e-14
6656.499999999998,3.211943408642639e-14
6656.999999999999,3.212036326849719e-14
6657.499999999998,3.212117683355134e-14
6657.999999999998,3.2121272097913704e-14
6658.499999999998,3.211924149408908e-14
6658.999999999998,3.2117918771477953e-14
6659.499999999998,3.211795610720257e-14
6659.999999999998,3.211547208240747e-14
6660.499999999998,3.2115359389996066e-14
6660.999999999998,3.21134395948518e-14
6661.499999999998,3.2113598097975916e-14
6661.999999999998,3.2111466713428286e-14
6662.499999999998,3.2109491036572556e-14
6662.999999999998,3.210909969523909e-14
6663.499999999998,3.2108302890505094e-14
6663.999999999998,3.210535041956165e-14
6664.499999999998,3.21023278088699e-14
6664.999999999999,3.209893740326413e-14
6665.499999999999,3.2095517700857946e-14
6665.999999999999,3.2091384048321456e-14
6666.499999999999,3.208564562538442e-14
6666.999999999999,3.2080254551493226e-14
6667.499999999999,3.207283174070623e-14
6667.999999999999,3.206736395123654e-14
6668.499999999999,3.2060416431578385e-14
6668.999999999999,3.2053309276449726e-14
6669.499999999999,3.2045440646228417e-14
6669.999999999998,3.203863620617198e-14
6670.499999999999,3.20313164312733e-14
6670.999999999998,3.2022878553391155e-14
6671.499999999998,3.2015070652295523e-14
6671.999999999998,3.2007702642882546e-14
6672.499999999998,3.2001765319810913e-14
6672.999999999998,3.1993544496343725e-14
6673.499999999998,3.198477073405997e-14
6673.999999999998,3.197326701716517e-14
6674.499999999998,3.1966084573514304e-14
6674.999999999998,3.195527238031706e-14
6675.499999999998,3.194696461669248e-14
6675.999999999998,3.19378848211903e-14
6676.499999999998,3.192788083635914e-14
6676.999999999998,3.191637888651517e-14
6677.499999999998,3.190604789107195e-14
6677.999999999998,3.18955977944307e-14
6678.499999999998,3.188539762268409e-14
6678.999999999999,3.187211528038183e-14
6679.499999999999,3.186142001867374e-14
6679.999999999999,3.184876144771825e-14
6680.499999999999,3.183517381037545e-14
6680.999999999999,3.182323541670657e-14
6681.499999999999,3.180776038857002e-14
6681.999999999999,3.1795254234345575e-14
6682.499999999999,3.1781302848468286e-14
6682.999999999999,3.176619815083403e-14
6683.499999999999,3.175283582135634e-14
6683.999999999999,3.1739456514458e-14
6684.499999999998,3.1725982898844566e-14
6684.999999999999,3.171160785585225e-14
6685.499999999998,3.170070686418248e-14
6685.999999999998,3.1688656866261846e-14
6686.499999999998,3.167348794028177e-14
6686.999999999998,3.1659902442472877e-14
6687.499999999998,3.1648359209988205e-14
6687.999999999998,3.1636956768947276e-14
6688.499999999998,3.162571062602236e-14
6688.999999999998,3.161374917656828e-14
6689.499999999998,3.1601315968075754e-14
6689.999999999998,3.158966532032411e-14
6690.499999999998,3.1579462130408375e-14
6690.999999999998,3.156833131163751e-14
6691.499999999998,3.1556591061316614e-14
6691.999999999998,3.1547479424585836e-14
6692.499999999998,3.153748161301958e-14
6692.999999999998,3.1527531968827866e-14
6693.499999999999,3.151722676500999e-14
6693.999999999999,3.1507474611053175e-14
6694.499999999999,3.149747522403234e-14
6694.999999999999,3.1485269527755765e-14
6695.499999999999,3.1478494649049006e-14
6695.999999999999,3.1470042313439494e-14
6696.499999999999,3.146141161991376e-14
6696.999999999999,3.1453266966902545e-14
6697.499999999999,3.144436058643541e-14
6697.999999999998,3.1435589522318496e-14
6698.499999999999,3.142837946249733e-14
6698.999999999998,3.142054165127623e-14
6699.499999999998,3.141327836124186e-14
6699.999999999998,3.140574748305866e-14
6700.499999999998,3.13982678074576e-14
6700.999999999998,3.1392213055499437e-14
6701.499999999998,3.1385398335295206e-14
6701.999999999998,3.1380577024934844e-14
6702.499999999998,3.1373818885536033e-14
6702.999999999998,3.136623733532714e-14
6703.499999999998,3.135991071485332e-14
6703.999999999998,3.135238196163587e-14
6704.499999999998,3.134709257718229e-14
6704.999999999998,3.1339747097804045e-14
6705.499999999998,3.133248693615462e-14
6705.999999999998,3.132635514362526e-14
6706.499999999998,3.1321024638265804e-14
6706.999999999998,3.1315514308757084e-14
6707.499999999999,3.130868130284449e-14
6707.999999999999,3.1304013953756955e-14
6708.499999999999,3.129950968630319e-14
6708.999999999999,3.1292696421050594e-14
6709.499999999999,3.128619333279099e-14
6709.999999999999,3.1279800462103717e-14
6710.499999999999,3.1274399119576955e-14
6710.999999999999,3.1267168443381267e-14
6711.499999999999,3.126181240660124e-14
6711.999999999999,3.125366786775618e-14
6712.499999999998,3.124541521160291e-14
6712.999999999999,3.123889854174081e-14
6713.499999999998,3.1233291103514893e-14
6713.999999999998,3.122492334628917e-14
6714.499999999998,3.1216189736123196e-14
6714.999999999998,3.1208199831685775e-14
6715.499999999998,3.120354489713029e-14
6715.999999999998,3.1195085458028145e-14
6716.499999999998,3.118804695554854e-14
6716.999999999998,3.117873701434655e-14
6717.499999999998,3.117070091651102e-14
6717.999999999998,3.1161342649593433e-14
6718.499999999998,3.115290410021523e-14
6718.999999999998,3.114519529128332e-14
6719.499999999998,3.1137090287498016e-14
6719.999999999998,3.112805933291162e-14
6720.499999999998,3.111961543488174e-14
6720.999999999998,3.1110808138282217e-14
6721.499999999999,3.1101793195423137e-14
6721.999999999999,3.1093045138043985e-14
6722.499999999999,3.108506829470604e-14
6722.999999999999,3.107731396783119e-14
6723.499999999999,3.106866358087058e-14
6723.999999999999,3.105980814622738e-14
6724.499999999999,3.1050561109709894e-14
6724.999999999999,3.1040735755940805e-14
6725.499999999999,3.103440260316329e-14
6725.999999999998,3.102703195287389e-14
6726.499999999999,3.1020054259523285e-14
6726.999999999998,3.101501750624119e-14
6727.499999999999,3.1007435655685754e-14
6727.999999999998,3.100025755668354e-14
6728.499999999998,3.099513703418015e-14
6728.999999999998,3.098962407483542e-14
6729.499999999998,3.0987659641723693e-14
6729.999999999998,3.098275141561155e-14
6730.499999999998,3.098033892890155e-14
6730.999999999998,3.0975985356674555e-14
6731.499999999998,3.097469447369471e-14
6731.999999999998,3.0971901461424084e-14
6732.499999999998,3.096851461676253e-14
6732.999999999998,3.09657968428196e-14
6733.499999999998,3.096428737915982e-14
6733.999999999998,3.096228027610251e-14
6734.499999999998,3.0960757834842286e-14
6734.999999999998,3.0961038283775025e-14
6735.499999999999,3.0961688143329224e-14
6735.999999999999,3.0962368108350315e-14
6736.499999999999,3.096410027921061e-14
6736.999999999999,3.0965222340320295e-14
6737.499999999999,3.096776687345514e-14
6737.999999999999,3.096903667206143e-14
6738.499999999999,3.0970661179173795e-14
6738.999999999999,3.097466285834568e-14
6739.499999999999,3.097870788253151e-14
6739.999999999999,3.098339944751279e-14
6740.499999999998,3.098868795205851e-14
6740.999999999999,3.0992056046853994e-14
6741.499999999998,3.0998816326023993e-14
6741.999999999998,3.100669629990576e-14
6742.499999999998,3.101251235743821e-14
6742.999999999998,3.1019388771882043e-14
6743.499999999998,3.102324438897965e-14
6743.999999999998,3.102868121488574e-14
6744.499999999998,3.103526578037092e-14
6744.999999999998,3.104002061040337e-14
6745.499999999998,3.104700265408041e-14
6745.999999999998,3.105352709564356e-14
6746.499999999998,3.10595686322945e-14
6746.999999999998,3.1065669986451936e-14
6747.499999999998,3.1072113996505244e-14
6747.999999999998,3.107985523495869e-14
6748.499999999998,3.1083607011171355e-14
6748.999999999998,3.1091416500729795e-14
6749.499999999998,3.109600357706331e-14
6749.999999999999,3.110188112082326e-14
6750.499999999999,3.1106808837057416e-14
6750.999999999999,3.111123706753017e-14
6751.499999999999,3.1116132620634525e-14
6751.999999999999,3.11215220752516e-14
6752.499999999999,3.112696943088959e-14
6752.999999999999,3.113018979607681e-14
6753.499999999999,3.113470808891575e-14
6753.999999999999,3.1139425642455954e-14
6754.499999999999,3.114409174779715e-14
6754.999999999998,3.1148034793408e-14
6755.499999999999,3.1150570578475043e-14
6755.999999999998,3.115553718749977e-14
6756.499999999998,3.1157676759613204e-14
6756.999999999998,3.115931416099235e-14
6757.499999999998,3.1163688301114526e-14
6757.999999999998,3.116714860145326e-14
6758.499999999998,3.116936263013057e-14
6758.999999999998,3.1175319901293075e-14
6759.499999999998,3.117957460516896e-14
6759.999999999998,3.1183037399245055e-14
6760.499999999998,3.1185947588176466e-14
6760.999999999998,3.1189445080311155e-14
6761.499999999998,3.119191835493232e-14
6761.999999999998,3.119555996648924e-14
6762.499999999998,3.1198913889366716e-14
6762.999999999998,3.120126222571576e-14
6763.499999999998,3.12047338530181e-14
6763.999999999999,3.120745834929534e-14
6764.499999999999,3.120902672601374e-14
6764.999999999999,3.12108893198202e-14
6765.499999999999,3.121647951986195e-14
6765.999999999999,3.122030674953301e-14
6766.499999999999,3.122486117159678e-14
6766.999999999999,3.1225322745956294e-14
6767.499999999999,3.122819982230412e-14
6767.999999999999,3.123354701055189e-14
6768.499999999998,3.123793206646101e-14
6768.999999999999,3.1241217158470806e-14
6769.499999999998,3.124391164957857e-14
6769.999999999998,3.1248154429895535e-14
6770.499999999998,3.125047032372823e-14
6770.999999999998,3.1251690361657597e-14
6771.499999999998,3.1254256644970016e-14
6771.999999999998,3.125646462396633e-14
6772.499999999998,3.12594209862986e-14
6772.999999999998,3.1262349628476955e-14
6773.499999999998,3.1263596611413587e-14
6773.999999999998,3.126627786314997e-14
6774.499999999998,3.1269038079344253e-14
6774.999999999998,3.1271255834707687e-14
6775.499999999998,3.127322414161969e-14
6775.999999999998,3.127433953729939e-14
6776.499999999998,3.127646578293215e-14
6776.999999999998,3.12798400716636e-14
6777.499999999998,3.128234164562093e-14
6777.999999999999,3.1285291912838324e-14
6778.499999999999,3.1286683338289787e-14
6778.999999999999,3.1288015793881376e-14
6779.499999999999,3.129021390047247e-14
6779.999999999999,3.12921486027338e-14
6780.499999999999,3.1294128589171186e-14
6780.999999999999,3.1294322930645573e-14
6781.499999999999,3.129539561962954e-14
6781.999999999999,3.129746924040902e-14
6782.499999999999,3.129906780165156e-14
6782.999999999998,3.1300755815439194e-14
6783.499999999999,3.1304710690255306e-14
6783.999999999998,3.130774711017443e-14
6784.499999999998,3.130930793912221e-14
6784.999999999998,3.1310868420050013e-14
6785.499999999998,3.131217541133452e-14
6785.999999999998,3.131610845717496e-14
6786.499999999998,3.13194457337571e-14
6786.999999999998,3.1322353726376904e-14
6787.499999999998,3.1323332528766736e-14
6787.999999999998,3.132510060367704e-14
6788.499999999998,3.132682918554639e-14
6788.999999999998,3.13284549670705e-14
6789.499999999998,3.132866822232327e-14
6789.999999999998,3.1329655297444444e-14
6790.499999999998,3.133013773194171e-14
6790.999999999998,3.133226382210397e-14
6791.499999999998,3.1332833975418695e-14
6791.999999999999,3.1333237615058914e-14
6792.499999999999,3.133455792368471e-14
6792.999999999999,3.133289809713138e-14
6793.499999999999,3.1331500910109273e-14
6793.999999999999,3.133444094868738e-14
6794.499999999999,3.133540023074188e-14
6794.999999999999,3.133494373996366e-14
6795.499999999999,3.1334284719554933e-14
6795.999999999999,3.1333623943642314e-14
6796.499999999998,3.133486915238194e-14
6796.999999999999,3.133353407346822e-14
6797.499999999998,3.133411989905257e-14
6797.999999999999,3.133229673391159e-14
6798.499999999998,3.133187552206079e-14
6798.999999999998,3.132950942538978e-14
6799.499999999998,3.132747908186509e-14
6799.999999999998,3.132569761128761e-14
6800.499999999998,3.1324220931210505e-14
6800.999999999998,3.132163646195941e-14
6801.499999999998,3.131989914683448e-14
6801.999999999998,3.131821749952963e-14
6802.499999999998,3.1316276822465964e-14
6802.999999999998,3.131438728488839e-14
6803.499999999998,3.131146908785413e-14
6803.999999999998,3.130792489668401e-14
6804.499999999998,3.1304958475186806e-14
6804.999999999998,3.130250508726442e-14
6805.499999999998,3.1298605751915894e-14
6805.999999999998,3.129588045963914e-14
6806.499999999999,3.128886082902439e-14
6806.999999999999,3.128628656831362e-14
6807.499999999999,3.1282811057159207e-14
6807.999999999999,3.1279676713630896e-14
6808.499999999999,3.1275921559546155e-14
6808.999999999999,3.1274206857264336e-14
6809.499999999999,3.1269360484165404e-14
6809.999999999999,3.126378019867771e-14
6810.499999999999,3.125982298086471e-14
6810.999999999998,3.125686482627378e-14
6811.499999999999,3.125247312604701e-14
6811.999999999998,3.124782759453096e-14
6812.499999999998,3.1243726264498024e-14
6812.999999999998,3.123770694133655e-14
6813.499999999998,3.123354965028658e-14
6813.999999999998,3.122744912103539e-14
6814.499999999998,3.122110200161234e-14
6814.999999999998,3.121578415668661e-14
6815.499999999998,3.121241551387264e-14
6815.999999999998,3.120733003671719e-14
6816.499999999998,3.1201932894104e-14
6816.999999999998,3.1196700811914125e-14
6817.499999999998,3.1192177624137336e-14
6817.999999999998,3.118712302083411e-14
6818.499999999998,3.118385406212653e-14
6818.999999999998,3.118015966794534e-14
6819.499999999998,3.1174993194976734e-14
6819.999999999998,3.117278845972056e-14
6820.499999999999,3.1169850107019713e-14
6820.999999999999,3.1166733545122105e-14
6821.499999999999,3.1163893576566056e-14
6821.999999999999,3.116133338753152e-14
6822.499999999999,3.115920169781373e-14
6822.999999999999,3.115627025285114e-14
6823.499999999999,3.115414295778383e-14
6823.999999999999,3.115384545369581e-14
6824.499999999999,3.115314177485917e-14
6824.999999999999,3.115266275270683e-14
6825.499999999998,3.115315748109818e-14
6825.999999999999,3.115361041401398e-14
6826.499999999998,3.11557367325128e-14
6826.999999999998,3.1155452488887176e-14
6827.499999999998,3.115560259323549e-14
6827.999999999998,3.115716637506944e-14
6828.499999999998,3.1159173787454556e-14
6828.999999999998,3.116035647915386e-14
6829.499999999998,3.1162936516329466e-14
6829.999999999998,3.1167821245096934e-14
6830.499999999998,3.1174087786038245e-14
6830.999999999998,3.117918785522328e-14
6831.499999999998,3.118539647253873e-14
6831.999999999998,3.1190945627532e-14
6832.499999999998,3.119880169461409e-14
6832.999999999998,3.1207901439043547e-14
6833.499999999998,3.121536881596051e-14
6833.999999999998,3.1224340690184774e-14
6834.499999999999,3.123376062804958e-14
6834.999999999999,3.1242817651255996e-14
6835.499999999999,3.125233658252583e-14
6835.999999999999,3.1264623658418196e-14
6836.499999999999,3.1278688990600044e-14
6836.999999999999,3.1289542631747144e-14
6837.499999999999,3.130172729460396e-14
6837.999999999999,3.13131377469845e-14
6838.499999999999,3.132467850661017e-14
6838.999999999998,3.1337278259639027e-14
6839.499999999999,3.1350962241204847e-14
6839.999999999998,3.136434231964361e-14
6840.499999999998,3.138038930104574e-14
6840.999999999998,3.139615111567379e-14
6841.499999999998,3.140957280172393e-14
6841.999999999998,3.142419583952961e-14
6842.499999999998,3.144173464251863e-14
6842.999999999998,3.145783373960852e-14
6843.499999999998,3.1475342211045594e-14
6843.999999999998,3.1493681413123433e-14
6844.499999999998,3.151078612616276e-14
6844.999999999998,3.1530358975426e-14
6845.499999999998,3.155148929283512e-14
6845.999999999998,3.157388943107837e-14
6846.499999999998,3.1595349133233947e-14
6846.999999999998,3.161695652523915e-14
6847.499999999998,3.164152166209865e-14
6847.999999999998,3.166952552630157e-14
6848.499999999999,3.169716030136438e-14
6848.999999999999,3.1726717741062724e-14
6849.499999999999,3.175570144448131e-14
6849.999999999999,3.178631985181425e-14
6850.499999999999,3.1820749445918294e-14
6850.999999999999,3.185196946424106e-14
6851.499999999999,3.188628214224916e-14
6851.999999999999,3.192626977168236e-14
6852.499999999999,3.196385150339494e-14
6852.999999999999,3.200356680892242e-14
6853.499999999998,3.204523016922556e-14
6853.999999999999,3.208677356052462e-14
6854.499999999998,3.21293970594707e-14
6854.999999999998,3.2171710726970626e-14
6855.499999999998,3.2219539751045843e-14
6855.999999999998,3.226659580027966e-14
6856.499999999998,3.231337654060271e-14
6856.999999999998,3.2361252580883845e-14
6857.499999999998,3.2411518027189936e-14
6857.999999999998,3.2464877947621946e-14
6858.499999999998,3.2518250325553956e-14
6858.999999999998,3.2570639127046685e-14
6859.499999999998,3.262516620269476e-14
6859.999999999998,3.267786147283408e-14
6860.499999999998,3.2735731457460325e-14
6860.999999999998,3.2789256815141263e-14
6861.499999999998,3.2841708072721354e-14
6861.999999999998,3.290010652222877e-14
6862.499999999998,3.2956009234576106e-14
6862.999999999999,3.301046657797207e-14
6863.499999999999,3.306662139555167e-14
6863.999999999999,3.3122450390620263e-14
6864.499999999999,3.317907865517275e-14
6864.999999999999,3.322975209861748e-14
6865.499999999999,3.3278483177891416e-14
6865.999999999999,3.333077919473759e-14
6866.499999999999,3.338002466894197e-14
6866.999999999998,3.343163926553326e-14
6867.499999999999,3.347801644426724e-14
6867.999999999998,3.352586643861163e-14
6868.499999999999,3.357053781334676e-14
6868.999999999998,3.361538525510044e-14
6869.499999999998,3.365867693887808e-14
6869.999999999998,3.370240985159386e-14
6870.499999999998,3.374213913905259e-14
6870.999999999998,3.3782023979520796e-14
6871.499999999998,3.382543115452339e-14
6871.999999999998,3.3863906004424106e-14
6872.499999999998,3.3899187709811805e-14
6872.999999999998,3.393449884625216e-14
6873.499999999998,3.397062885893289e-14
6873.999999999998,3.4002671668662105e-14
6874.499999999998,3.403787371754986e-14
6874.999999999998,3.407156539731807e-14
6875.499999999998,3.410238904469785e-14
6875.999999999998,3.413039005669422e-14
6876.499999999998,3.415861935519854e-14
6876.999999999999,3.418494792210972e-14
6877.499999999999,3.421114940885097e-14
6877.999999999999,3.42385999271186e-14
6878.499999999999,3.4261244833115984e-14
6878.999999999999,3.4281684228849886e-14
6879.499999999999,3.430441600918118e-14
6879.999999999999,3.43240105402956e-14
6880.499999999999,3.4343070478096426e-14
6880.999999999999,3.436325075202825e-14
6881.499999999998,3.4382469274083346e-14
6881.999999999999,3.440066613013724e-14
6882.499999999998,3.441743057582593e-14
6882.999999999998,3.443610422866347e-14
6883.499999999998,3.445213674136507e-14
6883.999999999998,3.4468553806339493e-14
6884.499999999998,3.448342103609888e-14
6884.999999999998,3.449878766494172e-14
6885.499999999998,3.4513366751798216e-14
6885.999999999998,3.452693175990398e-14
6886.499999999998,3.453798101160303e-14
6886.999999999998,3.454753680009975e-14
6887.499999999998,3.4559572283428523e-14
6887.999999999998,3.456833228464499e-14
6888.499999999998,3.457888338014788e-14
6888.999999999998,3.458964300725892e-14
6889.499999999998,3.4595986363684065e-14
6889.999999999998,3.46013126425246e-14
6890.499999999998,3.460988818141303e-14
6890.999999999999,3.461402487222764e-14
6891.499999999999,3.4617646486981384e-14
6891.999999999999,3.4618066364484936e-14
6892.499999999999,3.4617769164295574e-14
6892.999999999999,3.461581458503474e-14
6893.499999999999,3.4613087310441943e-14
6893.999999999999,3.4608292147483386e-14
6894.499999999999,3.460245156636369e-14
6894.999999999999,3.459564334959332e-14
6895.499999999999,3.4589401550616116e-14
6895.999999999998,3.458122726423552e-14
6896.499999999999,3.457033891427807e-14
6896.999999999998,3.456021753398833e-14
6897.499999999998,3.454831246160506e-14
6897.999999999998,3.453398031490078e-14
6898.499999999998,3.451565300826493e-14
6898.999999999998,3.449334665907542e-14
6899.499999999998,3.447133201825572e-14
6899.999999999998,3.444714237142516e-14
6900.499999999998,3.442041896831299e-14
6900.999999999998,3.4395280681322826e-14
6901.499999999998,3.4362404825229293e-14
6901.999999999998,3.433095916584058e-14
6902.499999999998,3.429652137132641e-14
6902.999999999998,3.426258039036344e-14
6903.499999999998,3.422545155797797e-14
6903.999999999998,3.4185107800105614e-14
6904.499999999998,3.414557483973304e-14
6904.999999999999,3.4103058299636016e-14
6905.499999999999,3.4059038952271497e-14
6905.999999999999,3.401153249107142e-14
6906.499999999999,3.3962912561033175e-14
6906.999999999999,3.391487436943437e-14
6907.499999999999,3.3868141004426985e-14
6907.999999999999,3.382034304065212e-14
6908.499999999999,3.377558638120489e-14
6908.999999999999,3.3727352154462905e-14
6909.499999999998,3.3678344021570515e-14
6909.999999999999,3.3627705801055566e-14
6910.499999999998,3.3572735680297964e-14
6910.999999999998,3.351945562686934e-14
6911.499999999998,3.346208113005739e-14
6911.999999999998,3.3408129814165053e-14
6912.499999999998,3.335486823774704e-14
6912.999999999998,3.3301287656799395e-14
6913.499999999998,3.3248854776847224e-14
6913.999999999998,3.3196076228398525e-14
6914.499999999998,3.3141943028664096e-14
6914.999999999998,3.3089372924488537e-14
6915.499999999998,3.303624780501008e-14
6915.999999999998,3.298177675722686e-14
6916.499999999998,3.292986454618597e-14
6916.999999999998,3.287985470360627e-14
6917.499999999998,3.283016008238666e-14
6917.999999999998,3.277940867205466e-14
6918.499999999998,3.272819457090819e-14
6918.999999999998,3.267942920044431e-14
6919.499999999999,3.26330927530069e-14
6919.999999999999,3.258903559278391e-14
6920.499999999999,3.254804466656039e-14
6920.999999999999,3.250521711395642e-14
6921.499999999999,3.246120337674527e-14
6921.999999999999,3.241796133244966e-14
6922.499999999999,3.2377027770336806e-14
6922.999999999999,3.2337589952465245e-14
6923.499999999999,3.2300395015759324e-14
6923.999999999998,3.2261834355869377e-14
6924.499999999999,3.222686090892583e-14
6924.999999999998,3.219221371386671e-14
6925.499999999998,3.2158763759481145e-14
6925.999999999998,3.2128830484110085e-14
6926.499999999998,3.2095480835538635e-14
6926.999999999998,3.206616829243049e-14
6927.499999999998,3.203806315639974e-14
6927.999999999998,3.2007821710340135e-14
6928.499999999998,3.1983814941218876e-14
6928.999999999998,3.1960261350422036e-14
6929.499999999998,3.193583169178847e-14
6929.999999999998,3.190979565096261e-14
6930.499999999998,3.1887948023884083e-14
6930.999999999998,3.1869364333585625e-14
6931.499999999998,3.1847128204806376e-14
6931.999999999998,3.182381098071067e-14
6932.499999999998,3.1805012826045133e-14
6932.999999999998,3.178700590177426e-14
6933.499999999999,3.176964902321805e-14
6933.999999999999,3.175389608272811e-14
6934.499999999999,3.1738956599215e-14
6934.999999999999,3.1722915985918525e-14
6935.499999999999,3.170863294173117e-14
6935.999999999999,3.169367983390867e-14
6936.499999999999,3.168017017305815e-14
6936.999999999999,3.1667159261520977e-14
6937.499999999998,3.1654612052942644e-14
6937.999999999999,3.164305404305001e-14
6938.499999999998,3.16313190907839e-14
6938.999999999999,3.162019106081716e-14
6939.499999999998,3.161110367984435e-14
6939.999999999998,3.1601296570259703e-14
6940.499999999998,3.1591692142494696e-14
6940.999999999998,3.158337660807758e-14
6941.499999999998,3.157634143401259e-14
6941.999999999998,3.156818603468368e-14
6942.499999999998,3.156000519538142e-14
6942.999999999998,3.1551299772807007e-14
6943.499999999998,3.1543389905829785e-14
6943.999999999998,3.1537705977662463e-14
6944.499999999998,3.1528948776586286e-14
6944.999999999998,3.152119391794134e-14
6945.499999999998,3.151388605847403e-14
6945.999999999998,3.150692736945708e-14
6946.499999999998,3.150030933654909e-14
6946.999999999998,3.1493949075903877e-14
6947.499999999999,3.148804555248658e-14
6947.999999999999,3.148232350661508e-14
6948.499999999999,3.1475776761815906e-14
6948.999999999999,3.147115964175652e-14
6949.499999999999,3.1463376776765576e-14
6949.999999999999,3.145552854701397e-14
6950.499999999999,3.1450125203511703e-14
6950.999999999999,3.144301089966754e-14
6951.499999999999,3.143535040350358e-14
6951.999999999998,3.1425988494435645e-14
6952.499999999999,3.141905534427704e-14
6952.999999999998,3.141092991309167e-14
6953.499999999998,3.1404105853289103e-14
6953.999999999998,3.139617741512614e-14
6954.499999999998,3.1389415286196935e-14
6954.999999999998,3.1381389685966745e-14
6955.499999999998,3.137378448870368e-14
6955.999999999998,3.1366091447255305e-14
6956.499999999998,3.135765148837477e-14
6956.999999999998,3.1349498031079443e-14
6957.499999999998,3.134194617462496e-14
6957.999999999998,3.1333507773522575e-14
6958.499999999998,3.132465723280887e-14
6958.999999999998,3.131654136891427e-14
6959.499999999998,3.130642894250324e-14
6959.999999999998,3.1298878295659845e-14
6960.499999999998,3.1289152694645644e-14
6960.999999999998,3.127990038247012e-14
6961.499999999999,3.126981589376932e-14
6961.999999999999,3.125887797883817e-14
6962.499999999999,3.124728554776443e-14
6962.999999999999,3.123752005804961e-14
6963.499999999999,3.122795468630235e-14
6963.999999999999,3.1218821457324006e-14
6964.499999999999,3.1208747308899344e-14
6964.999999999999,3.120105205699419e-14
6965.499999999999,3.119105528763195e-14
6965.999999999999,3.118198336374628e-14
6966.499999999998,3.1173613925914343e-14
6966.999999999999,3.116721490273864e-14
6967.499999999998,3.116065659051628e-14
6967.999999999999,3.1152775244194024e-14
6968.499999999998,3.1147038436656e-14
6968.999999999998,3.1142680858445276e-14
6969.499999999998,3.1138254630141566e-14
6969.999999999998,3.113225182447719e-14
6970.499999999998,3.113178622199578e-14
6970.999999999998,3.1128739382794176e-14
6971.499999999998,3.1124740330954365e-14
6971.999999999998,3.112291466014953e-14
6972.499999999998,3.111863443704465e-14
6972.999999999998,3.111722170283688e-14
6973.499999999998,3.1115733740456156e-14
6973.999999999998,3.111370559846622e-14
6974.499999999998,3.11128384970029e-14
6974.999999999998,3.1111929176819606e-14
6975.499999999998,3.1110238130145806e-14
6975.999999999999,3.1111024388576926e-14
6976.499999999999,3.1110333428709926e-14
6976.999999999999,3.111074590188074e-14
6977.499999999999,3.1108334324259e-14
6977.999999999999,3.1108915106999925e-14
6978.499999999999,3.110783249061169e-14
6978.999999999998,3.110814242178983e-14
6979.499999999999,3.110897358084993e-14
6979.999999999998,3.110904594174596e-14
6980.499999999999,3.111076356872988e-14
6980.999999999998,3.110965703863501e-14
6981.499999999999,3.110980919684491e-14
6981.999999999998,3.1110172735151696e-14
6982.499999999998,3.1109859146756786e-14
6982.999999999998,3.111132688648695e-14
6983.499999999998,3.111434965252486e-14
6983.999999999998,3.111409397403625e-14
6984.499999999998,3.111432871680339e-14
6984.999999999998,3.111527389607483e-14
6985.499999999998,3.111571550142917e-14
6985.999999999998,3.1117062987713e-14
6986.499999999998,3.111941892467609e-14
6986.999999999998,3.111992116463087e-14
6987.499999999998,3.112184531196096e-14
6987.999999999998,3.1125227813269596e-14
6988.499999999998,3.1126368971219855e-14
6988.999999999998,3.112922068846176e-14
6989.499999999998,3.113332092673133e-14
6989.999999999999,3.1135718196749175e-14
6990.499999999999,3.11384135574093e-14
6990.999999999999,3.1141485730427136e-14
6991.499999999999,3.114452214006431e-14
6991.999999999999,3.1147364882873416e-14
6992.499999999999,3.11514003784276e-14
6992.999999999999,3.115541735401486e-14
6993.499999999998,3.115838738155266e-14
6993.999999999999,3.1161948833407445e-14
6994.499999999998,3.116615024157816e-14
6994.999999999999,3.117077712333867e-14
6995.499999999998,3.117700561201457e-14
6995.999999999999,3.1182141795732634e-14
6996.499999999998,3.118769383067595e-14
6996.999999999998,3.119204861887349e-14
6997.499999999998,3.119898702446795e-14
6997.999999999998,3.120539166581134e-14
6998.499999999998,3.121090940040879e-14
6998.999999999998,3.121525456890978e-14
6999.499999999998,3.122254015022341e-14
6999.999999999998,3.122837146807499e-14
7000.499999999998,3.123425218570807e-14
7000.999999999998,3.1238247329323056e-14
7001.499999999998,3.1245875455791434e-14
7001.999999999998,3.125041294867196e-14
7002.499999999998,3.125524618540792e-14
7002.999999999998,3.125903636349231e-14
7003.499999999998,3.1263484470212434e-14
7003.999999999999,3.126922962580415e-14
7004.499999999999,3.127299036319184e-14
7004.999999999999,3.1276621272211024e-14
7005.499999999999,3.1281700401451665e-14
7005.999999999999,3.128522669583518e-14
7006.499999999999,3.128992822699474e-14
7006.999999999998,3.129120740306437e-14
7007.499999999999,3.129579385250295e-14
7007.999999999998,3.1298417074544684e-14
7008.499999999999,3.1299924002579264e-14
7008.999999999998,3.1302016457362904e-14
7009.499999999999,3.1304246631218295e-14
7009.999999999998,3.130635635756081e-14
7010.499999999998,3.13088127286659e-14
7010.999999999998,3.130975196952294e-14
7011.499999999998,3.131232284887547e-14
7011.999999999998,3.1313689986972814e-14
7012.499999999998,3.131471529331623e-14
7012.999999999998,3.131673999670433e-14
7013.499999999998,3.1318574931788047e-14
7013.999999999998,3.1320167721342617e-14
7014.499999999998,3.1321113160107425e-14
7014.999999999998,3.1323945767254727e-14
7015.499999999998,3.132525274762078e-14
7015.999999999998,3.1325859080050574e-14
7016.499999999998,3.132506479377458e-14
7016.999999999998,3.1324307566645465e-14
7017.499999999998,3.1324739940228077e-14
7017.999999999999,3.1324831701045314e-14
7018.499999999999,3.1324135533027564e-14
7018.999999999999,3.1321901557253676e-14
7019.499999999999,3.132014703757037e-14
7019.999999999999,3.1319275515702946e-14
7020.499999999999,3.131778445278455e-14
7020.999999999999,3.1316267713659915e-14
7021.499999999998,3.1313127457111743e-14
7021.999999999999,3.131145810085705e-14
7022.499999999998,3.130905010358854e-14
7022.999999999999,3.1305445194780834e-14
7023.499999999998,3.130287299449238e-14
7023.999999999999,3.13004565094207e-14
7024.499999999998,3.129670892934458e-14
7024.999999999998,3.1293117256077716e-14
7025.499999999998,3.129056883407237e-14
7025.999999999998,3.128700509329543e-14
7026.499999999998,3.1281605548534236e-14
7026.999999999998,3.127512594417915e-14
7027.499999999998,3.1270463395894567e-14
7027.999999999998,3.1266883103635726e-14
7028.499999999998,3.126363480133246e-14
7028.999999999998,3.125694739508279e-14
7029.499999999998,3.12508435075304e-14
7029.999999999998,3.124706993385809e-14
7030.499999999998,3.1242230245311896e-14
7030.999999999998,3.123819961776517e-14
7031.499999999998,3.123431584659908e-14
7031.999999999998,3.122914663917766e-14
7032.499999999999,3.1225529798734087e-14
7032.999999999999,3.1220596625481304e-14
7033.499999999999,3.121633096936681e-14
7033.999999999999,3.121108275236211e-14
7034.499999999999,3.1206181971676776e-14
7034.999999999999,3.120346942336265e-14
7035.499999999999,3.1198109966035816e-14
7035.999999999998,3.119423703407179e-14
7036.499999999999,3.1191793927855814e-14
7036.999999999998,3.118623924195692e-14
7037.499999999999,3.118366012934594e-14
7037.999999999998,3.118121794125801e-14
7038.499999999999,3.118096280729673e-14
7038.999999999998,3.1177452865144844e-14
7039.499999999998,3.117528866982002e-14
7039.999999999998,3.117048261223889e-14
7040.499999999998,3.117026858231659e-14
7040.999999999998,3.1170167896763625e-14
7041.499999999998,3.1168084944836534e-14
7041.999999999998,3.116637812291646e-14
7042.499999999998,3.1163194506513743e-14
7042.999999999998,3.1161037762081544e-14
7043.499999999998,3.116152425259196e-14
7043.999999999998,3.1161132045814335e-14
7044.499999999998,3.1159654045512354e-14
7044.999999999998,3.115951954025706e-14
7045.499999999998,3.116072582718927e-14
7045.999999999998,3.116200482211353e-14
7046.499999999999,3.116163810429937e-14
7046.999999999999,3.116305362725813e-14
7047.499999999999,3.1164665007187554e-14
7047.999999999999,3.1169099856917456e-14
7048.499999999999,3.117169646692034e-14
7048.999999999999,3.117478504274284e-14
7049.499999999998,3.1177953362305445e-14
7049.999999999999,3.117909273111194e-14
7050.499999999998,3.1184346196468e-14
7050.999999999999,3.1187679196966627e-14
7051.499999999998,3.119110796330572e-14
7051.999999999999,3.119672185710861e-14
7052.499999999998,3.120178788694079e-14
7052.999999999998,3.1207385865066135e-14
7053.499999999998,3.1210045496596395e-14
7053.999999999998,3.1213935820063445e-14
7054.499999999998,3.121765008558792e-14
7054.999999999998,3.1222399620150255e-14
7055.499999999998,3.1227349093418045e-14
7055.999999999998,3.123535407752854e-14
7056.499999999998,3.1241469668229976e-14
7056.999999999998,3.124630213839606e-14
7057.499999999998,3.12524480991622e-14
7057.999999999998,3.1258064154633454e-14
7058.499999999998,3.126281008811004e-14
7058.999999999998,3.1268903473763724e-14
7059.499999999998,3.1274104327425215e-14
7059.999999999998,3.128011652980854e-14
7060.499999999999,3.128397505194906e-14
7060.999999999999,3.128727521838639e-14
7061.499999999999,3.1292611020655517e-14
7061.999999999999,3.1295615494404755e-14
7062.499999999999,3.130175623079846e-14
7062.999999999999,3.1305962912139357e-14
7063.499999999999,3.131035568651948e-14
7063.999999999998,3.131257090701708e-14
7064.499999999999,3.131788544428451e-14
7064.999999999998,3.1323555034307355e-14
7065.499999999999,3.133091140255756e-14
7065.999999999998,3.133503010099213e-14
7066.499999999999,3.1340966293765085e-14
7066.999999999998,3.134531502611428e-14
7067.499999999998,3.1347800072620994e-14
7067.999999999998,3.135132973006277e-14
7068.499999999998,3.1356570915118987e-14
7068.999999999998,3.136119928206156e-14
7069.499999999998,3.136366304925389e-14
7069.999999999998,3.136779916346476e-14
7070.499999999998,3.1372966818403777e-14
7070.999999999998,3.1376728156145894e-14
7071.499999999998,3.138014352283196e-14
7071.999999999998,3.13833529841876e-14
7072.499999999998,3.138709032298762e-14
7072.999999999998,3.138867696706487e-14
7073.499999999998,3.1391145076478615e-14
7073.999999999998,3.139405720251031e-14
7074.499999999999,3.139775606133046e-14
7074.999999999999,3.1400504990564486e-14
7075.499999999999,3.140221164426551e-14
7075.999999999999,3.140560151384028e-14
7076.499999999999,3.1409164893351396e-14
7076.999999999999,3.141364488181681e-14
7077.499999999998,3.141216365983122e-14
7077.999999999999,3.1417025536414175e-14
7078.499999999998,3.142196100427167e-14
7078.999999999999,3.1425678360657323e-14
7079.499999999998,3.142898620989546e-14
7079.999999999999,3.1429873227777006e-14
7080.499999999998,3.1434013887592024e-14
7080.999999999998,3.143919304812469e-14
7081.499999999998,3.1441714970352174e-14
7081.999999999998,3.144454979106245e-14
7082.499999999998,3.144717930313239e-14
7082.999999999998,3.145098538371293e-14
7083.499999999998,3.145112835704752e-14
7083.999999999998,3.1451786674179236e-14
7084.499999999998,3.1452866007010824e-14
7084.999999999998,3.145561930877703e-14
7085.499999999998,3.145830319788729e-14
7085.999999999998,3.145925974177598e-14
7086.499999999998,3.1460118295802137e-14
7086.999999999998,3.1460456607451036e-14
7087.499999999998,3.1461305028322193e-14
7087.999999999998,3.146269954190236e-14
7088.499999999998,3.146086265845574e-14
7088.999999999999,3.145967968708957e-14
7089.499999999999,3.145812225071084e-14
7089.999999999999,3.145666760818193e-14
7090.499999999999,3.145771922314431e-14
7090.999999999999,3.145742480307822e-14
7091.499999999999,3.1459625308905016e-14
7091.999999999998,3.1460246227970514e-14
7092.499999999999,3.1458759737304316e-14
7092.999999999998,3.1456125112984984e-14
7093.499999999999,3.1455413188220595e-14
7093.999999999998,3.1452449957087653e-14
7094.499999999999,3.1452435110942026e-14
7094.999999999998,3.145229831245067e-14
7095.499999999998,3.1448188151705764e-14
7095.999999999998,3.144733352503868e-14
7096.499999999998,3.1446716902761287e-14
7096.999999999998,3.144360625718513e-14
7097.499999999998,3.14411785551768e-14
7097.999999999998,3.144020213315614e-14
7098.499999999998,3.143932308612302e-14
7098.999999999998,3.143901002089768e-14
7099.499999999998,3.1435674563756504e-14
7099.999999999998,3.143460048215265e-14
7100.499999999998,3.1433875340849715e-14
7100.999999999998,3.143071074925906e-14
7101.499999999998,3.1429818563050607e-14
7101.999999999998,3.142859406612827e-14
7102.499999999998,3.1426560114129826e-14
7102.999999999999,3.142444355428821e-14
7103.499999999999,3.142111568838764e-14
7103.999999999999,3.1420412425497274e-14
7104.499999999999,3.1418300800785324e-14
7104.999999999999,3.1417099532398475e-14
7105.499999999999,3.1417272359033966e-14
7105.999999999999,3.141938319733274e-14
7106.499999999998,3.141769918101068e-14
7106.999999999999,3.141705047448785e-14
7107.499999999998,3.1418381510384304e-14
7107.999999999999,3.141721439022993e-14
7108.499999999998,3.1416542296809696e-14
7108.999999999999,3.141287759638958e-14
7109.499999999998,3.141328114984299e-14
7109.999999999998,3.1411891190027115e-14
7110.499999999998,3.141012966874803e-14
7110.999999999998,3.140840740804504e-14
7111.499999999998,3.140858965376542e-14
7111.999999999998,3.140741867616072e-14
7112.499999999998,3.1405026532987864e-14
7112.999999999998,3.140449291343651e-14
7113.499999999998,3.140176961864042e-14
7113.999999999998,3.139684062226033e-14
7114.499999999998,3.139293985078388e-14
7114.999999999998,3.138907055306546e-14
7115.499999999998,3.13847043088857e-14
7115.999999999998,3.1377299047909014e-14
7116.499999999998,3.1371876511387715e-14
7116.999999999999,3.136649666636152e-14
7117.499999999999,3.135890361802858e-14
7117.999999999999,3.1351189260431467e-14
7118.499999999999,3.134382532179913e-14
7118.999999999999,3.133864835922178e-14
7119.499999999999,3.1331691978983347e-14
7119.999999999998,3.132329677738129e-14
7120.499999999999,3.1314100019954497e-14
7120.999999999998,3.13066732225742e-14
7121.499999999999,3.12977953833335e-14
7121.999999999998,3.1288049519307036e-14
7122.499999999999,3.127868276445004e-14
7122.999999999998,3.1269930574676816e-14
7123.499999999998,3.125999105996345e-14
7123.999999999998,3.1249308006921684e-14
7124.499999999998,3.1238592051730926e-14
7124.999999999998,3.1227038190258066e-14
7125.499999999998,3.121535684232769e-14
7125.999999999998,3.120549695989931e-14
7126.499999999998,3.1194939029652926e-14
7126.999999999998,3.1184045087028684e-14
7127.499999999998,3.117305710474237e-14
7127.999999999998,3.116213655147335e-14
7128.499999999998,3.1148927039920813e-14
7128.999999999998,3.1136242148030066e-14
7129.499999999998,3.112423457599613e-14
7129.999999999998,3.111379570984933e-14
7130.499999999998,3.110429644389185e-14
7130.999999999999,3.1095974338838807e-14
7131.499999999999,3.1084876987184757e-14
7131.999999999999,3.107477614947414e-14
7132.499999999999,3.106491807492874e-14
7132.999999999999,3.1056610348089425e-14
7133.499999999999,3.1046406031183445e-14
7133.999999999999,3.103710158054769e-14
7134.499999999998,3.1031168400481665e-14
7134.999999999999,3.102631749118474e-14
7135.499999999998,3.102035752995838e-14
7135.999999999999,3.101365036251662e-14
7136.499999999998,3.100648438476714e-14
7136.999999999999,3.100205098934909e-14
7137.499999999998,3.099657631981765e-14
7137.999999999998,3.0991861299713793e-14
7138.499999999998,3.0987294577570044e-14
7138.999999999998,3.0983464474745264e-14
7139.499999999998,3.0981528531710205e-14
7139.999999999998,3.098019246704266e-14
7140.499999999998,3.097923644556627e-14
7140.999999999998,3.098040990817551e-14
7141.499999999998,3.0979177575634643e-14
7141.999999999998,3.0978093200433766e-14
7142.499999999998,3.098135549762646e-14
7142.999999999998,3.098517758712885e-14
7143.499999999998,3.098886894768813e-14
7143.999999999998,3.099371720427635e-14
7144.499999999998,3.0996708839031746e-14
7144.999999999998,3.100067573350326e-14
7145.499999999999,3.1006530373672195e-14
7145.999999999999,3.101136796604297e-14
7146.499999999999,3.101700216739448e-14
7146.999999999999,3.102572761107338e-14
7147.499999999999,3.103354155884081e-14
7147.999999999998,3.103944652055793e-14
7148.499999999999,3.104751311568635e-14
7148.999999999998,3.105543541356166e-14
7149.499999999999,3.1064237955681595e-14
7149.999999999998,3.1072630344198573e-14
7150.499999999999,3.1083066700463066e-14
7150.999999999998,3.1094949661582996e-14
7151.499999999998,3.110678571284419e-14
7151.999999999998,3.111959174346234e-14
7152.499999999998,3.113396212564544e-14
7152.999999999998,3.1148699828933215e-14
7153.499999999998,3.1163094115735476e-14
7153.999999999998,3.11780202838071e-14
7154.499999999998,3.119435010569384e-14
7154.999999999998,3.121237734493484e-14
7155.499999999998,3.123402744751779e-14
7155.999999999998,3.125425495849114e-14
7156.499999999998,3.127703747857361e-14
7156.999999999998,3.1299317561614407e-14
7157.499999999998,3.131917802848865e-14
7157.999999999998,3.133791525484707e-14
7158.499999999998,3.1365179291759164e-14
7158.999999999998,3.1390604716263384e-14
7159.499999999999,3.142016529570815e-14
7159.999999999999,3.144675683241325e-14
7160.499999999999,3.1476329975149746e-14
7160.999999999999,3.150595451626086e-14
7161.499999999999,3.1536652866387366e-14
7161.999999999999,3.156923355051659e-14
7162.499999999998,3.1598839084094144e-14
7162.999999999999,3.163036204724567e-14
7163.499999999998,3.166162884797039e-14
7163.999999999999,3.16935791981927e-14
7164.499999999998,3.172499437614024e-14
7164.999999999999,3.175859253334598e-14
7165.499999999998,3.179566932659628e-14
7165.999999999998,3.182869659203726e-14
7166.499999999998,3.185918225014117e-14
7166.999999999998,3.189609215886517e-14
7167.499999999998,3.193183069423497e-14
7167.999999999998,3.1968833209706274e-14
7168.499999999998,3.2008648215092706e-14
7168.999999999998,3.204360533033175e-14
7169.499999999998,3.207898411150481e-14
7169.999999999998,3.2114636913056995e-14
7170.499999999998,3.214953170446346e-14
7170.999999999998,3.21855772130773e-14
7171.499999999998,3.22193592310898e-14
7171.999999999998,3.2251944724982e-14
7172.499999999998,3.228547289481978e-14
7172.999999999998,3.232212184002472e-14
7173.499999999999,3.235469075604763e-14
7173.999999999999,3.2385074273463125e-14
7174.499999999999,3.241785440220236e-14
7174.999999999999,3.245051509309542e-14
7175.499999999999,3.2480621351689407e-14
7175.999999999999,3.2509441938383714e-14
7176.499999999999,3.2539141127026746e-14
7176.999999999998,3.25675900439896e-14
7177.499999999999,3.2595292901571367e-14
7177.999999999998,3.2623941241588616e-14
7178.499999999999,3.2650449967815055e-14
7178.999999999998,3.267598940754318e-14
7179.499999999999,3.270141936936805e-14
7179.999999999998,3.2727504475875114e-14
7180.499999999998,3.2752637792634164e-14
7180.999999999998,3.277335059659069e-14
7181.499999999998,3.279787432290945e-14
7181.999999999998,3.281671393969042e-14
7182.499999999998,3.283895812069376e-14
7182.999999999998,3.285936701204984e-14
7183.499999999998,3.2879415686013587e-14
7183.999999999998,3.289653236977982e-14
7184.499999999998,3.291263058315364e-14
7184.999999999998,3.29309002693701e-14
7185.499999999998,3.294561140683153e-14
7185.999999999998,3.296085722424481e-14
7186.499999999998,3.297438844488598e-14
7186.999999999998,3.29884777569135e-14
7187.499999999998,3.2999917788393635e-14
7187.999999999999,3.301096496070603e-14
7188.499999999999,3.3019573337321273e-14
7188.999999999999,3.302833524886538e-14
7189.499999999999,3.3033692466399555e-14
7189.999999999999,3.303977628423302e-14
7190.499999999998,3.3043831910914937e-14
7190.999999999999,3.304965732101925e-14
7191.499999999998,3.305336469753417e-14
7191.999999999999,3.305460450500692e-14
7192.499999999998,3.305474835154686e-14
7192.999999999999,3.3053280337782614e-14
7193.499999999998,3.3052562699535125e-14
7193.999999999998,3.3049523939758983e-14
7194.499999999998,3.304615517059698e-14
7194.999999999998,3.304213338907817e-14
7195.499999999998,3.303811740969455e-14
7195.999999999998,3.3031810892195494e-14
7196.499999999998,3.302473949357641e-14
7196.999999999998,3.301813383579787e-14
7197.499999999998,3.3011338899245475e-14
7197.999999999998,3.300124655741946e-14
7198.499999999998,3.298992340238592e-14
7198.999999999998,3.297723613065962e-14
7199.499999999998,3.296395619438428e-14
7199.999999999998,3.2950451521889803e-14
7200.499999999998,3.2936657642634415e-14
7200.999999999998,3.2923098362931746e-14
7201.499999999998,3.290709753860717e-14
7201.999999999999,3.289101442853575e-14
7202.499999999999,3.287530135060358e-14
7202.999999999999,3.2858706940060465e-14
7203.499999999999,3.284226727181792e-14
7203.999999999999,3.282640048792389e-14
7204.499999999999,3.280947479059888e-14
7204.999999999998,3.279012756068097e-14
7205.499999999999,3.276784480115614e-14
7205.999999999998,3.2748409233401597e-14
7206.499999999999,3.2726132266308226e-14
7206.999999999998,3.27064618029613e-14
7207.499999999999,3.268714382320197e-14
7207.999999999998,3.2666664156018615e-14
7208.499999999998,3.264396976935254e-14
7208.999999999998,3.262466281781725e-14
7209.499999999998,3.2606510580244086e-14
7209.999999999998,3.2589021325494854e-14
7210.499999999998,3.256964051699145e-14
7210.999999999998,3.25506697512432e-14
7211.499999999998,3.2532234232620487e-14
7211.999999999998,3.251758220434946e-14
7212.499999999998,3.2503479098955796e-14
7212.999999999998,3.2490272151154544e-14
7213.499999999998,3.2479236152358074e-14
7213.999999999998,3.2467893095766086e-14
7214.499999999998,3.2458501492136644e-14
7214.999999999998,3.2452941931914864e-14
7215.499999999998,3.244719445639932e-14
7215.999999999999,3.244223941144685e-14
7216.499999999999,3.2438770589448164e-14
7216.999999999999,3.243320084107256e-14
7217.499999999999,3.2431380123579887e-14
7217.999999999999,3.242950903940298e-14
7218.499999999998,3.2430849568277794e-14
7218.999999999999,3.2433913330028015e-14
7219.499999999998,3.244024728077657e-14
7219.999999999999,3.2447531958484225e-14
7220.499999999998,3.2456453885631586e-14
7220.999999999999,3.246340167954538e-14
7221.499999999998,3.2473732165442026e-14
7221.999999999998,3.248485563440415e-14
7222.499999999998,3.249542141660845e-14
7222.999999999998,3.250620961385345e-14
7223.499999999998,3.252392372856015e-14
7223.999999999998,3.253867593104305e-14
7224.499999999998,3.2553532304693226e-14
7224.999999999998,3.2570513659743493e-14
7225.499999999998,3.2589438768211685e-14
7225.999999999998,3.2605964486234923e-14
7226.499999999998,3.262535005688178e-14
7226.999999999998,3.2642874781536856e-14
7227.499999999998,3.266344131398167e-14
7227.999999999998,3.2682133822961816e-14
7228.499999999998,3.2696905729107485e-14
7228.999999999998,3.2718950276971334e-14
7229.499999999998,3.273986725515524e-14
7229.999999999999,3.275811118196196e-14
7230.499999999999,3.277707738221528e-14
7230.999999999999,3.2797546211362705e-14
7231.499999999999,3.2813855168319745e-14
7231.999999999999,3.2829121824207936e-14
7232.499999999999,3.284375272462225e-14
7232.999999999998,3.28602305190889e-14
7233.499999999999,3.2875493261439225e-14
7233.999999999998,3.289105588582281e-14
7234.499999999999,3.2906416602771745e-14
7234.999999999998,3.291725627307689e-14
7235.499999999999,3.2928411776550144e-14
7235.999999999998,3.2937643935600606e-14
7236.499999999998,3.294611333376585e-14
7236.999999999998,3.295205048383122e-14
7237.499999999998,3.29570741432752e-14
7237.999999999998,3.29605327564158e-14
7238.499999999998,3.2961942339065017e-14
7238.999999999998,3.296061512368641e-14
7239.499999999998,3.295664631647588e-14
7239.999999999998,3.2951951240916584e-14
7240.499999999998,3.294770454086632e-14
7240.999999999998,3.294233775399784e-14
7241.499999999998,3.293361665936183e-14
7241.999999999998,3.2925124094838245e-14
7242.499999999998,3.291780047446101e-14
7242.999999999998,3.2907315974288624e-14
7243.499999999998,3.2896260866687456e-14
7243.999999999998,3.288437469643989e-14
7244.499999999999,3.2873664776258334e-14
7244.999999999999,3.2862842036916467e-14
7245.499999999999,3.285225372392567e-14
7245.999999999999,3.283835670317016e-14
7246.499999999999,3.282371511490717e-14
7246.999999999999,3.28126915180433e-14
7247.499999999998,3.2802373763549494e-14
7247.999999999999,3.279137859037092e-14
7248.499999999998,3.2783160728741607e-14
7248.999999999999,3.277044293189604e-14
7249.499999999998,3.2758058090185747e-14
7249.999999999999,3.274582934315497e-14
7250.499999999998,3.273679957159611e-14
7250.999999999998,3.2727595788470173e-14
7251.499999999998,3.2719368754824604e-14
7251.999999999998,3.27114200725328e-14
7252.499999999998,3.270502226923032e-14
7252.999999999998,3.270061516944493e-14
7253.499999999998,3.2694761045590605e-14
7253.999999999998,3.269356303852369e-14
7254.499999999998,3.2691165087972003e-14
7254.999999999998,3.268852641165756e-14
7255.499999999998,3.268825300275673e-14
7255.999999999998,3.268410517256279e-14
7256.499999999998,3.2682540304282826e-14
7256.999999999998,3.2682041591512404e-14
7257.499999999998,3.26812262221705e-14
7257.999999999998,3.2683173664956923e-14
7258.499999999999,3.2686622679683016e-14
7258.999999999999,3.268690993690621e-14
7259.499999999999,3.2692432836364104e-14
7259.999999999999,3.2695375672592535e-14
7260.499999999999,3.2701278017822626e-14
7260.999999999998,3.2706338639137923e-14
7261.499999999999,3.271038017521703e-14
7261.999999999998,3.271652958812423e-14
7262.499999999999,3.2720599892067575e-14
7262.999999999998,3.272623325265786e-14
7263.499999999999,3.273423432471685e-14
7263.999999999998,3.274462240169903e-14
7264.499999999998,3.275389014763338e-14
7264.999999999998,3.276190532762651e-14
7265.499999999998,3.2770001110250464e-14
7265.999999999998,3.277995879854639e-14
7266.499999999998,3.27877398384441e-14
7266.999999999998,3.27909109483554e-14
7267.499999999998,3.279650740928304e-14
7267.999999999998,3.280605303106878e-14
7268.499999999998,3.281623765554409e-14
7268.999999999998,3.2823838329740806e-14
7269.499999999998,3.283287554888205e-14
7269.999999999998,3.2839056005210567e-14
7270.499999999998,3.2848590867229896e-14
7270.999999999998,3.285457365293224e-14
7271.499999999998,3.286600804804266e-14
7271.999999999998,3.2877391688895035e-14
7272.499999999999,3.288418393568893e-14
7272.999999999999,3.28919717911002e-14
7273.499999999999,3.2898390990218715e-14
7273.999999999999,3.2904159427647107e-14
7274.499999999999,3.291175826386929e-14
7274.999999999999,3.2919021787303214e-14
7275.499999999998,3.2926935271148395e-14
7275.999999999999,3.2930763951422614e-14
7276.499999999998,3.2936413619226703e-14
7276.999999999999,3.293964338502403e-14
7277.499999999998,3.29417797879979e-14
7277.999999999999,3.2945706148222323e-14
7278.499999999998,3.29520491862577e-14
7278.999999999998,3.29560995341822e-14
7279.499999999998,3.296138464058801e-14
7279.999999999998,3.296617614490205e-14
7280.499999999998,3.2971350235460535e-14
7280.999999999998,3.29770905511182e-14
7281.499999999998,3.298252919585792e-14
7281.999999999998,3.29860780923167e-14
7282.499999999998,3.2988523364376835e-14
7282.999999999998,3.2988820642382175e-14
7283.499999999998,3.299067719023852e-14
7283.999999999998,3.299186148744361e-14
7284.499999999998,3.299082924144567e-14
7284.999999999998,3.299105323351069e-14
7285.499999999998,3.2991424792412296e-14
7285.999999999998,3.298937249673449e-14
7286.499999999999,3.298362071869544e-14
7286.999999999999,3.2978297381013556e-14
7287.499999999999,3.29754464615876e-14
7287.999999999999,3.2968885857199183e-14
7288.499999999999,3.2964350419617455e-14
7288.999999999998,3.295554216378158e-14
7289.499999999999,3.29463591522884e-14
7289.999999999998,3.293516581294971e-14
7290.499999999999,3.292717433421118e-14
7290.999999999998,3.2915304786462415e-14
7291.499999999999,3.2903139828175745e-14
7291.999999999998,3.288767343590123e-14
7292.499999999998,3.2871238343721705e-14
7292.999999999998,3.285515361705645e-14
7293.499999999998,3.2840366406269916e-14
7293.999999999998,3.282283573001962e-14
7294.499999999998,3.2806963623903374e-14
7294.999999999998,3.2791641246487894e-14
7295.499999999998,3.277659879581885e-14
7295.999999999998,3.2759174809931406e-14
7296.499999999998,3.274221657997101e-14
7296.999999999998,3.272535195407168e-14
7297.499999999998,3.270746461144811e-14
7297.999999999998,3.2692400673102195e-14
7298.499999999998,3.267339837289432e-14
7298.999999999998,3.2657203004079984e-14
7299.499999999998,3.263843533834307e-14
7299.999999999998,3.262347429696528e-14
7300.499999999998,3.2609467062255004e-14
7300.999999999999,3.2593931091642005e-14
7301.499999999999,3.258009827895387e-14
7301.999999999999,3.2564964704555824e-14
7302.499999999999,3.254911039439943e-14
7302.999999999999,3.2534992259142024e-14
7303.499999999998,3.2519649542186464e-14
7303.999999999999,3.250640775889425e-14
7304.499999999998,3.2493710145327115e-14
7304.999999999999,3.247971694582676e-14
7305.499999999998,3.246616813213412e-14
7305.999999999999,3.245305397853898e-14
7306.499999999998,3.243854866875426e-14
7306.999999999998,3.2426380569957844e-14
7307.499999999998,3.24111715730829e-14
7307.999999999998,3.240039901079371e-14
7308.499999999998,3.238828221852797e-14
7308.999999999998,3.2375482229844914e-14
7309.499999999998,3.236005090326648e-14
7309.999999999998,3.2347462697875265e-14
7310.499999999998,3.233260402105017e-14
7310.999999999998,3.231976756750188e-14
7311.499999999998,3.2305042893995326e-14
7311.999999999998,3.2284549453423046e-14
7312.499999999998,3.2267995046336426e-14
7312.999999999998,3.225202741265845e-14
7313.499999999998,3.2236691897873814e-14
7313.999999999998,3.221800623553023e-14
7314.499999999998,3.220248854030695e-14
7314.999999999999,3.2186961363022515e-14
7315.499999999999,3.217003992785547e-14
7315.999999999999,3.21523411956138e-14
7316.499999999999,3.213484741098073e-14
7316.999999999999,3.2118537777340044e-14
7317.499999999999,3.2101256406274945e-14
7317.999999999998,3.2084980214060386e-14
7318.499999999999,3.206883869015417e-14
7318.999999999998,3.205400547282163e-14
7319.499999999999,3.203646269163842e-14
7319.999999999998,3.201750670200072e-14
7320.499999999999,3.199985027030373e-14
7320.999999999998,3.1982888540111817e-14
7321.499999999998,3.1967838522614916e-14
7321.999999999998,3.195469640365743e-14
7322.499999999998,3.193979925989471e-14
7322.999999999998,3.192449695452166e-14
7323.499999999998,3.190887635068401e-14
7323.999999999998,3.18930133116089e-14
7324.499999999998,3.1877427240929e-14
7324.999999999998,3.1860495406062246e-14
7325.499999999998,3.18446591465992e-14
7325.999999999998,3.183310397984208e-14
7326.499999999998,3.181613804644882e-14
7326.999999999998,3.180317320137332e-14
7327.499999999998,3.178641896172382e-14
7327.999999999998,3.177798486161766e-14
7328.499999999998,3.17662560011555e-14
7328.999999999999,3.175245083702875e-14
7329.499999999999,3.173996683987082e-14
7329.999999999999,3.17244767406637e-14
7330.499999999999,3.1712230329044184e-14
7330.999999999999,3.170004004888299e-14
7331.499999999998,3.168728288379194e-14
7331.999999999999,3.1675904339362164e-14
7332.499999999998,3.166411579973539e-14
7332.999999999999,3.165013848406811e-14
7333.499999999998,3.163795354717158e-14
7333.999999999999,3.162925534709013e-14
7334.499999999998,3.161659790061851e-14
7334.999999999998,3.160490474161967e-14
7335.499999999998,3.159605477236928e-14
7335.999999999998,3.158467333048986e-14
7336.499999999998,3.1576556907201815e-14
7336.999999999998,3.156552374448087e-14
7337.499999999998,3.156022449645338e-14
7337.999999999998,3.155474652435298e-14
7338.499999999998,3.1550173812274305e-14
7338.999999999998,3.1544181158971914e-14
7339.499999999998,3.1538394774408686e-14
7339.999999999998,3.1534290467109315e-14
7340.499999999998,3.152935849003954e-14
7340.999999999998,3.152767780694976e-14
7341.499999999998,3.1522991075607716e-14
7341.999999999998,3.1519464755479117e-14
7342.499999999998,3.151765156327549e-14
7342.999999999999,3.1514242630470014e-14
7343.499999999999,3.151181812649284e-14
7343.999999999999,3.151195381656712e-14
7344.499999999999,3.151122360820712e-14
7344.999999999999,3.151146690988221e-14
7345.499999999999,3.1513247338506303e-14
7345.999999999998,3.151542741713455e-14
7346.499999999999,3.151513643537157e-14
7346.999999999998,3.151919605669044e-14
7347.499999999999,3.1521580484188864e-14
7347.999999999998,3.152410349609658e-14
7348.499999999999,3.152810793757152e-14
7348.999999999998,3.152864887158246e-14
7349.499999999998,3.153286262157129e-14
7349.999999999998,3.153654902742748e-14
7350.499999999998,3.1541974390955124e-14
7350.999999999998,3.154458877881971e-14
7351.499999999998,3.15472957800066e-14
7351.999999999998,3.1549920065822305e-14
7352.499999999998,3.1554723351283034e-14
7352.999999999998,3.156013062299427e-14
7353.499999999998,3.156426784869228e-14
7353.999999999998,3.15686203189559e-14
7354.499999999998,3.157322295736027e-14
7354.999999999998,3.157880755373076e-14
7355.499999999998,3.158128334758481e-14
7355.999999999998,3.15855268192895e-14
7356.499999999998,3.1589508042357566e-14
7356.999999999998,3.1592950444937985e-14
7357.499999999999,3.1594993792031985e-14
7357.999999999999,3.1598308867823264e-14
7358.499999999999,3.160174192157655e-14
7358.999999999999,3.160509291083202e-14
7359.499999999998,3.161063300966026e-14
7359.999999999999,3.1614614606635266e-14
7360.499999999998,3.1618870583939003e-14
7360.999999999999,3.1623331213803635e-14
7361.499999999998,3.1625326346168254e-14
7361.999999999999,3.1628427045505245e-14
7362.499999999998,3.163047956129252e-14
7362.999999999998,3.1631820845426694e-14
7363.499999999998,3.163612031106974e-14
7363.999999999998,3.163825104494992e-14
7364.499999999998,3.164082655402548e-14
7364.999999999998,3.1646505951590516e-14
7365.499999999998,3.1650082585887424e-14
7365.999999999998,3.165507195522824e-14
7366.499999999998,3.1658403833975007e-14
7366.999999999998,3.166158137804467e-14
7367.499999999998,3.1664725222857316e-14
7367.999999999998,3.1670939617298104e-14
7368.499999999998,3.1677645912947165e-14
7368.999999999998,3.168495234766067e-14
7369.499999999998,3.1688832540930705e-14
7369.999999999998,3.169548653371495e-14
7370.499999999998,3.170296412346281e-14
7370.999999999998,3.1707142031462867e-14
7371.499999999999,3.171571774090368e-14
7371.999999999999,3.172399240753479e-14
7372.499999999999,3.173219055310746e-14
7372.999999999999,3.174158972550149e-14
7373.499999999999,3.1748200448166464e-14
7373.999999999998,3.175822761425814e-14
7374.499999999999,3.176826563969667e-14
7374.999999999998,3.1777891186820336e-14
7375.499999999999,3.178793499922619e-14
7375.999999999998,3.179909873413495e-14
7376.499999999999,3.1808791960283373e-14
7376.999999999998,3.18195190735932e-14
7377.499999999998,3.183000506648206e-14
7377.999999999998,3.1843887788435716e-14
7378.499999999998,3.18556658954044e-14
7378.999999999998,3.1867045477062196e-14
7379.499999999998,3.1878745397988554e-14
7379.999999999998,3.1891100165063074e-14
7380.499999999998,3.190326390011214e-14
7380.999999999998,3.1916420043285106e-14
7381.499999999998,3.192941104533757e-14
7381.999999999998,3.1943720008179244e-14
7382.499999999998,3.195740242631797e-14
7382.999999999998,3.197203193322722e-14
7383.499999999998,3.198413871786193e-14
7383.999999999998,3.2000873833450564e-14
7384.499999999998,3.2013597104255526e-14
7384.999999999998,3.202868151741336e-14
7385.499999999999,3.2043676630598263e-14
7385.999999999999,3.2055764339291704e-14
7386.499999999999,3.206984168445446e-14
7386.999999999999,3.208041424126326e-14
7387.499999999999,3.209420374693975e-14
7387.999999999999,3.2105022971582455e-14
7388.499999999998,3.211694832159201e-14
7388.999999999999,3.2126876535583744e-14
7389.499999999998,3.213827959564137e-14
7389.999999999999,3.2149546354307454e-14
7390.499999999998,3.2161892544234715e-14
7390.999999999999,3.2170885920225875e-14
7391.499999999998,3.217913250758949e-14
7391.999999999998,3.218912217386029e-14
7392.499999999998,3.2196627084772545e-14
7392.999999999998,3.220222667692269e-14
7393.499999999998,3.220927360241533e-14
7393.999999999998,3.2214347031776847e-14
7394.499999999998,3.2220527325217785e-14
7394.999999999998,3.222660101898925e-14
7395.499999999998,3.223657991161185e-14
7395.999999999998,3.224214694209385e-14
7396.499999999998,3.224724664495475e-14
7396.999999999998,3.2255467149728496e-14
7397.499999999998,3.2260930069752037e-14
7397.999999999998,3.22654835674398e-14
7398.499999999998,3.226902011572742e-14
7398.999999999998,3.22765197385894e-14
7399.499999999999,3.228267470883805e-14
7399.999999999999,3.229073606954384e-14
7400.499999999999,3.229791690698884e-14
7400.999999999999,3.2305397868726905e-14
7401.499999999999,3.2313142645008054e-14
7401.999999999998,3.231981930332873e-14
7402.499999999999,3.232875098395837e-14
7402.999999999998,3.233737452319353e-14
7403.499999999999,3.234858305303216e-14
7403.999999999998,3.2353955630865593e-14
7404.499999999999,3.236186346921877e-14
7404.999999999998,3.236871996125292e-14
7405.499999999998,3.2372970178437074e-14
7405.999999999998,3.237989090572118e-14
7406.499999999998,3.2387722230087244e-14
7406.999999999998,3.239412584699382e-14
7407.499999999998,3.240165804210847e-14
7407.999999999998,3.2410089043138556e-14
7408.499999999998,3.241520408240133e-14
7408.999999999998,3.242291017353279e-14
7409.499999999998,3.24272549045398e-14
7409.999999999998,3.2432086155855713e-14
7410.499999999998,3.243650614252688e-14
7410.999999999998,3.2440674958522536e-14
7411.499999999998,3.2442861314510974e-14
7411.999999999998,3.24451209153326e-14
7412.499999999998,3.2447289183660235e-14
7412.999999999998,3.2449822257904653e-14
7413.499999999998,3.245281566698616e-14
7413.999999999999,3.24511588729205e-14
7414.499999999999,3.2450536916996845e-14
7414.999999999999,3.2449396597620447e-14
7415.499999999999,3.2449331270960977e-14
7415.999999999999,3.244810124671105e-14
7416.499999999998,3.2445432227851976e-14
7416.999999999999,3.244176812364566e-14
7417.499999999998,3.2438111918358145e-14
7417.999999999999,3.2436119281726965e-14
7418.499999999998,3.243327915827242e-14
7418.999999999999,3.242903392686092e-14
7419.499999999998,3.2424534077489e-14
7419.999999999998,3.242124999322586e-14
7420.499999999998,3.2416308758686803e-14
7420.999999999998,3.241136376278764e-14
7421.499999999998,3.240850107516807e-14
7421.999999999998,3.240351681660254e-14
7422.499999999998,3.2397725795168466e-14
7422.999999999998,3.2393842496624004e-14
7423.499999999998,3.2388530120404485e-14
7423.999999999998,3.238314253909136e-14
7424.499999999998,3.2376601599754326e-14
7424.999999999998,3.2372267785819696e-14
7425.499999999998,3.236754465984023e-14
7425.999999999998,3.236027132038829e-14
7426.499999999998,3.235051683514329e-14
7426.999999999998,3.234564412787895e-14
7427.499999999998,3.234111710932842e-14
7427.999999999999,3.2336554084469124e-14
7428.499999999999,3.233327539041426e-14
7428.999999999999,3.2327798737398976e-14
7429.499999999999,3.2321418078511917e-14
7429.999999999998,3.232065850345867e-14
7430.499999999999,3.232002035166875e-14
7430.999999999998,3.232002384626678e-14
7431.499999999999,3.2320784496401326e-14
7431.999999999998,3.232306930448306e-14
7432.499999999999,3.2324907779922235e-14
7432.999999999998,3.232618766936666e-14
7433.499999999998,3.232851490683726e-14
7433.999999999998,3.23337510758303e-14
7434.499999999998,3.2339923275362456e-14
7434.999999999998,3.234553695539268e-14
7435.499999999998,3.235488826362548e-14
7435.999999999998,3.236523801818495e-14
7436.499999999998,3.237413049355375e-14
7436.999999999998,3.2385133966165213e-14
7437.499999999998,3.2397497299853877e-14
7437.999999999998,3.240948982522951e-14
7438.499999999998,3.2419471420381657e-14
7438.999999999998,3.243342222121007e-14
7439.499999999998,3.244781722060329e-14
7439.999999999998,3.246321382804979e-14
7440.499999999998,3.2478536721102565e-14
7440.999999999998,3.249505038676031e-14
7441.499999999998,3.251005105486993e-14
7441.999999999999,3.2525439419065236e-14
7442.499999999999,3.254350711854496e-14
7442.999999999999,3.2561176687208105e-14
7443.499999999999,3.2579626483822015e-14
7443.999999999999,3.259677851422398e-14
7444.499999999998,3.261472822248288e-14
7444.999999999999,3.2635643584607824e-14
7445.499999999998,3.265663778506584e-14
7445.999999999999,3.267828740717179e-14
7446.499999999998,3.269696291526685e-14
7446.999999999999,3.2714330613138166e-14
7447.499999999998,3.2734622902433346e-14
7447.999999999998,3.2755702747922604e-14
7448.499999999998,3.2774469754152286e-14
7448.999999999998,3.279358684125253e-14
7449.499999999998,3.2815091515596654e-14
7449.999999999998,3.2837748955164785e-14
7450.499999999998,3.28609555716833e-14
7450.999999999998,3.288463968205757e-14
7451.499999999998,3.2908695508316254e-14
7451.999999999998,3.293168163838759e-14
7452.499999999998,3.295688444122137e-14
7452.999999999998,3.298319424826343e-14
7453.499999999998,3.300821633789819e-14
7453.999999999998,3.3036763834657795e-14
7454.499999999998,3.3064872212288844e-14
7454.999999999998,3.309105142889634e-14
7455.499999999998,3.311996295873906e-14
7455.999999999999,3.315062874144431e-14
7456.499999999999,3.3178030955285734e-14
7456.999999999999,3.32061073461277e-14
7457.499999999999,3.323843258099016e-14
7457.999999999999,3.3270498371273256e-14
7458.499999999999,3.330353449441174e-14
7458.999999999998,3.333611812689842e-14
7459.499999999999,3.337077920857485e-14
7459.999999999998,3.340447193808966e-14
7460.499999999999,3.3437505621706254e-14
7460.999999999998,3.347231767556399e-14
7461.499999999999,3.35047456522808e-14
7461.999999999998,3.354130740973373e-14
7462.499999999998,3.357724195790924e-14
7462.999999999998,3.360837952991002e-14
7463.499999999998,3.364371298972585e-14
7463.999999999998,3.367945039246138e-14
7464.499999999998,3.3714154353212166e-14
7464.999999999998,3.37470895899194e-14
7465.499999999998,3.3782144263212353e-14
7465.999999999998,3.3818608199380056e-14
7466.499999999998,3.385373620165115e-14
7466.999999999998,3.3891470523611053e-14
7467.499999999998,3.392829344487572e-14
7467.999999999998,3.396628181093987e-14
7468.499999999998,3.400188317525375e-14
7468.999999999998,3.403870849029779e-14
7469.499999999998,3.407423361953665e-14
7469.999999999998,3.4109944018267056e-14
7470.499999999999,3.4143782530774515e-14
7470.999999999999,3.417866340709891e-14
7471.499999999999,3.421490909935741e-14
7471.999999999999,3.425338009516525e-14
7472.499999999998,3.4290553335110706e-14
7472.999999999999,3.432446598188823e-14
7473.499999999998,3.4362799558371027e-14
7473.999999999999,3.4401520781624944e-14
7474.499999999998,3.4433928954333723e-14
7474.999999999999,3.447094354421403e-14
7475.499999999998,3.45059721232755e-14
7475.999999999998,3.453986735226483e-14
7476.499999999998,3.457232189412434e-14
7476.999999999998,3.460753006890394e-14
7477.499999999998,3.4640705870667527e-14
7477.999999999998,3.467732479328621e-14
7478.499999999998,3.4709855067769133e-14
7478.999999999998,3.474266868223152e-14
7479.499999999998,3.4774928041383014e-14
7479.999999999998,3.480836273697023e-14
7480.499999999998,3.484002802520807e-14
7480.999999999998,3.4873397272500446e-14
7481.499999999998,3.490206232778992e-14
7481.999999999998,3.4934518968596813e-14
7482.499999999998,3.496791777999476e-14
7482.999999999998,3.499868396053183e-14
7483.499999999998,3.503022691495139e-14
7483.999999999998,3.5062356999332046e-14
7484.499999999999,3.5089475112459164e-14
7484.999999999999,3.512310903281525e-14
7485.499999999999,3.515560796229333e-14
7485.999999999999,3.5184774819108054e-14
7486.499999999999,3.521340142387306e-14
7486.999999999998,3.524384319118961e-14
7487.499999999999,3.5274304895788785e-14
7487.999999999998,3.5305387360423183e-14
7488.499999999999,3.533595781520201e-14
7488.999999999998,3.536685574994614e-14
7489.499999999999,3.53977435480962e-14
7489.999999999998,3.542714722657045e-14
7490.499999999998,3.545823631624334e-14
7490.999999999998,3.548787766688073e-14
7491.499999999998,3.551893389574771e-14
7491.999999999998,3.554840528922962e-14
7492.499999999998,3.5581004648132816e-14
7492.999999999998,3.561243826392037e-14
7493.499999999998,3.564540098487675e-14
7493.999999999998,3.5673349654982946e-14
7494.499999999998,3.5704873980094706e-14
7494.999999999998,3.573614595093526e-14
7495.499999999998,3.5766916419272416e-14
7495.999999999998,3.579955533010123e-14
7496.499999999998,3.5832847361766135e-14
7496.999999999998,3.5864025171676554e-14
7497.499999999998,3.58997651091696e-14
7497.999999999998,3.593283610253717e-14
7498.499999999999,3.596883635194487e-14
7498.999999999999,3.6005516289412343e-14
7499.499999999999,3.6041272159278005e-14
7499.999999999999,3.6079877316155325e-14
7500.499999999998,3.6116927393225357e-14
7500.999999999999,3.615917691740026e-14
7501.499999999998,3.619865924284913e-14
7501.999999999999,3.6239653316774157e-14
7502.499999999998,3.628258557648779e-14
7502.999999999999,3.6327889774468904e-14
7503.499999999998,3.637161604759565e-14
7503.999999999998,3.641861933280987e-14
7504.499999999998,3.646397783662949e-14
7504.999999999998,3.651086250144689e-14
7505.499999999998,3.656127151198291e-14
7505.999999999998,3.6610909001296794e-14
7506.499999999998,3.665947650090268e-14
7506.999999999998,3.6708332534384783e-14
7507.499999999998,3.6759190205633994e-14
7507.999999999998,3.6810647763588617e-14
7508.499999999998,3.686517653196889e-14
7508.999999999998,3.6918632893100804e-14
7509.499999999998,3.697359102432378e-14
7509.999999999998,3.702849765022273e-14
7510.499999999998,3.7085191892902916e-14
7510.999999999998,3.7142629624084895e-14
7511.499999999998,3.7197973002909193e-14
7511.999999999998,3.7258366732163725e-14
7512.499999999999,3.73168325409306e-14
7512.999999999999,3.7376655606387114e-14
7513.499999999999,3.7439294894546453e-14
7513.999999999999,3.7498293139296436e-14
7514.499999999999,3.756025764324896e-14
7514.999999999998,3.762092192115132e-14
7515.499999999999,3.768199025779801e-14
7515.999999999998,3.7744603428900686e-14
7516.499999999999,3.7806619098024754e-14
7516.999999999998,3.7870589200882687e-14
7517.499999999999,3.7932607588676425e-14
7517.999999999998,3.799276760878158e-14
7518.499999999998,3.8052306843674155e-14
7518.999999999998,3.811727511648374e-14
7519.499999999998,3.818195801430281e-14
7519.999999999998,3.824407281204807e-14
7520.499999999998,3.830893251098544e-14
7520.999999999998,3.8376086447188915e-14
7521.499999999998,3.8439173560208286e-14
7521.999999999998,3.850095245354642e-14
7522.499999999998,3.856488003383063e-14
7522.999999999998,3.8628667618601866e-14
7523.499999999998,3.868785027256674e-14
7523.999999999998,3.8750280782724273e-14
7524.499999999998,3.881130952015569e-14
7524.999999999998,3.887601688139678e-14
7525.499999999998,3.8935392710294605e-14
7525.999999999998,3.8995116959206305e-14
7526.499999999998,3.905960359161097e-14
7526.999999999999,3.912194831539711e-14
7527.499999999999,3.918207871940391e-14
7527.999999999999,3.92446885990082e-14
7528.499999999999,3.930786231083028e-14
7528.999999999999,3.937103745530617e-14
7529.499999999998,3.9433877102728665e-14
7529.999999999999,3.9497354808304905e-14
7530.499999999998,3.955896545819942e-14
7530.999999999999,3.961775072603067e-14
7531.499999999998,3.967867173964934e-14
7531.999999999999,3.974025917292043e-14
7532.499999999998,3.980514993697902e-14
7532.999999999998,3.986582040818429e-14
7533.499999999998,3.992462416869093e-14
7533.999999999998,3.99874359643197e-14
7534.499999999998,4.00514900746799e-14
7534.999999999998,4.0112526913256456e-14
7535.499999999998,4.017093617163881e-14
7535.999999999998,4.0227546040486906e-14
7536.499999999998,4.028853332776471e-14
7536.999999999998,4.0344502837324536e-14
7537.499999999998,4.040267982295093e-14
7537.999999999998,4.045757277105591e-14
7538.499999999998,4.05146034699155e-14
7538.999999999998,4.0571390030612366e-14
7539.499999999998,4.0628019404276594e-14
7539.999999999998,4.068302291091988e-14
7540.499999999998,4.0741587618065744e-14
7540.999999999999,4.079771520655019e-14
7541.499999999999,4.0850231413298037e-14
7541.999999999999,4.09045127499533e-14
7542.499999999999,4.096082346442157e-14
7542.999999999998,4.1013829595219016e-14
7543.499999999999,4.106963361599982e-14
7543.999999999998,4.112066609863279e-14
7544.499999999999,4.1170961647746803e-14
7544.999999999998,4.122364537779563e-14
7545.499999999999,4.12801573467392e-14
7545.999999999998,4.133423087384365e-14
7546.499999999998,4.1384187629791376e-14
7546.999999999998,4.143597130463224e-14
7547.499999999998,4.148702983925566e-14
7547.999999999998,4.15375223920699e-14
7548.499999999998,4.158733104154483e-14
7548.999999999998,4.163490311642897e-14
7549.499999999998,4.168322495973562e-14
7549.999999999998,4.1734341428103545e-14
7550.499999999998,4.178210846629312e-14
7550.999999999998,4.1831640332017007e-14
7551.499999999998,4.1879944874125597e-14
7551.999999999998,4.1926771574574355e-14
7552.499999999998,4.197689747564995e-14
7552.999999999998,4.202078072155447e-14
7553.499999999998,4.2069636083351656e-14
7553.999999999998,4.2116219518941115e-14
7554.499999999998,4.2160143183929174e-14
7554.999999999999,4.220710257424894e-14
7555.499999999999,4.225447213437378e-14
7555.999999999999,4.230014491241883e-14
7556.499999999999,4.233874300843453e-14
7556.999999999999,4.2382717387575846e-14
7557.499999999998,4.2424638356326466e-14
7557.999999999999,4.2463516441302145e-14
7558.499999999998,4.250367324348446e-14
7558.999999999999,4.2544314651155914e-14
7559.499999999998,4.258514398698286e-14
7559.999999999999,4.262849575031965e-14
7560.499999999998,4.2669740280800093e-14
7560.999999999998,4.270994635408415e-14
7561.499999999998,4.2743770851323933e-14
7561.999999999998,4.2781745580738e-14
7562.499999999998,4.2816368709621643e-14
7562.999999999998,4.285338221198144e-14
7563.499999999998,4.288835422540199e-14
7563.999999999998,4.292112111348478e-14
7564.499999999998,4.295957816318151e-14
7564.999999999998,4.299719995897951e-14
7565.499999999998,4.303342184171188e-14
7565.999999999998,4.306999859045426e-14
7566.499999999998,4.309902271702012e-14
7566.999999999998,4.313152149119981e-14
7567.499999999998,4.316263558107793e-14
7567.999999999998,4.3195653233144945e-14
7568.499999999998,4.3228902091275294e-14
7568.999999999999,4.325823935662371e-14
7569.499999999999,4.328967260088139e-14
7569.999999999999,4.332366961689904e-14
