# ABSOLUTE spectrograph sensitivity, [erg/s/cm^2/A] per [e-/s/A]
# arm=z  n=4561
# vendored 2026-09-18 from lvmcore/sensitivity/sens_percentiles-z.csv column 4 (of 8), sha256 0fc356eb396dbad2
# columns: wavelength_air_angstrom,sensitivity_abs
7519.999999999997,1.008572713528132e-13
7520.499999999997,1.0062770222730884e-13
7520.999999999997,1.004302381103757e-13
7521.499999999997,1.0023236508008899e-13
7521.999999999997,1.000483643251627e-13
7522.499999999997,9.984498614193673e-14
7522.999999999997,9.967057250134754e-14
7523.499999999997,9.947794896856035e-14
7523.999999999997,9.927086090122414e-14
7524.499999999997,9.904233558039567e-14
7524.999999999997,9.884466595194256e-14
7525.499999999997,9.865339911016924e-14
7525.999999999997,9.843709978519585e-14
7526.499999999997,9.82291465532289e-14
7526.999999999997,9.801913582734133e-14
7527.499999999996,9.780435510925064e-14
7527.999999999996,9.759148976587089e-14
7528.499999999996,9.739403496976269e-14
7528.999999999996,9.717792467919236e-14
7529.499999999996,9.698004359101697e-14
7529.999999999996,9.677027258735218e-14
7530.499999999996,9.657739882580505e-14
7530.999999999997,9.636967761615483e-14
7531.499999999997,9.617384819131988e-14
7531.999999999997,9.598235129987704e-14
7532.499999999997,9.579966853501887e-14
7532.999999999997,9.561563239550534e-14
7533.499999999997,9.541880890442118e-14
7533.999999999997,9.521442785023508e-14
7534.499999999997,9.500741178452152e-14
7534.999999999997,9.479362857303502e-14
7535.499999999997,9.45865395097226e-14
7535.999999999997,9.438102835187266e-14
7536.499999999997,9.419288046882139e-14
7536.999999999997,9.398624814909368e-14
7537.499999999997,9.378892023985215e-14
7537.999999999997,9.358509859528993e-14
7538.499999999997,9.337590033788559e-14
7538.999999999997,9.315782959981456e-14
7539.499999999997,9.297491416467637e-14
7539.999999999997,9.275821600260999e-14
7540.499999999997,9.255530122172344e-14
7540.999999999997,9.235682523708168e-14
7541.499999999996,9.213389418712369e-14
7541.999999999996,9.194293974934507e-14
7542.499999999996,9.175168194153013e-14
7542.999999999996,9.154648294004311e-14
7543.499999999996,9.135552495652308e-14
7543.999999999996,9.115327982447422e-14
7544.499999999996,9.096605798336559e-14
7544.999999999997,9.076324525689347e-14
7545.499999999997,9.057885930344904e-14
7545.999999999997,9.037037721667569e-14
7546.499999999997,9.01697427658253e-14
7546.999999999997,8.996635856717822e-14
7547.499999999997,8.974225561729794e-14
7547.999999999997,8.954908345463347e-14
7548.499999999997,8.933479670657521e-14
7548.999999999997,8.912683488876014e-14
7549.499999999997,8.892896038921643e-14
7549.999999999997,8.871870191137834e-14
7550.499999999997,8.850681980710711e-14
7550.999999999997,8.830508560841112e-14
7551.499999999997,8.810639690309523e-14
7551.999999999997,8.789896848584415e-14
7552.499999999997,8.76841143995226e-14
7552.999999999997,8.747705049373809e-14
7553.499999999997,8.723466634500631e-14
7553.999999999997,8.703955876150401e-14
7554.499999999997,8.68361944450228e-14
7554.999999999997,8.664325314413356e-14
7555.499999999996,8.644956867315378e-14
7555.999999999996,8.625408048746278e-14
7556.499999999996,8.605683399714975e-14
7556.999999999996,8.586838684373808e-14
7557.499999999996,8.566610068469355e-14
7557.999999999996,8.548207973467242e-14
7558.499999999996,8.528002001888467e-14
7558.999999999997,8.507582476072997e-14
7559.499999999997,8.487259892971874e-14
7559.999999999997,8.470658921550549e-14
7560.499999999997,8.451890639007555e-14
7560.999999999997,8.430488032520236e-14
7561.499999999997,8.409983052294979e-14
7561.999999999997,8.389317755552967e-14
7562.499999999997,8.369047791181633e-14
7562.999999999997,8.348921156131505e-14
7563.499999999997,8.330858703559206e-14
7563.999999999997,8.309313808997474e-14
7564.499999999997,8.290158349759029e-14
7564.999999999997,8.268176685719818e-14
7565.499999999997,8.24864257024418e-14
7565.999999999997,8.229534734522952e-14
7566.499999999997,8.211741364414851e-14
7566.999999999997,8.192868934326728e-14
7567.499999999997,8.171041808354339e-14
7567.999999999997,8.15053026125177e-14
7568.499999999997,8.130830213607293e-14
7568.999999999997,8.108627918170768e-14
7569.499999999996,8.088043320674055e-14
7569.999999999996,8.069932841955501e-14
7570.499999999996,8.049811626393703e-14
7570.999999999996,8.029861351856689e-14
7571.499999999996,8.009033075209906e-14
7571.999999999996,7.988326600060306e-14
7572.499999999996,7.967005618956385e-14
7572.999999999997,7.944119406507002e-14
7573.499999999997,7.92201269505543e-14
7573.999999999997,7.90007438593528e-14
7574.499999999997,7.881986494409429e-14
7574.999999999997,7.862435922363953e-14
7575.499999999997,7.840536302769547e-14
7575.999999999997,7.818608163696757e-14
7576.499999999997,7.7978194150704e-14
7576.999999999997,7.775610375322533e-14
7577.499999999997,7.754823614056768e-14
7577.999999999997,7.732071072710022e-14
7578.499999999997,7.708593019450978e-14
7578.999999999997,7.688714291480758e-14
7579.499999999997,7.667154742378785e-14
7579.999999999997,7.643455678017369e-14
7580.499999999997,7.619891845750713e-14
7580.999999999997,7.594796161043101e-14
7581.499999999997,7.573474294283617e-14
7581.999999999997,7.548110974583733e-14
7582.499999999997,7.528028578916619e-14
7582.999999999997,7.505596433389042e-14
7583.499999999997,7.48244374101647e-14
7583.999999999996,7.459872497679011e-14
7584.499999999996,7.438008409899867e-14
7584.999999999996,7.41388978328347e-14
7585.499999999996,7.38807856827184e-14
7585.999999999996,7.360530175872735e-14
7586.499999999996,7.33412275115853e-14
7586.999999999996,7.31234379396342e-14
7587.499999999997,7.288861434954748e-14
7587.999999999997,7.260818728194315e-14
7588.499999999997,7.231356257916576e-14
7588.999999999997,7.200266513959557e-14
7589.499999999997,7.176574805908005e-14
7589.999999999997,7.151823158512103e-14
7590.499999999997,7.130023973459196e-14
7590.999999999997,7.10706361756569e-14
7591.499999999997,7.083300625117603e-14
7591.999999999997,7.05932407923621e-14
7592.499999999997,7.033838243524855e-14
7592.999999999997,7.006664276969504e-14
7593.499999999997,6.980987830620348e-14
7593.999999999997,6.956327622976933e-14
7594.499999999997,6.932025561879435e-14
7594.999999999997,6.90622443889981e-14
7595.499999999997,6.88276940034585e-14
7595.999999999997,6.859079644989733e-14
7596.499999999997,6.837489675742933e-14
7596.999999999997,6.81179310503959e-14
7597.499999999996,6.792029419936186e-14
7597.999999999996,6.768792866249763e-14
7598.499999999996,6.745415576586008e-14
7598.999999999996,6.721533748331106e-14
7599.499999999996,6.69616308519469e-14
7599.999999999996,6.673421422053652e-14
7600.499999999996,6.651676115095912e-14
7600.999999999996,6.628482997578483e-14
7601.499999999997,6.607302883254511e-14
7601.999999999997,6.58441357487416e-14
7602.499999999997,6.560187005497831e-14
7602.999999999997,6.53379512251423e-14
7603.499999999997,6.511562161192218e-14
7603.999999999997,6.487739972211528e-14
7604.499999999997,6.46613462992215e-14
7604.999999999997,6.443513590428405e-14
7605.499999999997,6.420371687910887e-14
7605.999999999997,6.396205243130641e-14
7606.499999999997,6.372852334109883e-14
7606.999999999997,6.349145874011516e-14
7607.499999999997,6.327569057261805e-14
7607.999999999997,6.304391255814015e-14
7608.499999999997,6.281290769249753e-14
7608.999999999997,6.259878242562888e-14
7609.499999999997,6.23826524997705e-14
7609.999999999997,6.216679482629524e-14
7610.499999999997,6.194309372839197e-14
7610.999999999997,6.173072747502797e-14
7611.499999999997,6.152547341326404e-14
7611.999999999996,6.129386916810647e-14
7612.499999999996,6.106672366532468e-14
7612.999999999996,6.085369976451626e-14
7613.499999999996,6.062255737011838e-14
7613.999999999996,6.040033711649434e-14
7614.499999999996,6.01921540974654e-14
7614.999999999996,5.999493716639211e-14
7615.499999999997,5.977221534156113e-14
7615.999999999997,5.95526147614435e-14
7616.499999999997,5.93467827019022e-14
7616.999999999997,5.914419998039293e-14
7617.499999999997,5.891900046578907e-14
7617.999999999997,5.870436107017365e-14
7618.499999999997,5.848550728979501e-14
7618.999999999997,5.828937260268406e-14
7619.499999999997,5.806794147454027e-14
7619.999999999997,5.785501751159344e-14
7620.499999999997,5.764740344795027e-14
7620.999999999997,5.743968498486011e-14
7621.499999999997,5.722201763232915e-14
7621.999999999997,5.700766175213308e-14
7622.499999999997,5.679032536217133e-14
7622.999999999997,5.658267121792852e-14
7623.499999999997,5.636234490262048e-14
7623.999999999997,5.6160451655729645e-14
7624.499999999997,5.593379100640664e-14
7624.999999999997,5.571761059487768e-14
7625.499999999997,5.550766028385878e-14
7625.999999999996,5.530004399450961e-14
7626.499999999996,5.509363849173039e-14
7626.999999999996,5.4888380079426695e-14
7627.499999999996,5.4689235696236515e-14
7627.999999999996,5.4490371328587735e-14
7628.499999999996,5.42922732176176e-14
7628.999999999996,5.4086559440676395e-14
7629.499999999997,5.387882396950262e-14
7629.999999999997,5.368678298764538e-14
7630.499999999997,5.3486162141706755e-14
7630.999999999997,5.3274884078607156e-14
7631.499999999997,5.307344867885022e-14
7631.999999999997,5.287566161235004e-14
7632.499999999997,5.2680283305923435e-14
7632.999999999997,5.248157862754572e-14
7633.499999999997,5.227828830968657e-14
7633.999999999997,5.209325219874912e-14
7634.499999999997,5.1879411634322013e-14
7634.999999999997,5.16828729181621e-14
7635.499999999997,5.148178763584861e-14
7635.999999999997,5.128582562193753e-14
7636.499999999997,5.109686047327634e-14
7636.999999999997,5.089014472530626e-14
7637.499999999997,5.069340118542117e-14
7637.999999999997,5.048035583930656e-14
7638.499999999997,5.030641226496544e-14
7638.999999999997,5.0113273170978096e-14
7639.499999999997,4.991497115984154e-14
7639.999999999996,4.9722195084040663e-14
7640.499999999996,4.9527885634492855e-14
7640.999999999996,4.932684972585327e-14
7641.499999999996,4.913754398989852e-14
7641.999999999996,4.894984306529919e-14
7642.499999999996,4.875507323337687e-14
7642.999999999996,4.855891526562193e-14
7643.499999999996,4.8368095386295204e-14
7643.999999999997,4.818100787671508e-14
7644.499999999997,4.799901333018583e-14
7644.999999999997,4.7801712134041935e-14
7645.499999999997,4.7591438592645016e-14
7645.999999999997,4.7381027661195525e-14
7646.499999999997,4.718034867725517e-14
7646.999999999997,4.6970190323555565e-14
7647.499999999997,4.677618332233117e-14
7647.999999999997,4.658735873398887e-14
7648.499999999997,4.638480133193337e-14
7648.999999999997,4.6187175630916456e-14
7649.499999999997,4.5992361348917803e-14
7649.999999999997,4.5783247492126027e-14
7650.499999999997,4.558416506926872e-14
7650.999999999997,4.5382332274011026e-14
7651.499999999997,4.5190878062539063e-14
7651.999999999997,4.4991780668952004e-14
7652.499999999997,4.476905925002036e-14
7652.999999999997,4.456275156512337e-14
7653.499999999997,4.4357933831157796e-14
7653.999999999997,4.4149548248608845e-14
7654.499999999996,4.393414078828392e-14
7654.999999999996,4.372748669661209e-14
7655.499999999996,4.350288902381108e-14
7655.999999999996,4.3302161715486275e-14
7656.499999999996,4.3103276991104594e-14
7656.999999999996,4.2900867131422025e-14
7657.499999999996,4.269919936619821e-14
7657.999999999997,4.248839682940544e-14
7658.499999999997,4.22817316691739e-14
7658.999999999997,4.2057021075922687e-14
7659.499999999997,4.183695491986226e-14
7659.999999999997,4.1641583645078755e-14
7660.499999999997,4.14214745609586e-14
7660.999999999997,4.121940607517525e-14
7661.499999999997,4.100629435847096e-14
7661.999999999997,4.0804533306149835e-14
7662.499999999997,4.059515468311674e-14
7662.999999999997,4.038412878265355e-14
7663.499999999997,4.0187611266658846e-14
7663.999999999997,3.997597035496105e-14
7664.499999999997,3.9763714085270594e-14
7664.999999999997,3.957488933825185e-14
7665.499999999997,3.93670411968812e-14
7665.999999999997,3.9169298331296916e-14
7666.499999999997,3.89762583662202e-14
7666.999999999997,3.878140666671855e-14
7667.499999999997,3.8589666128363673e-14
7667.999999999996,3.8394116945691336e-14
7668.499999999996,3.819828604060192e-14
7668.999999999996,3.800046324802512e-14
7669.499999999996,3.7799118000142356e-14
7669.999999999996,3.760215314740448e-14
7670.499999999996,3.742516164674222e-14
7670.999999999996,3.7250903759874805e-14
7671.499999999996,3.7069282935162175e-14
7671.999999999997,3.688314288166153e-14
7672.499999999997,3.670062185243227e-14
7672.999999999997,3.6513736796870314e-14
7673.499999999997,3.634278147008738e-14
7673.999999999997,3.6174535563689505e-14
7674.499999999997,3.600026839556988e-14
7674.999999999997,3.582281831475284e-14
7675.499999999997,3.5642214270088e-14
7675.999999999997,3.546961527114818e-14
7676.499999999997,3.5309742667801136e-14
7676.999999999997,3.513627349273072e-14
7677.499999999997,3.4969359150534834e-14
7677.999999999997,3.4801640866157714e-14
7678.499999999997,3.463146325946583e-14
7678.999999999997,3.446322857995308e-14
7679.499999999997,3.429898554023959e-14
7679.999999999997,3.413589148738337e-14
7680.499999999997,3.398211178695452e-14
7680.999999999997,3.3824320144745014e-14
7681.499999999997,3.367467528324348e-14
7681.999999999997,3.353289194347894e-14
7682.499999999996,3.338123726157181e-14
7682.999999999996,3.323337649314612e-14
7683.499999999996,3.30921436669704e-14
7683.999999999996,3.294825953557411e-14
7684.499999999996,3.279312135452115e-14
7684.999999999996,3.26610874756757e-14
7685.499999999996,3.251999389698697e-14
7685.999999999996,3.237330352921763e-14
7686.499999999997,3.22355887952416e-14
7686.999999999997,3.2090001468183165e-14
7687.499999999997,3.194916875103569e-14
7687.999999999997,3.181021428987925e-14
7688.499999999997,3.16779730103488e-14
7688.999999999997,3.154335839802847e-14
7689.499999999997,3.140691232995434e-14
7689.999999999997,3.127143913230943e-14
7690.499999999997,3.1135272644535325e-14
7690.999999999997,3.1002077222424645e-14
7691.499999999997,3.087210330953547e-14
7691.999999999997,3.0744276448208606e-14
7692.499999999997,3.061617585274262e-14
7692.999999999997,3.048969209631255e-14
7693.499999999997,3.035754377727147e-14
7693.999999999997,3.0232449526794057e-14
7694.499999999997,3.01065368515469e-14
7694.999999999997,2.998318315313872e-14
7695.499999999997,2.98692400738913e-14
7695.999999999997,2.9749333271659865e-14
7696.499999999996,2.963098613203424e-14
7696.999999999996,2.95177495408782e-14
7697.499999999996,2.939784700161573e-14
7697.999999999996,2.928823146141139e-14
7698.499999999996,2.917988468529473e-14
7698.999999999996,2.907296644159242e-14
7699.499999999996,2.896522822840945e-14
7699.999999999996,2.8870424916947285e-14
7700.499999999997,2.8771134139205094e-14
7700.999999999997,2.8674215028123324e-14
7701.499999999997,2.858266380324233e-14
7701.999999999997,2.849031683566212e-14
7702.499999999997,2.8394147149500956e-14
7702.999999999997,2.8305567560359788e-14
7703.499999999997,2.821176148909767e-14
7703.999999999997,2.8126547425926803e-14
7704.499999999997,2.804138022534454e-14
7704.999999999997,2.795865876089109e-14
7705.499999999997,2.7879756299661273e-14
7705.999999999997,2.779973821423876e-14
7706.499999999997,2.7714150838450535e-14
7706.999999999997,2.7634871750788132e-14
7707.499999999997,2.757246348120764e-14
7707.999999999997,2.7503400385267972e-14
7708.499999999997,2.743457888813166e-14
7708.999999999997,2.736659676001637e-14
7709.499999999997,2.729894823475741e-14
7709.999999999997,2.7242491622218336e-14
7710.499999999996,2.717836378101079e-14
7710.999999999996,2.7118135075246176e-14
7711.499999999996,2.7058382062938237e-14
7711.999999999996,2.7003309145818375e-14
7712.499999999996,2.6945068273983247e-14
7712.999999999996,2.6893045602313777e-14
7713.499999999996,2.6840321472532663e-14
7713.999999999996,2.6787809020909527e-14
7714.499999999997,2.6740359776807817e-14
7714.999999999997,2.669467436146e-14
7715.499999999997,2.6647573160959687e-14
7715.999999999997,2.6603701747502898e-14
7716.499999999997,2.65611473881064e-14
7716.999999999997,2.652028711728694e-14
7717.499999999997,2.647511662826333e-14
7717.999999999997,2.643291793083002e-14
7718.499999999997,2.639355148849305e-14
7718.999999999997,2.6357791064581623e-14
7719.499999999997,2.6320004255417965e-14
7719.999999999997,2.6283981414472223e-14
7720.499999999997,2.624896589309576e-14
7720.999999999997,2.6219339869132444e-14
7721.499999999997,2.6187188633299294e-14
7721.999999999997,2.616204438863863e-14
7722.499999999997,2.6135634876788897e-14
7722.999999999997,2.6102867515113453e-14
7723.499999999997,2.6076934795233044e-14
7723.999999999997,2.6049892973309494e-14
7724.499999999997,2.6020999489573675e-14
7724.999999999996,2.6000480270787277e-14
7725.499999999996,2.5977257435798213e-14
7725.999999999996,2.5954371632724264e-14
7726.499999999996,2.593082070173908e-14
7726.999999999996,2.5907471579921658e-14
7727.499999999996,2.5886699714542252e-14
7727.999999999996,2.5867118378209462e-14
7728.499999999997,2.584653436012788e-14
7728.999999999997,2.5827236189198668e-14
7729.499999999997,2.580843411403064e-14
7729.999999999997,2.5791051160757085e-14
7730.499999999997,2.5774863254673064e-14
7730.999999999997,2.5757034092782282e-14
7731.499999999997,2.5740973238233833e-14
7731.999999999997,2.5724978625206923e-14
7732.499999999997,2.5711050947402288e-14
7732.999999999997,2.5697606104778035e-14
7733.499999999997,2.5683825682582983e-14
7733.999999999997,2.5670111663729774e-14
7734.499999999997,2.5654334095823063e-14
7734.999999999997,2.5640794855414728e-14
7735.499999999997,2.562646289452382e-14
7735.999999999997,2.5612398657275784e-14
7736.499999999997,2.5599060036868183e-14
7736.999999999997,2.5583776539639846e-14
7737.499999999997,2.5571139985038516e-14
7737.999999999997,2.555673709052269e-14
7738.499999999996,2.5545568176087842e-14
7738.999999999996,2.553414827694297e-14
7739.499999999996,2.552000833395168e-14
7739.999999999996,2.5505261524358076e-14
7740.499999999996,2.5492396918686355e-14
7740.999999999996,2.5481421248525364e-14
7741.499999999996,2.5469991308741323e-14
7741.999999999996,2.5459519780075063e-14
7742.499999999996,2.5449373364563618e-14
7742.999999999997,2.543799510370382e-14
7743.499999999997,2.5426757768239828e-14
7743.999999999997,2.5414471068846395e-14
7744.499999999997,2.5402957178058293e-14
7744.999999999997,2.5391537519486013e-14
7745.499999999997,2.538055113199725e-14
7745.999999999997,2.5371171982966922e-14
7746.499999999997,2.5360267902450127e-14
7746.999999999997,2.5348916704813156e-14
7747.499999999997,2.5337675180086565e-14
7747.999999999997,2.5325741381135282e-14
7748.499999999997,2.531825884955173e-14
7748.999999999997,2.5308856594675854e-14
7749.499999999997,2.5298733395378333e-14
7749.999999999997,2.5288236709059478e-14
7750.499999999997,2.5277695687473124e-14
7750.999999999997,2.5269439058923128e-14
7751.499999999997,2.525856562716529e-14
7751.999999999997,2.5247008116597774e-14
7752.499999999997,2.5237654879636055e-14
7752.999999999996,2.5227378380250418e-14
7753.499999999996,2.5217898316343003e-14
7753.999999999996,2.5208940861670462e-14
7754.499999999996,2.51999276649722e-14
7754.999999999996,2.5191128729543204e-14
7755.499999999996,2.5181596822046898e-14
7755.999999999996,2.517172626566864e-14
7756.499999999996,2.5164148891651407e-14
7756.999999999997,2.5155521033198143e-14
7757.499999999997,2.514719799130309e-14
7757.999999999997,2.5137764579311614e-14
7758.499999999997,2.513035876406071e-14
7758.999999999997,2.5121689839952567e-14
7759.499999999997,2.511166710828393e-14
7759.999999999997,2.510336064756461e-14
7760.499999999997,2.5099625322385584e-14
7760.999999999997,2.509260662693277e-14
7761.499999999997,2.508527980597949e-14
7761.999999999997,2.5077369227481786e-14
7762.499999999997,2.506795582901651e-14
7762.999999999997,2.506171130403254e-14
7763.499999999997,2.5057605365774722e-14
7763.999999999997,2.5051293742249003e-14
7764.499999999997,2.5044766533156158e-14
7764.999999999997,2.5038310514973525e-14
7765.499999999997,2.503133793741179e-14
7765.999999999997,2.5026155006543115e-14
7766.499999999997,2.5023253967495518e-14
7766.999999999996,2.5019204787747742e-14
7767.499999999996,2.5013011506853213e-14
7767.999999999996,2.500922168871111e-14
7768.499999999996,2.500452796934905e-14
7768.999999999996,2.4998801889770906e-14
7769.499999999996,2.4996447629614933e-14
7769.999999999996,2.4990822159248064e-14
7770.499999999996,2.4986256603722977e-14
7770.999999999997,2.4981598307238923e-14
7771.499999999997,2.4978657698740224e-14
7771.999999999997,2.4975207802073867e-14
7772.499999999997,2.4969557970678486e-14
7772.999999999997,2.496631226856817e-14
7773.499999999997,2.4962537900491024e-14
7773.999999999997,2.4959359194534762e-14
7774.499999999997,2.495538168294164e-14
7774.999999999997,2.4949869501924826e-14
7775.499999999997,2.4944904615754795e-14
7775.999999999997,2.4939207026558233e-14
7776.499999999997,2.493130816817626e-14
7776.999999999997,2.4923357915093384e-14
7777.499999999997,2.4914308805100174e-14
7777.999999999997,2.4903676998847752e-14
7778.499999999997,2.4894638001255033e-14
7778.999999999997,2.488500812779667e-14
7779.499999999997,2.487604226637557e-14
7779.999999999997,2.4865997036892945e-14
7780.499999999997,2.4855703612114595e-14
7780.999999999996,2.4846828597009964e-14
7781.499999999996,2.4834858337500582e-14
7781.999999999996,2.482256855334363e-14
7782.499999999996,2.4811555082869126e-14
7782.999999999996,2.4802454994285787e-14
7783.499999999996,2.4789108364389484e-14
7783.999999999996,2.477649351766395e-14
7784.499999999996,2.476227316214404e-14
7784.999999999997,2.475169525156562e-14
7785.499999999997,2.4740745617299557e-14
7785.999999999997,2.473167228118152e-14
7786.499999999997,2.4721357395725216e-14
7786.999999999997,2.4712388056881442e-14
7787.499999999997,2.4703617308665486e-14
7787.999999999997,2.4694456663444456e-14
7788.499999999997,2.4684559977141084e-14
7788.999999999997,2.4672277982964287e-14
7789.499999999997,2.466194453527831e-14
7789.999999999997,2.4650308507922416e-14
7790.499999999997,2.4636494943297413e-14
7790.999999999997,2.4624874463766833e-14
7791.499999999997,2.4614386885894124e-14
7791.999999999997,2.4603472598243e-14
7792.499999999997,2.4593106860243015e-14
7792.999999999997,2.458063558212927e-14
7793.499999999997,2.4572726380084356e-14
7793.999999999997,2.4564355331703906e-14
7794.499999999997,2.455550883659496e-14
7794.999999999997,2.4545951246036364e-14
7795.499999999996,2.453623914398529e-14
7795.999999999996,2.4528295034921867e-14
7796.499999999996,2.4517484191843283e-14
7796.999999999996,2.4507634838518167e-14
7797.499999999996,2.4497148914707654e-14
7797.999999999996,2.448477016684167e-14
7798.499999999996,2.4473138079187718e-14
7798.999999999996,2.4462356003644537e-14
7799.499999999997,2.44534364864002e-14
7799.999999999997,2.4442690529966926e-14
7800.499999999997,2.443323139098394e-14
7800.999999999997,2.4421722289504557e-14
7801.499999999997,2.441102752938494e-14
7801.999999999997,2.440051964062474e-14
7802.499999999997,2.4391794667566135e-14
7802.999999999997,2.438245138343549e-14
7803.499999999997,2.4370358261672293e-14
7803.999999999997,2.4360701663287164e-14
7804.499999999997,2.4351187675848565e-14
7804.999999999997,2.4339717163921185e-14
7805.499999999997,2.4330203785555812e-14
7805.999999999997,2.4320241330701824e-14
7806.499999999997,2.430951790791345e-14
7806.999999999997,2.4299016849046895e-14
7807.499999999997,2.4289944673408692e-14
7807.999999999997,2.428073190411434e-14
7808.499999999997,2.4270922783270947e-14
7808.999999999996,2.426066622898538e-14
7809.499999999996,2.4251561131974496e-14
7809.999999999996,2.424345348704996e-14
7810.499999999996,2.4234316738181834e-14
7810.999999999996,2.4223294635262354e-14
7811.499999999996,2.421326442600718e-14
7811.999999999996,2.4204324023245574e-14
7812.499999999996,2.419366311117228e-14
7812.999999999996,2.4183999820755786e-14
7813.499999999997,2.417502314066683e-14
7813.999999999997,2.4165650006141308e-14
7814.499999999997,2.415763297943138e-14
7814.999999999997,2.4147898148122437e-14
7815.499999999997,2.4140346137310208e-14
7815.999999999997,2.4132249016169714e-14
7816.499999999997,2.4126035700998866e-14
7816.999999999997,2.411859011699624e-14
7817.499999999997,2.4112118882673744e-14
7817.999999999997,2.4105991232789262e-14
7818.499999999997,2.4099759477167357e-14
7818.999999999997,2.4094356384076782e-14
7819.499999999997,2.4088638250363642e-14
7819.999999999997,2.4082690517613486e-14
7820.499999999997,2.407759865931104e-14
7820.999999999997,2.407201403128262e-14
7821.499999999997,2.4067362577977026e-14
7821.999999999997,2.4063095041878734e-14
7822.499999999997,2.4058711450771185e-14
7822.999999999997,2.4054437735228532e-14
7823.499999999996,2.4051691494073304e-14
7823.999999999996,2.4046741031509704e-14
7824.499999999996,2.4043124832355108e-14
7824.999999999996,2.40403337956129e-14
7825.499999999996,2.403885447111276e-14
7825.999999999996,2.4036908719145527e-14
7826.499999999996,2.4034010528605308e-14
7826.999999999996,2.4031922853604074e-14
7827.499999999997,2.40297259269827e-14
7827.999999999997,2.402675510288262e-14
7828.499999999997,2.4024238064881265e-14
7828.999999999997,2.4023110261754938e-14
7829.499999999997,2.4022907762277077e-14
7829.999999999997,2.402128639892821e-14
7830.499999999997,2.4020153483992828e-14
7830.999999999997,2.4019039849317543e-14
7831.499999999997,2.4017244436790124e-14
7831.999999999997,2.4015648972654312e-14
7832.499999999997,2.4014240061319594e-14
7832.999999999997,2.401346607854217e-14
7833.499999999997,2.4011897990039756e-14
7833.999999999997,2.400794400480164e-14
7834.499999999997,2.4003580243577116e-14
7834.999999999997,2.4000630937593276e-14
7835.499999999997,2.3996377768171764e-14
7835.999999999997,2.3991389582299056e-14
7836.499999999997,2.3988014042938294e-14
7836.999999999996,2.3985115603988477e-14
7837.499999999997,2.398146824367368e-14
7837.999999999996,2.3978520602445728e-14
7838.499999999996,2.3974549230460342e-14
7838.999999999996,2.3969157484075673e-14
7839.499999999996,2.3965690764418616e-14
7839.999999999996,2.396164308997133e-14
7840.499999999996,2.3955906652325376e-14
7840.999999999996,2.3951147285881804e-14
7841.499999999997,2.3946229125140945e-14
7841.999999999997,2.394231898062804e-14
7842.499999999997,2.3937318193990407e-14
7842.999999999997,2.3933284694347235e-14
7843.499999999997,2.392909203441626e-14
7843.999999999997,2.3923668941541216e-14
7844.499999999997,2.3918651092946445e-14
7844.999999999997,2.3914836688009415e-14
7845.499999999997,2.391002550659072e-14
7845.999999999997,2.390589553258223e-14
7846.499999999997,2.3902056449630417e-14
7846.999999999997,2.38980277896957e-14
7847.499999999997,2.389355335276943e-14
7847.999999999997,2.3890152701679037e-14
7848.499999999997,2.38856209235657e-14
7848.999999999997,2.3879795437998234e-14
7849.499999999997,2.3875194802793567e-14
7849.999999999997,2.3871684328538375e-14
7850.499999999997,2.3865743912052576e-14
7850.999999999997,2.386212358291959e-14
7851.499999999996,2.3855526740571977e-14
7851.999999999996,2.3852546442742755e-14
7852.499999999996,2.384839297700508e-14
7852.999999999996,2.3843724271927982e-14
7853.499999999996,2.383927576699622e-14
7853.999999999996,2.3835910534798687e-14
7854.499999999996,2.383151257327129e-14
7854.999999999996,2.382948887702698e-14
7855.499999999996,2.382558814731435e-14
7855.999999999997,2.3821194870055492e-14
7856.499999999997,2.3818645105195347e-14
7856.999999999997,2.3818188779994703e-14
7857.499999999997,2.3816333663155334e-14
7857.999999999997,2.3815190877311364e-14
7858.499999999997,2.380980294345837e-14
7858.999999999997,2.3807683870071926e-14
7859.499999999997,2.3807562505741584e-14
7859.999999999997,2.3805968003147898e-14
7860.499999999997,2.380419567744237e-14
7860.999999999997,2.380167462785177e-14
7861.499999999997,2.380118155779975e-14
7861.999999999997,2.379812332924486e-14
7862.499999999997,2.3795710236608128e-14
7862.999999999997,2.3796020470627535e-14
7863.499999999997,2.379638562546061e-14
7863.999999999997,2.3795121288586118e-14
7864.499999999997,2.3796175942529893e-14
7864.999999999997,2.3794394392182783e-14
7865.499999999997,2.3793764447376846e-14
7865.999999999996,2.3793858136021558e-14
7866.499999999996,2.3792936891591147e-14
7866.999999999996,2.3792772740776707e-14
7867.499999999996,2.379309617842378e-14
7867.999999999996,2.3794094467269274e-14
7868.499999999996,2.379207734144833e-14
7868.999999999996,2.379243745149948e-14
7869.499999999996,2.3793811915381507e-14
7869.999999999997,2.3792820316728495e-14
7870.499999999997,2.37921653932916e-14
7870.999999999997,2.379221308483809e-14
7871.499999999997,2.379370628264065e-14
7871.999999999997,2.379358304127582e-14
7872.499999999997,2.3794594603439116e-14
7872.999999999997,2.3793320737332953e-14
7873.499999999997,2.37929618493786e-14
7873.999999999997,2.37931423840855e-14
7874.499999999997,2.379292200748883e-14
7874.999999999997,2.3792707462845696e-14
7875.499999999997,2.3793191393808775e-14
7875.999999999997,2.379456068135713e-14
7876.499999999997,2.379606528217297e-14
7876.999999999997,2.379718701572926e-14
7877.499999999997,2.3798183995457744e-14
7877.999999999997,2.3800575628238886e-14
7878.499999999997,2.3801401075516632e-14
7878.999999999997,2.380180282801877e-14
7879.499999999996,2.3802320328365298e-14
7879.999999999996,2.3803916406887755e-14
7880.499999999996,2.3803762368935337e-14
7880.999999999996,2.380450896294831e-14
7881.499999999996,2.38074217812998e-14
7881.999999999996,2.380845034743707e-14
7882.499999999996,2.3809822095911516e-14
7882.999999999996,2.3812374175487173e-14
7883.499999999996,2.3813651506875898e-14
7883.999999999997,2.3814509693972968e-14
7884.499999999997,2.381495808132855e-14
7884.999999999997,2.3816615344970436e-14
7885.499999999997,2.38183993040261e-14
7885.999999999997,2.3820444538170867e-14
7886.499999999997,2.382283379870019e-14
7886.999999999997,2.382623212658667e-14
7887.499999999997,2.3828362422428984e-14
7887.999999999997,2.3828100211042657e-14
7888.499999999997,2.3830030067655484e-14
7888.999999999997,2.3832446490402664e-14
7889.499999999997,2.3834108232562528e-14
7889.999999999997,2.3836545692887686e-14
7890.499999999997,2.3838126846827947e-14
7890.999999999997,2.383879922302364e-14
7891.499999999997,2.3838820554823646e-14
7891.999999999997,2.3839173076536768e-14
7892.499999999997,2.384049343835893e-14
7892.999999999997,2.384004531525199e-14
7893.499999999997,2.3841109081193166e-14
7893.999999999996,2.3841557348341563e-14
7894.499999999996,2.3842914597451227e-14
7894.999999999996,2.384194427833457e-14
7895.499999999996,2.3842215046249253e-14
7895.999999999996,2.3842011546798608e-14
7896.499999999996,2.3840661030591824e-14
7896.999999999996,2.384040177221349e-14
7897.499999999996,2.3839562434326682e-14
7897.999999999997,2.3839088936974853e-14
7898.499999999997,2.3837201748477274e-14
7898.999999999997,2.383655444505863e-14
7899.499999999997,2.3835770699107575e-14
7899.999999999997,2.3833465713649766e-14
7900.499999999997,2.383089922281662e-14
7900.999999999997,2.382730784327888e-14
7901.499999999997,2.3826630516905695e-14
7901.999999999997,2.3825279961770345e-14
7902.499999999997,2.382136391459044e-14
7902.999999999997,2.3819125943292496e-14
7903.499999999997,2.3817630747172447e-14
7903.999999999997,2.381596888359618e-14
7904.499999999997,2.3813153948494327e-14
7904.999999999997,2.381235259584341e-14
7905.499999999997,2.3810755514947798e-14
7905.999999999997,2.380947332417111e-14
7906.499999999997,2.3808751899819202e-14
7906.999999999997,2.380807251338333e-14
7907.499999999996,2.3808806770246425e-14
7907.999999999997,2.380795291641484e-14
7908.499999999996,2.380683507259052e-14
7908.999999999996,2.380610055739278e-14
7909.499999999996,2.3805225120279897e-14
7909.999999999996,2.380563723602653e-14
7910.499999999996,2.3805116129832303e-14
7910.999999999996,2.3805120319164495e-14
7911.499999999996,2.3805658689262288e-14
7911.999999999996,2.38069398042321e-14
7912.499999999997,2.3806806883305345e-14
7912.999999999997,2.38060928659199e-14
7913.499999999997,2.380765473207809e-14
7913.999999999997,2.380969351378061e-14
7914.499999999997,2.3810029280795667e-14
7914.999999999997,2.3811540100210902e-14
7915.499999999997,2.381310004153851e-14
7915.999999999997,2.3814744162095034e-14
7916.499999999997,2.3815945532931873e-14
7916.999999999997,2.3818331638480096e-14
7917.499999999997,2.3819872325135798e-14
7917.999999999997,2.382151322575803e-14
7918.499999999997,2.3821837189887905e-14
7918.999999999997,2.3822854884870008e-14
7919.499999999997,2.3824904431993747e-14
7919.999999999997,2.382681269711636e-14
7920.499999999997,2.3828856778146583e-14
7920.999999999997,2.383096448293848e-14
7921.499999999997,2.3833685013180594e-14
7921.999999999996,2.3834177081787357e-14
7922.499999999996,2.3836073258990993e-14
7922.999999999996,2.3838292255338123e-14
7923.499999999996,2.384129060233937e-14
7923.999999999996,2.384143198433913e-14
7924.499999999996,2.3842038197325457e-14
7924.999999999996,2.3843383432510686e-14
7925.499999999996,2.3845918372837702e-14
7925.999999999996,2.384738458056711e-14
7926.499999999997,2.385005266798931e-14
7926.999999999997,2.385176543457233e-14
7927.499999999997,2.385318067647234e-14
7927.999999999997,2.385433398909953e-14
7928.499999999997,2.38530096662585e-14
7928.999999999997,2.3854347543490123e-14
7929.499999999997,2.385430761397064e-14
7929.999999999997,2.3854181035487165e-14
7930.499999999997,2.3854037134608328e-14
7930.999999999997,2.3853984194070757e-14
7931.499999999997,2.3856275920357313e-14
7931.999999999997,2.3858229627445076e-14
7932.499999999997,2.386029796911184e-14
7932.999999999997,2.3861738136342817e-14
7933.499999999997,2.3864482436689744e-14
7933.999999999997,2.3865779631646906e-14
7934.499999999997,2.3868544015771693e-14
7934.999999999997,2.387031638489556e-14
7935.499999999997,2.3870748825920222e-14
7935.999999999997,2.387190763941598e-14
7936.499999999996,2.3872906365121503e-14
7936.999999999996,2.3874126635153155e-14
7937.499999999996,2.3875848352413052e-14
7937.999999999996,2.3876764332774596e-14
7938.499999999996,2.387750210013071e-14
7938.999999999996,2.3878434385093053e-14
7939.499999999996,2.387930993785944e-14
7939.999999999996,2.3879108786268258e-14
7940.499999999997,2.3879460409371978e-14
7940.999999999997,2.3879653385843396e-14
7941.499999999997,2.387744197793604e-14
7941.999999999997,2.3876224016814614e-14
7942.499999999997,2.3873629783737042e-14
7942.999999999997,2.3873104006509248e-14
7943.499999999997,2.3870547826844996e-14
7943.999999999997,2.3867655798521428e-14
7944.499999999997,2.3864675128505258e-14
7944.999999999997,2.386120537542458e-14
7945.499999999997,2.3854990783462656e-14
7945.999999999997,2.385077068912697e-14
7946.499999999997,2.3845742728704683e-14
7946.999999999997,2.3840936788320758e-14
7947.499999999997,2.383528939976433e-14
7947.999999999997,2.3829283747583526e-14
7948.499999999997,2.382222264100779e-14
7948.999999999997,2.3812663663947373e-14
7949.499999999997,2.3802421058461175e-14
7949.999999999996,2.3793460684880746e-14
7950.499999999996,2.3784563652157356e-14
7950.999999999996,2.3773659756805826e-14
7951.499999999996,2.3764846251048378e-14
7951.999999999996,2.3753350184524666e-14
7952.499999999996,2.3743111862313126e-14
7952.999999999996,2.3732877532932235e-14
7953.499999999996,2.3722841158103448e-14
7953.999999999996,2.371304910424734e-14
7954.499999999997,2.3702903887552173e-14
7954.999999999997,2.3690954950017555e-14
7955.499999999997,2.367975296490818e-14
7955.999999999997,2.3668468693131766e-14
7956.499999999997,2.3656338406872714e-14
7956.999999999997,2.3645157548876824e-14
7957.499999999997,2.3633554288043617e-14
7957.999999999997,2.3622971551323672e-14
7958.499999999997,2.3610592978345368e-14
7958.999999999997,2.3598791673002663e-14
7959.499999999997,2.3587118132067182e-14
7959.999999999997,2.3575923493688997e-14
7960.499999999997,2.3564803131997965e-14
7960.999999999997,2.355247180838285e-14
7961.499999999997,2.3541408594623098e-14
7961.999999999997,2.352825150039418e-14
7962.499999999997,2.3515757142245954e-14
7962.999999999997,2.350488325441477e-14
7963.499999999997,2.349294771978703e-14
7963.999999999997,2.3482024413485962e-14
7964.499999999996,2.3471054615556295e-14
7964.999999999996,2.3459355130711975e-14
7965.499999999996,2.344813767590909e-14
7965.999999999996,2.3436913873613855e-14
7966.499999999996,2.3425272228114144e-14
7966.999999999996,2.341436290474677e-14
7967.499999999996,2.3402951071351064e-14
7967.999999999996,2.3392614258874855e-14
7968.499999999996,2.3381667866524697e-14
7968.999999999997,2.3371759608990535e-14
7969.499999999997,2.336145874511626e-14
7969.999999999997,2.335155652233856e-14
7970.499999999997,2.334098681243478e-14
7970.999999999997,2.333114993347258e-14
7971.499999999997,2.3320919280987566e-14
7971.999999999997,2.331086891314048e-14
7972.499999999997,2.3301445410802432e-14
7972.999999999997,2.329384400934401e-14
7973.499999999997,2.328651753473566e-14
7973.999999999997,2.3278890388630593e-14
7974.499999999997,2.326974158836323e-14
7974.999999999997,2.3261785202356906e-14
7975.499999999997,2.3253595300004722e-14
7975.999999999997,2.3246192162241422e-14
7976.499999999997,2.32391122070498e-14
7976.999999999997,2.3233367992073802e-14
7977.499999999997,2.3226692680808354e-14
7977.999999999996,2.322087817131429e-14
7978.499999999997,2.3215225699722225e-14
7978.999999999996,2.32092390490644e-14
7979.499999999996,2.3203534469161467e-14
7979.999999999996,2.3197949457324245e-14
7980.499999999996,2.3193466302589494e-14
7980.999999999996,2.318785823281631e-14
7981.499999999996,2.3183976966632732e-14
7981.999999999996,2.3182104029910095e-14
7982.499999999996,2.3178608101756522e-14
7982.999999999997,2.317460669466048e-14
7983.499999999997,2.317021127863239e-14
7983.999999999997,2.316688803578011e-14
7984.499999999997,2.3165192736537256e-14
7984.999999999997,2.3162740868173518e-14
7985.499999999997,2.316129150270254e-14
7985.999999999997,2.3159944159375913e-14
7986.499999999997,2.3158037008481743e-14
7986.999999999997,2.3157131486050236e-14
7987.499999999997,2.3156357124423852e-14
7987.999999999997,2.315367360755565e-14
7988.499999999997,2.3151135584338576e-14
7988.999999999997,2.3150044498361968e-14
7989.499999999997,2.3149270813689687e-14
7989.999999999997,2.314980362954667e-14
7990.499999999997,2.3150133498827692e-14
7990.999999999997,2.31487178483182e-14
7991.499999999997,2.3146494357468105e-14
7991.999999999997,2.314551836658323e-14
7992.499999999996,2.3145555775489315e-14
7992.999999999996,2.314506950207126e-14
7993.499999999996,2.3144579625945394e-14
7993.999999999996,2.3144265340426223e-14
7994.499999999996,2.3145400921507266e-14
7994.999999999996,2.3144799676944218e-14
7995.499999999996,2.3144637665131257e-14
7995.999999999996,2.3143890850486725e-14
7996.499999999996,2.3142608312286357e-14
7996.999999999997,2.3142066788258585e-14
7997.499999999997,2.314109154977656e-14
7997.999999999997,2.313907905414486e-14
7998.499999999997,2.313946841077709e-14
7998.999999999997,2.3137419707922666e-14
7999.499999999997,2.3136867836175267e-14
7999.999999999997,2.313359750531951e-14
8000.499999999997,2.3131686787374026e-14
8000.999999999997,2.312892114633589e-14
8001.499999999997,2.3126602140860655e-14
8001.999999999997,2.3121864922266636e-14
8002.499999999997,2.3116407690190565e-14
8002.999999999997,2.3111939515628773e-14
8003.499999999997,2.3107938697805273e-14
8003.999999999997,2.3102911894521838e-14
8004.499999999997,2.3097927434066502e-14
8004.999999999997,2.3093035499327804e-14
8005.499999999997,2.30889154914659e-14
8005.999999999997,2.3084013872235657e-14
8006.499999999997,2.307841068043257e-14
8006.999999999996,2.307135484693379e-14
8007.499999999996,2.306502873491726e-14
8007.999999999996,2.305993609759269e-14
8008.499999999996,2.3053742032286646e-14
8008.999999999996,2.3047515880282718e-14
8009.499999999996,2.3042530943477022e-14
8009.999999999996,2.3036408495471025e-14
8010.499999999996,2.3032110703646578e-14
8010.999999999997,2.3025887876841123e-14
8011.499999999997,2.3019923969382128e-14
8011.999999999997,2.301362123386219e-14
8012.499999999997,2.3008397103342425e-14
8012.999999999997,2.3003683628379898e-14
8013.499999999997,2.299717450610606e-14
8013.999999999997,2.299069673542743e-14
8014.499999999997,2.298560011718469e-14
8014.999999999997,2.2980430382731717e-14
8015.499999999997,2.297533246934933e-14
8015.999999999997,2.2970740398872546e-14
8016.499999999997,2.2964978360120516e-14
8016.999999999997,2.2962143776778617e-14
8017.499999999997,2.2957556139960982e-14
8017.999999999997,2.295231900806001e-14
8018.499999999997,2.2949019416621097e-14
8018.999999999997,2.2945767055310226e-14
8019.499999999997,2.2941015626960553e-14
8019.999999999997,2.2938026315272587e-14
8020.499999999996,2.2933760775661456e-14
8020.999999999996,2.293016383139669e-14
8021.499999999996,2.2927459860250952e-14
8021.999999999996,2.2925623715963073e-14
8022.499999999996,2.292351740333313e-14
8022.999999999996,2.2921909125173847e-14
8023.499999999996,2.2919216038462233e-14
8023.999999999996,2.291612928230478e-14
8024.499999999996,2.29121628280931e-14
8024.999999999996,2.290907594256729e-14
8025.499999999997,2.290551045840952e-14
8025.999999999997,2.2904285303840122e-14
8026.499999999997,2.290097015918811e-14
8026.999999999997,2.2898605096050266e-14
8027.499999999997,2.28960551581097e-14
8027.999999999997,2.289290668256143e-14
8028.499999999997,2.2888158845132646e-14
8028.999999999997,2.2883530752549992e-14
8029.499999999997,2.2879763803067127e-14
8029.999999999997,2.2877346056789353e-14
8030.499999999997,2.2874354089322723e-14
8030.999999999997,2.2870298789456225e-14
8031.499999999997,2.2866525647931206e-14
8031.999999999997,2.2862291805963638e-14
8032.499999999997,2.2859118335828643e-14
8032.999999999997,2.2855962896503397e-14
8033.499999999997,2.2853018130873622e-14
8033.999999999997,2.2850692989567996e-14
8034.499999999997,2.2845421011220533e-14
8034.999999999996,2.2841333589698663e-14
8035.499999999996,2.283995393052202e-14
8035.999999999996,2.2837221340794234e-14
8036.499999999996,2.2835508102439027e-14
8036.999999999996,2.2832514548420952e-14
8037.499999999996,2.2828987725105784e-14
8037.999999999996,2.282465001826667e-14
8038.499999999996,2.282103335487432e-14
8038.999999999996,2.281772467584865e-14
8039.499999999997,2.2812068145745154e-14
8039.999999999997,2.280877813725182e-14
8040.499999999997,2.2805360404509068e-14
8040.999999999997,2.280190605152859e-14
8041.499999999997,2.2798510288259555e-14
8041.999999999997,2.279345693213618e-14
8042.499999999997,2.2788968215309622e-14
8042.999999999997,2.2783819126403347e-14
8043.499999999997,2.2780634078999543e-14
8043.999999999997,2.277651512611111e-14
8044.499999999997,2.2772260841214644e-14
8044.999999999997,2.2768730784860795e-14
8045.499999999997,2.276227920084856e-14
8045.999999999997,2.2757201977484182e-14
8046.499999999997,2.2751227600567624e-14
8046.999999999997,2.274461988735136e-14
8047.499999999997,2.2738203373304686e-14
8047.999999999997,2.2731951136279944e-14
8048.499999999996,2.2724910814168654e-14
8048.999999999997,2.2718584566484808e-14
8049.499999999996,2.2710840599310235e-14
8049.999999999996,2.2704119927491247e-14
8050.499999999996,2.26952223399976e-14
8050.999999999996,2.2687259335279807e-14
8051.499999999996,2.2678630073002966e-14
8051.999999999996,2.266998625258906e-14
8052.499999999996,2.2661097477888692e-14
8052.999999999996,2.2652652223976732e-14
8053.499999999997,2.264563357569253e-14
8053.999999999997,2.263825898111797e-14
8054.499999999997,2.2628806489802547e-14
8054.999999999997,2.2618266815746846e-14
8055.499999999997,2.2609622534316948e-14
8055.999999999997,2.2600761216989632e-14
8056.499999999997,2.2592184757607782e-14
8056.999999999997,2.258332357460187e-14
8057.499999999997,2.257359688781165e-14
8057.999999999997,2.256361667014109e-14
8058.499999999997,2.2554744616302508e-14
8058.999999999997,2.2546414135842032e-14
8059.499999999997,2.253821479624443e-14
8059.999999999997,2.2530219164953148e-14
8060.499999999997,2.2522479095792323e-14
8060.999999999997,2.2513976836615617e-14
8061.499999999997,2.2506900160239684e-14
8061.999999999997,2.2498065697000514e-14
8062.499999999997,2.2490031655033342e-14
8062.999999999996,2.2482288681762515e-14
8063.499999999996,2.2474873991286155e-14
8063.999999999996,2.2469335813310804e-14
8064.499999999996,2.24633658120275e-14
8064.999999999996,2.2457758840473802e-14
8065.499999999996,2.245155704602417e-14
8065.999999999996,2.2445697803281346e-14
8066.499999999996,2.2439716408844416e-14
8066.999999999996,2.2434530360495992e-14
8067.499999999997,2.24296652521339e-14
8067.999999999997,2.242585120411096e-14
8068.499999999997,2.242068357646226e-14
8068.999999999997,2.241761769343512e-14
8069.499999999997,2.241299011732762e-14
8069.999999999997,2.240882291207662e-14
8070.499999999997,2.2405722442121092e-14
8070.999999999997,2.240042422817652e-14
8071.499999999997,2.2396068493660303e-14
8071.999999999997,2.2392019779443997e-14
8072.499999999997,2.238782420631139e-14
8072.999999999997,2.2385670994042162e-14
8073.499999999997,2.2383821429484684e-14
8073.999999999997,2.2381672280735588e-14
8074.499999999997,2.2378659442271364e-14
8074.999999999997,2.2375320122040977e-14
8075.499999999997,2.2372071877657966e-14
8075.999999999997,2.2367942638803915e-14
8076.499999999997,2.2365446533569073e-14
8076.999999999997,2.2363593050652852e-14
8077.499999999996,2.236158334934166e-14
8077.999999999996,2.2359113519221834e-14
8078.499999999996,2.2357953031533997e-14
8078.999999999996,2.235604769327414e-14
8079.499999999996,2.2353840654727913e-14
8079.999999999996,2.2351438553380467e-14
8080.499999999996,2.2349078058253155e-14
8080.999999999996,2.2347244084867772e-14
8081.499999999996,2.2345097954658607e-14
8081.999999999997,2.2342645647258318e-14
8082.499999999997,2.233963916779669e-14
8082.999999999997,2.2337990843904285e-14
8083.499999999997,2.233506871893405e-14
8083.999999999997,2.2332433010448884e-14
8084.499999999997,2.2328765457802343e-14
8084.999999999997,2.232655771168551e-14
8085.499999999997,2.2324920466941405e-14
8085.999999999997,2.232116883407173e-14
8086.499999999997,2.2317789895404718e-14
8086.999999999997,2.231569362968211e-14
8087.499999999997,2.2312862360510403e-14
8087.999999999997,2.2309958148748735e-14
8088.499999999997,2.2307071823832272e-14
8088.999999999997,2.2303484469000888e-14
8089.499999999997,2.22991421137429e-14
8089.999999999997,2.2296000123468534e-14
8090.499999999997,2.2291987708309584e-14
8090.999999999996,2.228790124433812e-14
8091.499999999996,2.2282691483477878e-14
8091.999999999996,2.227783167054963e-14
8092.499999999996,2.2272729742451714e-14
8092.999999999996,2.2267801452972213e-14
8093.499999999996,2.2263722282787503e-14
8093.999999999996,2.2259392199838972e-14
8094.499999999996,2.2253835533933777e-14
8094.999999999996,2.2247925499705103e-14
8095.499999999996,2.224182541865301e-14
8095.999999999997,2.2234915000231653e-14
8096.499999999997,2.2231641152267016e-14
8096.999999999997,2.2225330467304384e-14
8097.499999999997,2.2219132013852894e-14
8097.999999999997,2.2213692632121184e-14
8098.499999999997,2.2208132391274437e-14
8098.999999999997,2.220208515194253e-14
8099.499999999997,2.219594963226846e-14
8099.999999999997,2.2192413169069684e-14
8100.499999999997,2.2186018563036848e-14
8100.999999999997,2.2180170512433872e-14
8101.499999999997,2.2173238914137e-14
8101.999999999997,2.216945348729878e-14
8102.499999999997,2.216402496545494e-14
8102.999999999997,2.21590098316632e-14
8103.499999999997,2.2155019017726434e-14
8103.999999999997,2.214814894243923e-14
8104.499999999997,2.2144120489516983e-14
8104.999999999997,2.2139597205086664e-14
8105.499999999996,2.2135844547073808e-14
8105.999999999996,2.2132078809793305e-14
8106.499999999996,2.2127354973253304e-14
8106.999999999996,2.212445166515091e-14
8107.499999999996,2.212127989724736e-14
8107.999999999996,2.2118290852070332e-14
8108.499999999996,2.2118384075748824e-14
8108.999999999996,2.2115660824871926e-14
8109.499999999996,2.211212688063901e-14
8109.999999999997,2.2109616509779978e-14
8110.499999999997,2.2108190708839815e-14
8110.999999999997,2.210842790393704e-14
8111.499999999997,2.210666339346033e-14
8111.999999999997,2.2107620757768854e-14
8112.499999999997,2.2107951603735934e-14
8112.999999999997,2.210977850980123e-14
8113.499999999997,2.2109669314196142e-14
8113.999999999997,2.2111100714269715e-14
8114.499999999997,2.2110698172987687e-14
8114.999999999997,2.2112479240440315e-14
8115.499999999997,2.211457050967992e-14
8115.999999999997,2.2116894409281976e-14
8116.499999999997,2.2120623580093154e-14
8116.999999999997,2.2125408707708325e-14
8117.499999999997,2.2129074442462545e-14
8117.999999999997,2.213475749013742e-14
8118.499999999997,2.2138098927315356e-14
8118.999999999996,2.2142809169183146e-14
8119.499999999997,2.21512140826236e-14
8119.999999999996,2.2157107848446732e-14
8120.499999999996,2.216436566629634e-14
8120.999999999996,2.2170899617212157e-14
8121.499999999996,2.2176873941694373e-14
8121.999999999996,2.218567893864722e-14
8122.499999999996,2.2193164579486498e-14
8122.999999999996,2.2200989245387763e-14
8123.499999999996,2.2210224044899658e-14
8123.999999999996,2.222072866583358e-14
8124.499999999997,2.223132686872935e-14
8124.999999999997,2.224392577145728e-14
8125.499999999997,2.2253204615072242e-14
8125.999999999997,2.226641083449786e-14
8126.499999999997,2.2279684036360563e-14
8126.999999999997,2.2292323901725435e-14
8127.499999999997,2.2307799815221084e-14
8127.999999999997,2.2320953099348952e-14
8128.499999999997,2.2333707398594205e-14
8128.999999999997,2.2346202459705344e-14
8129.499999999997,2.2358332131882024e-14
8129.999999999997,2.2373580181671072e-14
8130.499999999997,2.2389215636251338e-14
8130.999999999997,2.2406308844318873e-14
8131.499999999997,2.2420550508985254e-14
8131.999999999997,2.243264790467865e-14
8132.499999999996,2.2447785350832625e-14
8132.999999999997,2.246240636425612e-14
8133.499999999996,2.2475634762437545e-14
8133.999999999997,2.248781477254034e-14
8134.499999999996,2.2501418941417907e-14
8134.999999999996,2.2513750355615836e-14
8135.499999999996,2.2529013574204126e-14
8135.999999999996,2.2545906701096025e-14
8136.499999999996,2.256050638631505e-14
8136.999999999996,2.2574262245666437e-14
8137.499999999996,2.2589218844716196e-14
8137.999999999996,2.2604279133500688e-14
8138.499999999997,2.2616937909677542e-14
8138.999999999997,2.263221800408211e-14
8139.499999999997,2.264485859432225e-14
8139.999999999997,2.2657402389269424e-14
8140.499999999997,2.2672681955382238e-14
8140.999999999997,2.2686306860589637e-14
8141.499999999997,2.270148762305725e-14
8141.999999999997,2.2715539810325392e-14
8142.499999999997,2.2727640524495308e-14
8142.999999999997,2.274162014680561e-14
8143.499999999997,2.2752652953873943e-14
8143.999999999997,2.2767967747806965e-14
8144.499999999997,2.2781867058715558e-14
8144.999999999997,2.279464810126547e-14
8145.499999999997,2.2806896292902647e-14
8145.999999999997,2.281966293453436e-14
8146.499999999997,2.2833349522733736e-14
8146.999999999996,2.2847745086346002e-14
8147.499999999997,2.286094038162387e-14
8147.999999999996,2.287195569345545e-14
8148.499999999996,2.288387240237837e-14
8148.999999999996,2.2896153075237928e-14
8149.499999999996,2.2906184375110728e-14
8149.999999999996,2.291808132585202e-14
8150.499999999996,2.292849325444197e-14
8150.999999999996,2.2936693918566943e-14
8151.499999999996,2.294565042227167e-14
8151.999999999996,2.2954573567538493e-14
8152.499999999997,2.2965496836182022e-14
8152.999999999997,2.2973636121285945e-14
8153.499999999997,2.2982982347820653e-14
8153.999999999997,2.2990447532999273e-14
8154.499999999997,2.2997934346645824e-14
8154.999999999997,2.3005828855520183e-14
8155.499999999997,2.3013311085564005e-14
8155.999999999997,2.301949519072826e-14
8156.499999999997,2.30239496640077e-14
8156.999999999997,2.30302936466197e-14
8157.499999999997,2.303681040798825e-14
8157.999999999997,2.3042028844662565e-14
8158.499999999997,2.3047049957189173e-14
8158.999999999997,2.305213129955427e-14
8159.499999999997,2.3056942801628098e-14
8159.999999999997,2.3061274932755167e-14
8160.499999999997,2.3064932729469988e-14
8160.999999999997,2.3066335168125785e-14
8161.499999999996,2.307015392300898e-14
8161.999999999997,2.3072746917842693e-14
8162.499999999996,2.3074049676846973e-14
8162.999999999996,2.3075788762907914e-14
8163.499999999996,2.307569831022372e-14
8163.999999999996,2.3074768119831098e-14
8164.499999999996,2.3075652459400088e-14
8164.999999999996,2.3075261560236162e-14
8165.499999999996,2.3075376114891735e-14
8165.999999999996,2.3075718348000708e-14
8166.499999999997,2.307545807906825e-14
8166.999999999997,2.307555047537246e-14
8167.499999999997,2.3075248036714995e-14
8167.999999999997,2.3071960667897372e-14
8168.499999999997,2.3070237197951118e-14
8168.999999999997,2.3069371888515002e-14
8169.499999999997,2.3065632345355624e-14
8169.999999999997,2.306476768856034e-14
8170.499999999997,2.3063505646875783e-14
8170.999999999997,2.3064691860127533e-14
8171.499999999997,2.306414804706124e-14
8171.999999999997,2.3064193871608518e-14
8172.499999999997,2.3063428937174145e-14
8172.999999999997,2.306391187378523e-14
8173.499999999997,2.3065380236135157e-14
8173.999999999997,2.3065775854724688e-14
8174.499999999997,2.3067475561421095e-14
8174.999999999996,2.307055997952391e-14
8175.499999999997,2.3073868194016437e-14
8175.999999999996,2.3075632638639113e-14
8176.499999999997,2.3077453528363215e-14
8176.999999999996,2.307783092728415e-14
8177.499999999996,2.3078921762231624e-14
8177.999999999996,2.30817946066467e-14
8178.499999999996,2.3083795594794745e-14
8178.999999999996,2.3084873148689048e-14
8179.499999999996,2.3085663559707917e-14
8179.999999999996,2.3085877116162204e-14
8180.499999999996,2.3085172011381295e-14
8180.999999999997,2.3084670009358282e-14
8181.499999999997,2.3084973034184264e-14
8181.999999999997,2.308456887706802e-14
8182.499999999997,2.3084001828577193e-14
8182.999999999997,2.3083285034884653e-14
8183.499999999997,2.3081531692914177e-14
8183.999999999997,2.307816756629448e-14
8184.499999999997,2.3075718830545457e-14
8184.999999999997,2.3073062536444892e-14
8185.499999999997,2.3068684042513232e-14
8185.999999999997,2.3064781990209844e-14
8186.499999999997,2.3060246341842695e-14
8186.999999999997,2.3055407826380855e-14
8187.499999999997,2.3051335427165924e-14
8187.999999999997,2.3045049066399068e-14
8188.499999999997,2.303914892108218e-14
8188.999999999997,2.3032126319513153e-14
8189.499999999996,2.3025559512862098e-14
8189.999999999997,2.3016926422458605e-14
8190.499999999996,2.30083885788006e-14
8190.999999999996,2.2998608574767058e-14
8191.499999999996,2.298974446115651e-14
8191.999999999996,2.2979412329691625e-14
8192.499999999996,2.296813944761801e-14
8192.999999999996,2.2956782676201653e-14
8193.499999999996,2.2944915768042528e-14
8193.999999999996,2.293347801052781e-14
8194.499999999996,2.2919197383708203e-14
8194.999999999996,2.2907308204449376e-14
8195.499999999996,2.289302425072808e-14
8195.999999999996,2.2878505904311583e-14
8196.499999999996,2.2862515810930247e-14
8196.999999999996,2.2845731554192668e-14
8197.499999999996,2.2826671745424503e-14
8197.999999999996,2.2809632872354366e-14
8198.499999999996,2.2792857576193973e-14
8198.999999999996,2.277591559713412e-14
8199.499999999996,2.2758902544942798e-14
8199.999999999996,2.2739818894852137e-14
8200.499999999996,2.2721018788662106e-14
8200.999999999998,2.2701371858684337e-14
8201.499999999998,2.2681356599026836e-14
8201.999999999998,2.266104355831225e-14
8202.499999999998,2.2642946563191263e-14
8202.999999999996,2.262763657730638e-14
8203.499999999998,2.2609232543840784e-14
8203.999999999996,2.2591268365117953e-14
8204.499999999998,2.2573965212488654e-14
8204.999999999996,2.2557090818051274e-14
8205.499999999996,2.254017219768834e-14
8205.999999999996,2.252699085076734e-14
8206.499999999996,2.2514121648970424e-14
8206.999999999996,2.250344040739679e-14
8207.499999999996,2.2491761995016862e-14
8207.999999999996,2.2482312590347406e-14
8208.499999999996,2.2472254147253865e-14
8208.999999999996,2.246236131653587e-14
8209.499999999996,2.245537137042299e-14
8209.999999999996,2.2448455717658426e-14
8210.499999999996,2.2442284330546322e-14
8210.999999999996,2.243669011723363e-14
8211.499999999996,2.2433776486007097e-14
8211.999999999996,2.2431755302829863e-14
8212.499999999996,2.242902539893772e-14
8212.999999999996,2.2427538004632813e-14
8213.499999999996,2.2427051222267154e-14
8213.999999999996,2.242644330040516e-14
8214.499999999996,2.2427896926763474e-14
8214.999999999998,2.242905138938819e-14
8215.499999999998,2.243122148057447e-14
8215.999999999998,2.2434884200848716e-14
8216.499999999998,2.2438648650014492e-14
8216.999999999998,2.2442950186431825e-14
8217.499999999996,2.2447463000694157e-14
8217.999999999998,2.2449590535981927e-14
8218.499999999996,2.2453432479118866e-14
8218.999999999996,2.2457993641103192e-14
8219.499999999996,2.246282587916308e-14
8219.999999999996,2.246637014265357e-14
8220.499999999996,2.2468132507419883e-14
8220.999999999996,2.2471039458591517e-14
8221.499999999996,2.247493005552661e-14
8221.999999999996,2.2479282752917394e-14
8222.499999999996,2.248315652225234e-14
8222.999999999996,2.248516436032487e-14
8223.499999999996,2.2487106805643177e-14
8223.999999999996,2.248898316280713e-14
8224.499999999996,2.2490467378299748e-14
8224.999999999996,2.2491734769413023e-14
8225.499999999996,2.2491380691704024e-14
8225.999999999996,2.2492147873281097e-14
8226.499999999996,2.2490395587447956e-14
8226.999999999996,2.2488305384828674e-14
8227.499999999996,2.2485931399862935e-14
8227.999999999996,2.24827663431607e-14
8228.499999999996,2.247921585793721e-14
8228.999999999998,2.247461265780565e-14
8229.499999999998,2.2468809888142863e-14
8229.999999999998,2.2461413769129766e-14
8230.499999999998,2.2453546743426222e-14
8230.999999999998,2.244464638361171e-14
8231.499999999998,2.243472359577439e-14
8231.999999999996,2.2424706569619426e-14
8232.499999999998,2.241259818328542e-14
8232.999999999996,2.2400807817920627e-14
8233.499999999996,2.238856388739224e-14
8233.999999999996,2.2374671682511924e-14
8234.499999999996,2.2361591946875998e-14
8234.999999999996,2.2345539009065014e-14
8235.499999999996,2.233104171966257e-14
8235.999999999996,2.2315811763910816e-14
8236.499999999996,2.2301081797081042e-14
8236.999999999996,2.2285950112065952e-14
8237.499999999996,2.2269187539939277e-14
8237.999999999996,2.2253902916803196e-14
8238.499999999996,2.223697146172836e-14
8238.999999999996,2.2220503597259e-14
8239.499999999996,2.22043128050135e-14
8239.999999999996,2.2188658622524935e-14
8240.499999999996,2.217493734895205e-14
8240.999999999996,2.2158569617480037e-14
8241.499999999996,2.2144977639206618e-14
8241.999999999996,2.2129924937934643e-14
8242.499999999996,2.211503296895641e-14
8242.999999999996,2.2100501240736316e-14
8243.499999999998,2.2087039059150416e-14
8243.999999999998,2.2072138719654227e-14
8244.499999999998,2.2058153101813715e-14
8244.999999999998,2.2044523343864538e-14
8245.499999999996,2.2031729983858987e-14
8245.999999999998,2.2019556912534843e-14
8246.499999999996,2.2007916677188186e-14
8246.999999999998,2.1995840907149142e-14
8247.499999999996,2.198455549988126e-14
8247.999999999996,2.1974407962282744e-14
8248.499999999996,2.1965370348904855e-14
8248.999999999996,2.1955796181692676e-14
8249.499999999996,2.1946855408738773e-14
8249.999999999996,2.1936706678494777e-14
8250.499999999996,2.1928945741838628e-14
8250.999999999996,2.192071108229308e-14
8251.499999999996,2.191310984695069e-14
8251.999999999996,2.1906092025628622e-14
8252.499999999996,2.189776754602025e-14
8252.999999999996,2.18909076595172e-14
8253.499999999996,2.188464828743037e-14
8253.999999999996,2.1879298436240037e-14
8254.499999999996,2.1874741659481246e-14
8254.999999999996,2.1870407634877858e-14
8255.499999999996,2.186505918199031e-14
8255.999999999996,2.1861392919560752e-14
8256.499999999996,2.185625454996941e-14
8256.999999999996,2.1852191637875338e-14
8257.499999999998,2.1848088481128775e-14
8257.999999999998,2.1844470099261583e-14
8258.499999999998,2.1841396033793267e-14
8258.999999999998,2.1839323365708053e-14
8259.499999999998,2.1837729490083955e-14
8259.999999999996,2.1835737333159638e-14
8260.499999999998,2.1833806230859683e-14
8260.999999999996,2.183258598326385e-14
8261.499999999996,2.1830397379936192e-14
8261.999999999996,2.1830150275861265e-14
8262.499999999996,2.1830008377827564e-14
8262.999999999996,2.182876950920505e-14
8263.499999999996,2.1828962365967888e-14
8263.999999999996,2.1828918574667315e-14
8264.499999999996,2.1830112956116888e-14
8264.999999999996,2.1832082187473208e-14
8265.499999999996,2.183565256018952e-14
8265.999999999996,2.1838126532231053e-14
8266.499999999996,2.1841331237241333e-14
8266.999999999996,2.184602956699968e-14
8267.499999999996,2.184898165618196e-14
8267.999999999996,2.185271788701358e-14
8268.499999999996,2.1857242493676487e-14
8268.999999999996,2.1863129644898838e-14
8269.499999999996,2.1868405786456876e-14
8269.999999999996,2.1873311774011983e-14
8270.499999999996,2.1880781541494338e-14
8270.999999999996,2.1887120337371698e-14
8271.499999999998,2.1892943837136797e-14
8271.999999999998,2.1899754488983728e-14
8272.499999999998,2.1906674848526533e-14
8272.999999999998,2.1913197827206992e-14
8273.499999999996,2.191727047200148e-14
8273.999999999998,2.192159457836555e-14
8274.499999999996,2.1925119561150714e-14
8274.999999999998,2.1928610800864953e-14
8275.499999999996,2.193029669561171e-14
8275.999999999996,2.1929506540184933e-14
8276.499999999996,2.192886265204673e-14
8276.999999999996,2.1928143725818733e-14
8277.499999999996,2.1926456554867915e-14
8277.999999999996,2.1923257874213844e-14
8278.499999999996,2.1916717174905174e-14
8278.999999999996,2.19100028646606e-14
8279.499999999996,2.190286562304612e-14
8279.999999999996,2.1894065647563562e-14
8280.499999999996,2.1886001512949015e-14
8280.999999999996,2.187788829540117e-14
8281.499999999996,2.1867294206881127e-14
8281.999999999996,2.1854497384845125e-14
8282.499999999996,2.1843065388252828e-14
8282.999999999996,2.18298889957393e-14
8283.499999999996,2.1817731469290548e-14
8283.999999999996,2.1804323171822832e-14
8284.499999999996,2.1790344291390538e-14
8284.999999999996,2.1777054529596853e-14
8285.499999999998,2.176378282947853e-14
8285.999999999998,2.1747140308283395e-14
8286.499999999998,2.1731249059178715e-14
8286.999999999998,2.1717242794941378e-14
8287.499999999998,2.1702501905192253e-14
8287.999999999996,2.1687640933455035e-14
8288.499999999998,2.1672534363790195e-14
8288.999999999996,2.1658729345607805e-14
8289.499999999996,2.1644348251204623e-14
8289.999999999996,2.1631072856681014e-14
8290.499999999996,2.1618876436051578e-14
8290.999999999996,2.1605864639025065e-14
8291.499999999996,2.1594002689956243e-14
8291.999999999996,2.158352319422411e-14
8292.499999999996,2.1573640661478787e-14
8292.999999999996,2.1563720869765572e-14
8293.499999999996,2.1554787867663922e-14
8293.999999999996,2.1547224589153552e-14
8294.499999999996,2.1536836111995988e-14
8294.999999999996,2.1527278994502553e-14
8295.499999999996,2.1517546854064976e-14
8295.999999999996,2.151104845236998e-14
8296.499999999996,2.150366112988462e-14
8296.999999999996,2.149659551421392e-14
8297.499999999996,2.1490226022399442e-14
8297.999999999996,2.148743650660113e-14
8298.499999999996,2.1483589795552457e-14
8298.999999999996,2.1479885221390474e-14
8299.499999999996,2.1477377229389318e-14
8299.999999999998,2.1475949347820724e-14
8300.499999999998,2.1474732918484152e-14
8300.999999999998,2.1472516398099098e-14
8301.499999999998,2.147043251844508e-14
8301.999999999998,2.1472212600126894e-14
8302.499999999996,2.1473072218289956e-14
8302.999999999998,2.1474104219484216e-14
8303.499999999996,2.1475905733838285e-14
8303.999999999996,2.1476052590960176e-14
8304.499999999996,2.1477237172999834e-14
8304.999999999996,2.1479357515305687e-14
8305.499999999996,2.148106113036119e-14
8305.999999999996,2.1483527804056294e-14
8306.499999999996,2.1485568614224353e-14
8306.999999999996,2.148934173257925e-14
8307.499999999996,2.1493422304848466e-14
8307.999999999996,2.1497049855395836e-14
8308.499999999996,2.1501312927527598e-14
8308.999999999996,2.150596110897723e-14
8309.499999999996,2.151156928936373e-14
8309.999999999996,2.151817999790823e-14
8310.499999999996,2.1524298699460355e-14
8310.999999999996,2.153033605534096e-14
8311.499999999996,2.1535615871260317e-14
8311.999999999996,2.154182855557659e-14
8312.499999999996,2.1549798477435327e-14
8312.999999999996,2.1556950203010866e-14
8313.499999999996,2.1564894908867062e-14
8313.999999999998,2.157348117385167e-14
8314.499999999998,2.158144133070827e-14
8314.999999999998,2.1589987463755686e-14
8315.499999999998,2.159723982745177e-14
8315.999999999996,2.160551843106352e-14
8316.499999999998,2.161425835840576e-14
8316.999999999996,2.1622770425256436e-14
8317.499999999998,2.1633350784809604e-14
8317.999999999996,2.1643212789104176e-14
8318.499999999996,2.1653438202639898e-14
8318.999999999996,2.1660533546239935e-14
8319.499999999996,2.166990405824465e-14
8319.999999999996,2.1679231343775585e-14
8320.499999999996,2.1688015729763906e-14
8320.999999999996,2.1696904641568963e-14
8321.499999999996,2.1704502157091267e-14
8321.999999999996,2.171271109131446e-14
8322.499999999996,2.1719849584477858e-14
8322.999999999996,2.1726418580646847e-14
8323.499999999996,2.173401213792459e-14
8323.999999999996,2.174058331329227e-14
8324.499999999996,2.1747448814508276e-14
8324.999999999996,2.175405637061062e-14
8325.499999999996,2.1758668470281742e-14
8325.999999999996,2.1763607355126787e-14
8326.499999999996,2.1768490613988e-14
8326.999999999996,2.177325906915244e-14
8327.499999999996,2.177840045363463e-14
8327.999999999998,2.178292700377778e-14
8328.499999999998,2.1786370965460373e-14
8328.999999999998,2.1789489508499927e-14
8329.499999999998,2.1791925430949517e-14
8329.999999999998,2.1794427678938845e-14
8330.499999999996,2.1794562390404675e-14
8330.999999999998,2.1795320735685362e-14
8331.499999999996,2.1795509172692378e-14
8331.999999999996,2.1797430195527595e-14
8332.499999999996,2.179584257578534e-14
8332.999999999996,2.1793165938824265e-14
8333.499999999996,2.1789559253797135e-14
8333.999999999996,2.1787133567176946e-14
8334.499999999996,2.1782033274191342e-14
8334.999999999996,2.1775471324685715e-14
8335.499999999996,2.176865457040079e-14
8335.999999999996,2.1762789347413535e-14
8336.499999999996,2.175512568049926e-14
8336.999999999996,2.174654584591236e-14
8337.499999999996,2.17394366773696e-14
8337.999999999996,2.1729948318713225e-14
8338.499999999996,2.1720665296858845e-14
8338.999999999996,2.171102270214349e-14
8339.499999999996,2.1698660460114157e-14
8339.999999999996,2.1685965789517027e-14
8340.499999999996,2.1673550152663454e-14
8340.999999999996,2.1659708698747647e-14
8341.499999999996,2.1644607816813182e-14
8341.999999999996,2.1629696335994823e-14
8342.499999999998,2.1614946086552217e-14
8342.999999999998,2.1601064574713684e-14
8343.499999999998,2.15846833332913e-14
8343.999999999996,2.1571237247180986e-14
8344.499999999998,2.155375784941462e-14
8344.999999999996,2.1537412404109585e-14
8345.499999999998,2.152390094558715e-14
8345.999999999996,2.1508523921580343e-14
8346.499999999996,2.149359140005999e-14
8346.999999999996,2.1476012585167805e-14
8347.499999999996,2.1460975267731126e-14
8347.999999999996,2.1446801109563362e-14
8348.499999999996,2.1431808200195776e-14
8348.999999999996,2.141756649897585e-14
8349.499999999996,2.140130221040094e-14
8349.999999999996,2.1387263300559048e-14
8350.499999999996,2.137374591122079e-14
8350.999999999996,2.135983120959886e-14
8351.499999999996,2.134637848437578e-14
8351.999999999996,2.1333460519562682e-14
8352.499999999996,2.1320308190196427e-14
8352.999999999996,2.130643523916292e-14
8353.499999999996,2.129371495116951e-14
8353.999999999996,2.12817341866255e-14
8354.499999999996,2.126902821040284e-14
8354.999999999996,2.1257395523224656e-14
8355.499999999996,2.1245296634812415e-14
8355.999999999996,2.1234955124043946e-14
8356.499999999998,2.1224781151073535e-14
8356.999999999998,2.12158427515506e-14
8357.499999999998,2.1206100092414484e-14
8357.999999999998,2.1196123188562165e-14
8358.499999999996,2.1186866301516836e-14
8358.999999999998,2.11782466787146e-14
8359.499999999996,2.1168793059707824e-14
8359.999999999996,2.1161188088888994e-14
8360.499999999996,2.115237761784441e-14
8360.999999999996,2.1144209283889483e-14
8361.499999999996,2.113543032422318e-14
8361.999999999996,2.1128481977171393e-14
8362.499999999996,2.1122052383148772e-14
8362.999999999996,2.1115316352127342e-14
8363.499999999996,2.1107940812107894e-14
8363.999999999996,2.1101876204610582e-14
8364.499999999996,2.1095043158762396e-14
8364.999999999996,2.1088690459006396e-14
8365.499999999996,2.1082142216826242e-14
8365.999999999996,2.1076912187599546e-14
8366.499999999996,2.107125174093129e-14
8366.999999999996,2.106645405187286e-14
8367.499999999996,2.1061722136126926e-14
8367.999999999996,2.1057221051948516e-14
8368.499999999996,2.1051638547087175e-14
8368.999999999996,2.104639389327614e-14
8369.499999999996,2.1042599791601916e-14
8369.999999999996,2.103904727411576e-14
8370.499999999998,2.1035335038463903e-14
8370.999999999998,2.1031663724818438e-14
8371.499999999998,2.1028001025459085e-14
8371.999999999998,2.102522859029042e-14
8372.499999999998,2.1022719155194642e-14
8372.999999999996,2.1020607125349802e-14
8373.499999999998,2.1016770989979336e-14
8373.999999999996,2.1012667797297662e-14
8374.499999999996,2.1009528050872283e-14
8374.999999999996,2.100766267529044e-14
8375.499999999996,2.1005280777820192e-14
8375.999999999996,2.1001651588832766e-14
8376.499999999996,2.0997331903425366e-14
8376.999999999996,2.0993447169327484e-14
8377.499999999996,2.0990451520709484e-14
8377.999999999996,2.0987168169893287e-14
8378.499999999996,2.098317992189269e-14
8378.999999999996,2.098077517841562e-14
8379.499999999996,2.097624161811877e-14
8379.999999999996,2.0974385255910413e-14
8380.499999999996,2.0970446953999103e-14
8380.999999999996,2.0967435311301514e-14
8381.499999999996,2.0963421964469562e-14
8381.999999999996,2.0959378453553704e-14
8382.499999999996,2.0954859621348246e-14
8382.999999999996,2.0951574532867848e-14
8383.499999999996,2.0945807807146902e-14
8383.999999999996,2.0941423696704656e-14
8384.499999999998,2.0936246446588665e-14
8384.999999999998,2.093046595851041e-14
8385.499999999998,2.092469305693496e-14
8385.999999999998,2.0919717818249408e-14
8386.499999999996,2.0913612299325293e-14
8386.999999999998,2.090844933089137e-14
8387.499999999996,2.090251411879007e-14
8387.999999999998,2.089588221105126e-14
8388.499999999996,2.08893560398581e-14
8388.999999999996,2.0882831576940176e-14
8389.499999999996,2.0875408643215582e-14
8389.999999999996,2.086800346997151e-14
8390.499999999996,2.0859814523592202e-14
8390.999999999996,2.0850844192145126e-14
8391.499999999996,2.084370973192526e-14
8391.999999999996,2.0836018245423744e-14
8392.499999999996,2.082772034903566e-14
8392.999999999996,2.0818423822815384e-14
8393.499999999996,2.0809325705056886e-14
8393.999999999996,2.0800249075783974e-14
8394.499999999996,2.0790609127869604e-14
8394.999999999996,2.0781919961854816e-14
8395.499999999996,2.077294302732393e-14
8395.999999999996,2.076575773359267e-14
8396.499999999996,2.0756908842048756e-14
8396.999999999996,2.0748118048845874e-14
8397.499999999996,2.0739258301515408e-14
8397.999999999996,2.0732211821960792e-14
8398.499999999996,2.0724807855371508e-14
8398.999999999998,2.071827798902384e-14
8399.499999999998,2.0709313527849953e-14
8399.999999999998,2.0702955393747294e-14
8400.499999999998,2.0695634512067035e-14
8400.999999999996,2.0688782860501333e-14
8401.499999999998,2.0682954539443703e-14
8401.999999999996,2.0676096229427518e-14
8402.499999999996,2.0671101656598806e-14
8402.999999999996,2.0664628124982503e-14
8403.499999999996,2.065861901042985e-14
8403.999999999996,2.0651917833953114e-14
8404.499999999996,2.064635948502378e-14
8404.999999999996,2.0641035596621767e-14
8405.499999999996,2.0636503482928346e-14
8405.999999999996,2.0630858676304092e-14
8406.499999999996,2.0625437750221618e-14
8406.999999999996,2.062011321111945e-14
8407.499999999996,2.06150410160023e-14
8407.999999999996,2.061002927067418e-14
8408.499999999996,2.060689340148278e-14
8408.999999999996,2.0603351115930037e-14
8409.499999999996,2.0599046733680366e-14
8409.999999999996,2.0595091474921142e-14
8410.499999999996,2.0591406747199558e-14
8410.999999999996,2.058707203438739e-14
8411.499999999996,2.058305632292053e-14
8411.999999999996,2.0580632775642423e-14
8412.499999999996,2.0577053676222757e-14
8412.999999999998,2.0573621593239294e-14
8413.499999999998,2.0569891415041528e-14
8413.999999999998,2.0565259422501288e-14
8414.499999999996,2.0562290337380863e-14
8414.999999999998,2.0558779975304083e-14
8415.499999999996,2.0553457237962404e-14
8415.999999999998,2.0550438549818537e-14
8416.499999999996,2.0547841792095625e-14
8416.999999999996,2.0544964681072743e-14
8417.499999999996,2.054105031266202e-14
8417.999999999996,2.0537459072395075e-14
8418.499999999996,2.0533050491986216e-14
8418.999999999996,2.053047296304032e-14
8419.499999999996,2.0526578358883982e-14
8419.999999999996,2.0523452275245154e-14
8420.499999999996,2.0520721804363603e-14
8420.999999999996,2.051749319006619e-14
8421.499999999996,2.0514510624021144e-14
8421.999999999996,2.0512165902322877e-14
8422.499999999996,2.051064095346928e-14
8422.999999999996,2.0507172282423977e-14
8423.499999999996,2.0505322770860752e-14
8423.999999999996,2.050223757123827e-14
8424.499999999996,2.0500735410483896e-14
8424.999999999996,2.0499830593375878e-14
8425.499999999996,2.049852694710026e-14
8425.999999999996,2.0498195896807e-14
8426.499999999996,2.049719055797295e-14
8426.999999999998,2.0494457664749216e-14
8427.499999999998,2.0493414809069572e-14
8427.999999999998,2.0492670675656584e-14
8428.499999999998,2.0491924930369296e-14
8428.999999999996,2.0491681871211818e-14
8429.499999999998,2.0492595413723803e-14
8429.999999999996,2.049265591482356e-14
8430.499999999996,2.0494332562697452e-14
8430.999999999996,2.0493992364494693e-14
8431.499999999996,2.049477827274995e-14
8431.999999999996,2.0495881366227603e-14
8432.499999999996,2.049704915700144e-14
8432.999999999996,2.0499097297787857e-14
8433.499999999996,2.0500483215942042e-14
8433.999999999996,2.0502051404974217e-14
8434.499999999996,2.05025094441852e-14
8434.999999999996,2.0502333010933326e-14
8435.499999999996,2.0501836491068124e-14
8435.999999999996,2.0502150293032625e-14
8436.499999999996,2.050333811993734e-14
8436.999999999996,2.0502080650804743e-14
8437.499999999996,2.0502675256506213e-14
8437.999999999996,2.05028331937426e-14
8438.499999999996,2.050262831099301e-14
8438.999999999996,2.0501091389143457e-14
8439.499999999996,2.0499122869256385e-14
8439.999999999996,2.0497177146044083e-14
8440.499999999996,2.0495231065868514e-14
8440.999999999998,2.049348769889245e-14
8441.499999999998,2.0491931500908325e-14
8441.999999999998,2.0490474994780078e-14
8442.499999999998,2.048878433936415e-14
8442.999999999998,2.0483921332329987e-14
8443.499999999996,2.0481030646112412e-14
8443.999999999998,2.0477092318907467e-14
8444.499999999996,2.0472851150838903e-14
8444.999999999996,2.0467372196268025e-14
8445.499999999996,2.0462300382319643e-14
8445.999999999996,2.0457307726321206e-14
8446.499999999996,2.045185763465562e-14
8446.999999999996,2.044424166011384e-14
8447.499999999996,2.0438066680564452e-14
8447.999999999996,2.0432086775943987e-14
8448.499999999996,2.042454980280457e-14
8448.999999999996,2.0417317268454746e-14
8449.499999999996,2.0408453950853204e-14
8449.999999999996,2.0399029626412415e-14
8450.499999999996,2.0391339031777852e-14
8450.999999999996,2.0385405971438545e-14
8451.499999999996,2.0376152342732973e-14
8451.999999999996,2.036837541258826e-14
8452.499999999996,2.0360176275133764e-14
8452.999999999996,2.0353719855873253e-14
8453.499999999996,2.0344804068004614e-14
8453.999999999996,2.0338175612886016e-14
8454.499999999996,2.0330816365979564e-14
8454.999999999996,2.0323678765439403e-14
8455.499999999998,2.0315357180806842e-14
8455.999999999998,2.030878671134798e-14
8456.499999999998,2.0303493494367137e-14
8456.999999999996,2.0297571495004486e-14
8457.499999999998,2.029215895131678e-14
8457.999999999996,2.028786862491604e-14
8458.499999999998,2.0282970667581428e-14
8458.999999999996,2.028002535989355e-14
8459.499999999996,2.0275407952921393e-14
8459.999999999996,2.0270937288776466e-14
8460.499999999996,2.0266417795360608e-14
8460.999999999996,2.026151044324877e-14
8461.499999999996,2.0258052353575988e-14
8461.999999999996,2.0253540508814327e-14
8462.499999999996,2.0249430280400953e-14
8462.999999999996,2.0246707722126976e-14
8463.499999999996,2.0244344273988625e-14
8463.999999999996,2.024082780256291e-14
8464.499999999996,2.023826596814249e-14
8464.999999999996,2.0235266845264332e-14
8465.499999999996,2.02325326382302e-14
8465.999999999996,2.0230347683207786e-14
8466.499999999996,2.0228664342431187e-14
8466.999999999996,2.0226134269369274e-14
8467.499999999996,2.022404305327815e-14
8467.999999999996,2.0220275359233706e-14
8468.499999999996,2.0218612967291175e-14
8468.999999999996,2.021450309114698e-14
8469.499999999998,2.0213714478915076e-14
8469.999999999998,2.0209139990219204e-14
8470.499999999998,2.020631615801778e-14
8470.999999999998,2.020363840059367e-14
8471.499999999996,2.0202407751197256e-14
8471.999999999998,2.020053008034071e-14
8472.499999999996,2.0198260940043592e-14
8472.999999999996,2.019631595175372e-14
8473.499999999996,2.0193769824372025e-14
8473.999999999996,2.0192419394327396e-14
8474.499999999996,2.0192298371668966e-14
8474.999999999996,2.019043975722766e-14
8475.499999999996,2.0191784534489104e-14
8475.999999999996,2.0193109488306578e-14
8476.499999999996,2.0193726676661656e-14
8476.999999999996,2.0194934162475574e-14
8477.499999999996,2.0196979797703707e-14
8477.999999999996,2.019906453611292e-14
8478.499999999996,2.0202095113844367e-14
8478.999999999996,2.0205532849677114e-14
8479.499999999996,2.0210265569713354e-14
8479.999999999996,2.0215239512717192e-14
8480.499999999996,2.0219216145415073e-14
8480.999999999996,2.0225290960902234e-14
8481.499999999996,2.0233281683773748e-14
8481.999999999996,2.024052662883345e-14
8482.499999999996,2.024753920434949e-14
8482.999999999996,2.0254815481332758e-14
8483.499999999998,2.0264876162707364e-14
8483.999999999998,2.027586840886093e-14
8484.499999999998,2.0283735357822857e-14
8484.999999999996,2.0295107653213593e-14
8485.499999999998,2.0306247708088227e-14
8485.999999999996,2.0318528315216087e-14
8486.499999999998,2.0331126304665007e-14
8486.999999999996,2.0342005305467854e-14
8487.499999999996,2.035410886078529e-14
8487.999999999996,2.0367028889421023e-14
8488.499999999996,2.0379849925401753e-14
8488.999999999996,2.0393151293733695e-14
8489.499999999996,2.0407253459677502e-14
8489.999999999996,2.041987909091299e-14
8490.499999999996,2.0432328501639703e-14
8490.999999999996,2.0445414616710648e-14
8491.499999999996,2.0457213615448912e-14
8491.999999999996,2.046994472289496e-14
8492.499999999996,2.048152347156182e-14
8492.999999999996,2.0494192387564203e-14
8493.499999999996,2.0504820962851935e-14
8493.999999999996,2.0516573617105706e-14
8494.499999999996,2.05265828369815e-14
8494.999999999996,2.0535686945201626e-14
8495.499999999996,2.0543287098876528e-14
8495.999999999996,2.0550555560177278e-14
8496.499999999996,2.0555081493836076e-14
8496.999999999996,2.056078131577185e-14
8497.499999999998,2.056543258823902e-14
8497.999999999998,2.0568552745653122e-14
8498.499999999998,2.0570059911193863e-14
8498.999999999998,2.057145949173435e-14
8499.499999999996,2.0572595861646303e-14
8499.999999999998,2.057206660414274e-14
8500.499999999996,2.0569970826996802e-14
8500.999999999996,2.0566542347245096e-14
8501.499999999996,2.0563112880185907e-14
8501.999999999996,2.0558201012177092e-14
8502.499999999996,2.0550094592001982e-14
8502.999999999996,2.0542850498454194e-14
8503.499999999996,2.0535599824128195e-14
8503.999999999996,2.0527555756983254e-14
8504.499999999996,2.0517368511618146e-14
8504.999999999996,2.0507300204549868e-14
8505.499999999996,2.0495458622200216e-14
8505.999999999996,2.048628305551074e-14
8506.499999999996,2.047358131554747e-14
8506.999999999996,2.0460109662110236e-14
8507.499999999996,2.0447462347724068e-14
8507.999999999996,2.0435446911118255e-14
8508.499999999996,2.0422899618829957e-14
8508.999999999996,2.040984318096472e-14
8509.499999999996,2.039785578453781e-14
8509.999999999996,2.0386419605120736e-14
8510.499999999996,2.03753488953484e-14
8510.999999999996,2.0363580243646163e-14
8511.499999999996,2.0351603286952368e-14
8511.999999999998,2.0340292599479285e-14
8512.499999999998,2.0330461907412038e-14
8512.999999999998,2.0319156064637107e-14
8513.499999999998,2.03096109698851e-14
8513.999999999996,2.030023875149964e-14
8514.499999999998,2.029174285251379e-14
8514.999999999996,2.028494941244349e-14
8515.499999999996,2.0277988421279828e-14
8515.999999999996,2.026970927925787e-14
8516.499999999996,2.026274655507333e-14
8516.999999999996,2.0256581808878352e-14
8517.499999999996,2.0250934106652358e-14
8517.999999999996,2.0245901231761473e-14
8518.499999999996,2.0243442546786604e-14
8518.999999999996,2.0240739105667527e-14
8519.499999999996,2.0238848333651045e-14
8519.999999999996,2.0238099327174844e-14
8520.499999999996,2.0238308090878255e-14
8520.999999999996,2.0239816623055207e-14
8521.499999999996,2.0242404822968875e-14
8521.999999999996,2.0246138592901362e-14
8522.499999999996,2.0251133902593715e-14
8522.999999999996,2.0256004224905065e-14
8523.499999999996,2.026250220588063e-14
8523.999999999996,2.0272063871707478e-14
8524.499999999996,2.028154418266344e-14
8524.999999999996,2.0292396274777828e-14
8525.499999999996,2.0303524482450876e-14
8525.999999999998,2.031538283231115e-14
8526.499999999998,2.0329044283061082e-14
8526.999999999998,2.034234754133215e-14
8527.499999999996,2.035670821188938e-14
8527.999999999998,2.037230366029757e-14
8528.499999999996,2.038835797517348e-14
8528.999999999998,2.0405498109211684e-14
8529.499999999996,2.0421340286714665e-14
8529.999999999996,2.0440843774460797e-14
8530.499999999996,2.0458880872833664e-14
8530.999999999996,2.0475643785628422e-14
8531.499999999996,2.0494288192540557e-14
8531.999999999996,2.051350127732731e-14
8532.499999999996,2.0532962242570575e-14
8532.999999999996,2.055094642105571e-14
8533.499999999996,2.0572650751583826e-14
8533.999999999996,2.059268623683899e-14
8534.499999999996,2.0611551787785484e-14
8534.999999999996,2.063195380954372e-14
8535.499999999996,2.0651097101508037e-14
8535.999999999996,2.067130111267002e-14
8536.499999999996,2.0689214384966934e-14
8536.999999999996,2.070653702842053e-14
8537.499999999996,2.072358602955864e-14
8537.999999999996,2.0739729612788126e-14
8538.499999999996,2.0754865616108736e-14
8538.999999999996,2.0770545726987426e-14
8539.499999999996,2.0784928337325872e-14
8539.999999999998,2.079695983395889e-14
8540.499999999998,2.080810504001149e-14
8540.999999999998,2.0817833459369522e-14
8541.499999999998,2.0826696662192544e-14
8541.999999999996,2.0834303725343658e-14
8542.499999999998,2.0841331958429103e-14
8542.999999999996,2.0844551939178e-14
8543.499999999996,2.0847334689055477e-14
8543.999999999996,2.0850030852581932e-14
8544.499999999996,2.0850563437349286e-14
8544.999999999996,2.0850706756907198e-14
8545.499999999996,2.084850210777399e-14
8545.999999999996,2.0845974298692725e-14
8546.499999999996,2.0842455991260525e-14
8546.999999999996,2.0835734267105236e-14
8547.499999999996,2.0827586950135175e-14
8547.999999999996,2.081757658525761e-14
8548.499999999996,2.0807811885185922e-14
8548.999999999996,2.0793689900601447e-14
8549.499999999996,2.0780769612224373e-14
8549.999999999996,2.076507271102967e-14
8550.499999999996,2.074861980655332e-14
8550.999999999996,2.0732995981255694e-14
8551.499999999996,2.0713629406648962e-14
8551.999999999996,2.0696511926906742e-14
8552.499999999996,2.067555235868556e-14
8552.999999999996,2.0653046267292015e-14
8553.499999999996,2.0631587239839553e-14
8553.999999999998,2.06104267516048e-14
8554.499999999998,2.0589168618151332e-14
8554.999999999998,2.0565656452139636e-14
8555.499999999996,2.0543870518630033e-14
8555.999999999998,2.052226819623928e-14
8556.499999999996,2.0500459804399184e-14
8556.999999999998,2.0477417444830147e-14
8557.499999999996,2.0453068845139117e-14
8557.999999999996,2.042888787469844e-14
8558.499999999996,2.0404986016264146e-14
8558.999999999996,2.0383046952641737e-14
8559.499999999996,2.0359846277554743e-14
8559.999999999996,2.033865060943265e-14
8560.499999999996,2.031595735107205e-14
8560.999999999996,2.029493363742286e-14
8561.499999999996,2.027381301210447e-14
8561.999999999996,2.0253354879358395e-14
8562.499999999996,2.023475494806618e-14
8562.999999999996,2.0217604891102167e-14
8563.499999999996,2.020007971759487e-14
8563.999999999996,2.018254831268086e-14
8564.499999999996,2.0166402750361406e-14
8564.999999999996,2.015039349300672e-14
8565.499999999996,2.0135532091070047e-14
8565.999999999996,2.0120757700887314e-14
8566.499999999996,2.0107540673614985e-14
8566.999999999996,2.009569135216336e-14
8567.499999999996,2.0084831064228117e-14
8567.999999999996,2.0073536043396094e-14
8568.499999999998,2.006535369823726e-14
8568.999999999998,2.0056955243563708e-14
8569.499999999998,2.005005928187373e-14
8569.999999999996,2.0044318401807957e-14
8570.499999999998,2.0038618729244524e-14
8570.999999999996,2.0033744533887258e-14
8571.499999999996,2.003043463467339e-14
8571.999999999996,2.002756957430205e-14
8572.499999999996,2.0026418209574432e-14
8572.999999999996,2.0025405670828184e-14
8573.499999999996,2.002338315083595e-14
8573.999999999996,2.002297679191941e-14
8574.499999999996,2.0024198622719813e-14
8574.999999999996,2.0025658457131456e-14
8575.499999999996,2.0028231302828982e-14
8575.999999999996,2.003231203500517e-14
8576.499999999996,2.003629850325052e-14
8576.999999999996,2.004131311326166e-14
8577.499999999996,2.0047799627384327e-14
8577.999999999996,2.0056089293171026e-14
8578.499999999996,2.0062222085079175e-14
8578.999999999996,2.0070876006401922e-14
8579.499999999996,2.0079918114099526e-14
8579.999999999996,2.0090115896661418e-14
8580.499999999996,2.0100425910075877e-14
8580.999999999996,2.0112367026773638e-14
8581.499999999996,2.012380597767746e-14
8581.999999999996,2.0137032526681214e-14
8582.499999999998,2.014848752850535e-14
8582.999999999998,2.0161093958506255e-14
8583.499999999998,2.0176065454424896e-14
8583.999999999998,2.018967286025994e-14
8584.499999999996,2.0202191608556277e-14
8584.999999999998,2.021625883225318e-14
8585.499999999996,2.0229156649395734e-14
8585.999999999996,2.0245121064346002e-14
8586.499999999996,2.0257742205966915e-14
8586.999999999996,2.0272995423276132e-14
8587.499999999996,2.0286896856157106e-14
8587.999999999996,2.030190587722352e-14
8588.499999999996,2.0315610304421124e-14
8588.999999999996,2.032916833755375e-14
8589.499999999996,2.0343988391315676e-14
8589.999999999996,2.0356675758995708e-14
8590.499999999996,2.0369591417365694e-14
8590.999999999996,2.038146541627286e-14
8591.499999999996,2.039614747459047e-14
8591.999999999996,2.040846505714723e-14
8592.499999999996,2.041972803780329e-14
8592.999999999996,2.0431542530967042e-14
8593.499999999996,2.0443390621309204e-14
8593.999999999996,2.0452905261296646e-14
8594.499999999996,2.046106784428443e-14
8594.999999999996,2.0469184578959176e-14
8595.499999999996,2.047584169389882e-14
8595.999999999996,2.0481818146332413e-14
8596.499999999998,2.0486320509851074e-14
8596.999999999998,2.0491339341202623e-14
8597.499999999998,2.0494741932227004e-14
8597.999999999996,2.0497804902483443e-14
8598.499999999998,2.0498766419091238e-14
8598.999999999996,2.049936473069328e-14
8599.499999999998,2.04988861923869e-14
8599.999999999996,2.0496464459031585e-14
8600.499999999996,2.0493401587219932e-14
8600.999999999996,2.0491464560602066e-14
8601.499999999996,2.048737776931736e-14
8601.999999999996,2.048191390941989e-14
8602.499999999996,2.0473950149601257e-14
8602.999999999996,2.0467487409694935e-14
8603.499999999996,2.045895725570381e-14
8603.999999999996,2.045020419320687e-14
8604.499999999996,2.044030711384446e-14
8604.999999999996,2.0432343754239127e-14
8605.499999999996,2.0423392474968577e-14
8605.999999999996,2.041044395102022e-14
8606.499999999996,2.0400037547063176e-14
8606.999999999996,2.0388311312078224e-14
8607.499999999996,2.0376171661774706e-14
8607.999999999996,2.0363531876441615e-14
8608.499999999996,2.0350508132660858e-14
8608.999999999996,2.0337166626746718e-14
8609.499999999996,2.0323575425275323e-14
8609.999999999996,2.0310432656797305e-14
8610.499999999998,2.02953299865015e-14
8610.999999999998,2.0281646749851743e-14
8611.499999999998,2.02662273367056e-14
8611.999999999998,2.0251595891669293e-14
8612.499999999996,2.0235836106457078e-14
8612.999999999998,2.0221445526106326e-14
8613.499999999996,2.0206666725280774e-14
8613.999999999996,2.0192237725464075e-14
8614.499999999996,2.017670370182845e-14
8614.999999999996,2.0161429042026263e-14
8615.499999999996,2.0147359506872017e-14
8615.999999999996,2.0132513035544356e-14
8616.499999999996,2.011767287771524e-14
8616.999999999996,2.010260667744089e-14
8617.499999999996,2.008947113290694e-14
8617.999999999996,2.0076832166983212e-14
8618.499999999996,2.006464221823376e-14
8618.999999999996,2.005121818267357e-14
8619.499999999996,2.003673653101714e-14
8619.999999999996,2.0023559401339788e-14
8620.499999999996,2.0010838126346034e-14
8620.999999999996,1.9998441401121356e-14
8621.499999999996,1.9985382783348752e-14
8621.999999999996,1.9975965073115637e-14
8622.499999999996,1.9965695313451758e-14
8622.999999999996,1.995613789017493e-14
8623.499999999996,1.9946551790207862e-14
8623.999999999996,1.9939193173263855e-14
8624.499999999996,1.9932012414684085e-14
8624.999999999998,1.9924204478761683e-14
8625.499999999998,1.991618778380477e-14
8625.999999999996,1.9908587094993178e-14
8626.499999999998,1.9902743944125885e-14
8626.999999999996,1.9898578004066253e-14
8627.499999999998,1.9893599657000937e-14
8627.999999999996,1.9889665836929082e-14
8628.499999999996,1.988675152095617e-14
8628.999999999996,1.988345318130304e-14
8629.499999999996,1.9880948708501e-14
8629.999999999996,1.987932441408231e-14
8630.499999999996,1.9877846488017237e-14
8630.999999999996,1.9877996175697014e-14
8631.499999999996,1.9876330645589888e-14
8631.999999999996,1.987593239661648e-14
8632.499999999996,1.9876794572533907e-14
8632.999999999996,1.9879226241133685e-14
8633.499999999996,1.9881286176393153e-14
8633.999999999996,1.988645560645788e-14
8634.499999999996,1.9890747322600334e-14
8634.999999999996,1.9895396899641353e-14
8635.499999999996,1.9901582322320912e-14
8635.999999999996,1.9905507377443133e-14
8636.499999999996,1.991348375106416e-14
8636.999999999996,1.9919597391428873e-14
8637.499999999996,1.9930921771397347e-14
8637.999999999996,1.99377081329483e-14
8638.499999999996,1.9946624998762332e-14
8638.999999999998,1.9954308937134346e-14
8639.499999999998,1.996422330401744e-14
8639.999999999998,1.9974976406576288e-14
8640.499999999996,1.9983824979101648e-14
8640.999999999998,1.99935416002283e-14
8641.499999999996,2.0005336877262402e-14
8641.999999999996,2.0016706453908848e-14
8642.499999999996,2.0028116707640915e-14
8642.999999999996,2.0040232785768348e-14
8643.499999999996,2.0050730914241427e-14
8643.999999999996,2.006421118271166e-14
8644.499999999996,2.007752149166451e-14
8644.999999999996,2.008979927736763e-14
8645.499999999996,2.010444436435659e-14
8645.999999999996,2.011837528798756e-14
8646.499999999996,2.0131691949072295e-14
8646.999999999996,2.014457885504953e-14
8647.499999999996,2.015940958425429e-14
8647.999999999996,2.017414087201546e-14
8648.499999999996,2.018983047377879e-14
8648.999999999996,2.0203375642553306e-14
8649.499999999996,2.0216067126950407e-14
8649.999999999996,2.0228786788528003e-14
8650.499999999996,2.02396179250721e-14
8650.999999999996,2.0251217633226604e-14
8651.499999999996,2.0262483055811213e-14
8651.999999999996,2.0273988063408712e-14
8652.499999999996,2.02847346418153e-14
8652.999999999998,2.0294855753673488e-14
8653.499999999998,2.0303892269444532e-14
8653.999999999998,2.0314222007612016e-14
8654.499999999998,2.0321768986659276e-14
8654.999999999996,2.0330744382696698e-14
8655.499999999998,2.0339446378930658e-14
8655.999999999996,2.034646417996169e-14
8656.499999999996,2.0353433827467812e-14
8656.999999999996,2.036162239154496e-14
8657.499999999996,2.0367278301153835e-14
8657.999999999996,2.037314400669434e-14
8658.499999999996,2.0378148293158297e-14
8658.999999999996,2.038236110672441e-14
8659.499999999996,2.038708343886477e-14
8659.999999999996,2.0391185570824257e-14
8660.499999999996,2.039468222057424e-14
8660.999999999996,2.039590845387328e-14
8661.499999999996,2.0397014362009706e-14
8661.999999999996,2.0398116998091678e-14
8662.499999999996,2.0397927600107027e-14
8662.999999999996,2.039940981730029e-14
8663.499999999996,2.0401401474218802e-14
8663.999999999996,2.040256478764679e-14
8664.499999999996,2.0403216233974824e-14
8664.999999999996,2.0403694865865958e-14
8665.499999999996,2.0403983514631432e-14
8665.999999999996,2.0403341818540227e-14
8666.499999999996,2.0403277559865127e-14
8666.999999999998,2.0402606181892475e-14
8667.499999999998,2.0402194775917774e-14
8667.999999999998,2.0401794972265357e-14
8668.499999999996,2.040036191054777e-14
8668.999999999998,2.0400113757597785e-14
8669.499999999996,2.040025436967421e-14
8669.999999999998,2.0399029624043974e-14
8670.499999999996,2.0397387021582446e-14
8670.999999999996,2.0397850181397223e-14
8671.499999999996,2.0398302472761194e-14
8671.999999999996,2.039720574721464e-14
8672.499999999996,2.0395155703415198e-14
8672.999999999996,2.0394344953598693e-14
8673.499999999996,2.0392295375735224e-14
8673.999999999996,2.039044122916952e-14
8674.499999999996,2.038865162810747e-14
8674.999999999996,2.0386828910760636e-14
8675.499999999996,2.0384291938757883e-14
8675.999999999996,2.038169385778612e-14
8676.499999999996,2.0379198922976877e-14
8676.999999999996,2.03759486606335e-14
8677.499999999996,2.0374983505559584e-14
8677.999999999996,2.037297369812297e-14
8678.499999999996,2.0371147937938105e-14
8678.999999999996,2.0369862554019878e-14
8679.499999999996,2.0366721889941663e-14
8679.999999999996,2.0363874009970184e-14
8680.499999999996,2.0362060087851014e-14
8680.999999999996,2.0358853051568013e-14
8681.499999999998,2.0355288150075654e-14
8681.999999999998,2.035379474834611e-14
8682.499999999998,2.03501259887783e-14
8682.999999999996,2.0346112974627702e-14
8683.499999999998,2.0343429189169905e-14
8683.999999999996,2.0340989935540364e-14
8684.499999999996,2.0336255256392587e-14
8684.999999999996,2.0332994482458085e-14
8685.499999999996,2.0329097436952074e-14
8685.999999999996,2.032674606496319e-14
8686.499999999996,2.0321958722590897e-14
8686.999999999996,2.0316334900617826e-14
8687.499999999996,2.0311439498532296e-14
8687.999999999996,2.0306502980416988e-14
8688.499999999996,2.0299948686641113e-14
8688.999999999996,2.029611767141902e-14
8689.499999999996,2.0290820608181417e-14
8689.999999999996,2.0283885560562244e-14
8690.499999999996,2.0276621564187216e-14
8690.999999999996,2.0268427367055642e-14
8691.499999999996,2.0263677229087275e-14
8691.999999999996,2.0257896406359576e-14
8692.499999999996,2.025200265148953e-14
8692.999999999996,2.0245630496564457e-14
8693.499999999996,2.0237939664034442e-14
8693.999999999996,2.0232960868933278e-14
8694.499999999996,2.022487861033021e-14
8694.999999999996,2.021926251060854e-14
8695.499999999998,2.0213037695426262e-14
8695.999999999998,2.0207365925559627e-14
8696.499999999996,2.0199949855866973e-14
8696.999999999998,2.019443675819429e-14
8697.499999999996,2.018752969654666e-14
8697.999999999998,2.018127370918145e-14
8698.499999999996,2.0176205568053106e-14
8698.999999999996,2.0171421225302768e-14
8699.499999999996,2.0167511033180686e-14
8699.999999999996,2.0162708769325993e-14
8700.499999999996,2.015925871477026e-14
8700.999999999996,2.015488291049086e-14
8701.499999999996,2.015081038210506e-14
8701.999999999996,2.01463270955628e-14
8702.499999999996,2.0143133402000997e-14
8702.999999999996,2.0141750236821118e-14
8703.499999999996,2.0139297796665614e-14
8703.999999999996,2.013740968858133e-14
8704.499999999996,2.0135732803977265e-14
8704.999999999996,2.0134968144363225e-14
8705.499999999996,2.0133493275160674e-14
8705.999999999996,2.013347254137948e-14
8706.499999999996,2.013402950848545e-14
8706.999999999996,2.0134492004315843e-14
8707.499999999996,2.0136517818414433e-14
8707.999999999996,2.0137383843596272e-14
8708.499999999996,2.0139495005001923e-14
8708.999999999996,2.0141932590649593e-14
8709.499999999998,2.0144104156575583e-14
8709.999999999998,2.014721553174936e-14
8710.499999999998,2.0150480602062063e-14
8710.999999999996,2.0154478392406592e-14
8711.499999999998,2.0158688403789655e-14
8711.999999999996,2.0162675676746555e-14
8712.499999999998,2.0168482113285367e-14
8712.999999999996,2.0174261788563805e-14
8713.499999999996,2.0179640701467137e-14
8713.999999999996,2.0184796637343697e-14
8714.499999999996,2.0190811460696062e-14
8714.999999999996,2.019770962273e-14
8715.499999999996,2.020406752787711e-14
8715.999999999996,2.0212943454651763e-14
8716.499999999996,2.0221133574708033e-14
8716.999999999996,2.0228934891259833e-14
8717.499999999996,2.023758621636375e-14
8717.999999999996,2.024678095467248e-14
8718.499999999996,2.0258404161174917e-14
8718.999999999996,2.0268024571835972e-14
8719.499999999996,2.0279105340143756e-14
8719.999999999996,2.0290026281095106e-14
8720.499999999996,2.0301007979779464e-14
8720.999999999996,2.0314213522296194e-14
8721.499999999996,2.0326716542042974e-14
8721.999999999996,2.0339585555425958e-14
8722.499999999996,2.035474601104139e-14
8722.999999999996,2.036988420653172e-14
8723.499999999998,2.0385392660374692e-14
8723.999999999998,2.0402780560646094e-14
8724.499999999996,2.0419902301216482e-14
8724.999999999998,2.043672107312174e-14
8725.499999999996,2.0453930851546576e-14
8725.999999999998,2.047258051369708e-14
8726.499999999996,2.0492493277394202e-14
8726.999999999998,2.0511499623214536e-14
8727.499999999996,2.0529988801057014e-14
8727.999999999996,2.055077245053295e-14
8728.499999999996,2.057216438552935e-14
8728.999999999996,2.0593932769916956e-14
8729.499999999996,2.0616015082387206e-14
8729.999999999996,2.0637777767648165e-14
8730.499999999996,2.0659724108080545e-14
8730.999999999996,2.068251920747501e-14
8731.499999999996,2.070441404886747e-14
8731.999999999996,2.0726234982846942e-14
8732.499999999996,2.07509484927687e-14
8732.999999999996,2.077382276166118e-14
8733.499999999996,2.0796779668459785e-14
8733.999999999996,2.0820655992011334e-14
8734.499999999996,2.0845369671479026e-14
8734.999999999996,2.086907318458709e-14
8735.499999999996,2.089382792527127e-14
8735.999999999996,2.0916822810725945e-14
8736.499999999996,2.094100621636758e-14
8736.999999999996,2.096264922188223e-14
8737.499999999996,2.098644058514454e-14
8737.999999999996,2.1009165013945432e-14
8738.499999999998,2.103197523428303e-14
8738.999999999996,2.1052605402790716e-14
8739.499999999998,2.1074786382185654e-14
8739.999999999996,2.1096625581558516e-14
8740.499999999998,2.1116290037162194e-14
8740.999999999996,2.113766689112988e-14
8741.499999999996,2.1159081474724458e-14
8741.999999999996,2.1176568440515657e-14
8742.499999999996,2.1196571350643847e-14
8742.999999999996,2.121748334269235e-14
8743.499999999996,2.1235885367792004e-14
8743.999999999996,2.1253282315386016e-14
8744.499999999996,2.1271657842047077e-14
8744.999999999996,2.128783066638615e-14
8745.499999999996,2.130279240233416e-14
8745.999999999996,2.1316819607867404e-14
8746.499999999996,2.1329022493099785e-14
8746.999999999996,2.1341052578291735e-14
8747.499999999996,2.1352511693593302e-14
8747.999999999996,2.1363144382245422e-14
8748.499999999996,2.1372046278073683e-14
8748.999999999996,2.138099770500965e-14
8749.499999999996,2.1386407372927976e-14
8749.999999999996,2.139185287910508e-14
8750.499999999996,2.139717286898612e-14
8750.999999999996,2.1398758357005912e-14
8751.499999999996,2.1400091026294698e-14
8751.999999999998,2.139947107204306e-14
8752.499999999996,2.139714071650868e-14
8752.999999999998,2.1396269222639988e-14
8753.499999999996,2.1392244343464675e-14
8753.999999999998,2.1387898121252065e-14
8754.499999999996,2.1382988471916335e-14
8754.999999999998,2.137774276064446e-14
8755.499999999996,2.1372091182466137e-14
8755.999999999996,2.1363248448683647e-14
8756.499999999996,2.1353271930219835e-14
8756.999999999996,2.1342975506541305e-14
8757.499999999996,2.1331270017437014e-14
8757.999999999996,2.1318167046544813e-14
8758.499999999996,2.1305504869197886e-14
8758.999999999996,2.129072533523986e-14
8759.499999999996,2.1277593134941877e-14
8759.999999999996,2.1263382988340613e-14
8760.499999999996,2.124764367536796e-14
8760.999999999996,2.1232557203608504e-14
8761.499999999996,2.121715587975931e-14
8761.999999999996,2.1202148562281908e-14
8762.499999999996,2.118533341896428e-14
8762.999999999996,2.117058562377348e-14
8763.499999999996,2.1154682094223184e-14
8763.999999999996,2.1137460234215057e-14
8764.499999999996,2.1119949543819903e-14
8764.999999999996,2.1102537114361087e-14
8765.499999999996,2.1085833750141622e-14
8765.999999999998,2.1068300380210268e-14
8766.499999999998,2.1053353844440357e-14
8766.999999999996,2.1035595927383993e-14
8767.499999999998,2.1019426751321287e-14
8767.999999999996,2.1005890734983017e-14
8768.499999999998,2.099210134798571e-14
8768.999999999996,2.0977717816748886e-14
8769.499999999998,2.0962964333609264e-14
8769.999999999996,2.0949036710077204e-14
8770.499999999996,2.093789560868437e-14
8770.999999999996,2.0923623485882966e-14
8771.499999999996,2.090914779095062e-14
8771.999999999996,2.0898256061750514e-14
8772.499999999996,2.088465251683169e-14
8772.999999999996,2.0873382777248614e-14
8773.499999999996,2.0860233079786516e-14
8773.999999999996,2.08494405523486e-14
8774.499999999996,2.0841027716251876e-14
8774.999999999996,2.0832501944798267e-14
8775.499999999996,2.082642932692832e-14
8775.999999999996,2.0817638925567558e-14
8776.499999999996,2.0811269189403065e-14
8776.999999999996,2.080417857635446e-14
8777.499999999996,2.079652427503081e-14
8777.999999999996,2.0790831738659524e-14
8778.499999999996,2.078547560904828e-14
8778.999999999996,2.077910951117324e-14
8779.499999999996,2.077362119094199e-14
8779.999999999998,2.076811960131617e-14
8780.499999999996,2.0764150415259885e-14
8780.999999999998,2.076112959835188e-14
8781.499999999996,2.0760044612541594e-14
8781.999999999998,2.0757688649742118e-14
8782.499999999996,2.0757711995037724e-14
8782.999999999998,2.0757488440650677e-14
8783.499999999996,2.075712636706056e-14
8783.999999999996,2.0757207420910048e-14
8784.499999999996,2.075757326911114e-14
8784.999999999996,2.0760392359463404e-14
8785.499999999996,2.076334119916863e-14
8785.999999999996,2.076553648426569e-14
8786.499999999996,2.076897530122975e-14
8786.999999999996,2.077363775204652e-14
8787.499999999996,2.07784872111239e-14
8787.999999999996,2.078483733224043e-14
8788.499999999996,2.0790867752295875e-14
8788.999999999996,2.0797660941977004e-14
8789.499999999996,2.080482251620556e-14
8789.999999999996,2.0811682410838518e-14
8790.499999999996,2.0817512636978943e-14
8790.999999999996,2.082475676228673e-14
8791.499999999996,2.0832811238856303e-14
8791.999999999996,2.0841387133439892e-14
8792.499999999996,2.084975596432817e-14
8792.999999999996,2.0858455522777446e-14
8793.499999999996,2.0866959749764042e-14
8793.999999999996,2.087597442205947e-14
8794.499999999998,2.08860404827268e-14
8794.999999999996,2.0893840740626825e-14
8795.499999999998,2.0903182168370183e-14
8795.999999999996,2.091299351303265e-14
8796.499999999998,2.0921454742891312e-14
8796.999999999996,2.093138994111538e-14
8797.499999999998,2.0939196973675276e-14
8797.999999999996,2.094799580956235e-14
8798.499999999996,2.095611587961028e-14
8798.999999999996,2.0966718813221797e-14
8799.499999999996,2.0975796607570577e-14
8799.999999999996,2.098458110231205e-14
8800.499999999996,2.0992419135903616e-14
8800.999999999996,2.0999531444127362e-14
8801.499999999996,2.100680066837424e-14
8801.999999999996,2.1013310528338535e-14
8802.499999999996,2.102147861286729e-14
8802.999999999996,2.1027974106461356e-14
8803.499999999996,2.1034924598787984e-14
8803.999999999996,2.10404408541848e-14
8804.499999999996,2.1044761867943885e-14
8804.999999999996,2.1050067406099892e-14
8805.499999999996,2.1053839856656822e-14
8805.999999999996,2.1056372021638796e-14
8806.499999999996,2.1062086258492604e-14
8806.999999999996,2.1065466179095954e-14
8807.499999999996,2.1066248543325458e-14
8807.999999999996,2.1066744204273845e-14
8808.499999999996,2.1066713684430354e-14
8808.999999999998,2.1066731435306303e-14
8809.499999999996,2.106659493955473e-14
8809.999999999998,2.1067395104605462e-14
8810.499999999996,2.106320735140383e-14
8810.999999999998,2.1060822202186256e-14
8811.499999999996,2.1057798901162067e-14
8811.999999999996,2.1055471097868724e-14
8812.499999999996,2.1053615766440363e-14
8812.999999999996,2.105202121643696e-14
8813.499999999996,2.1047282519004432e-14
8813.999999999996,2.1046294937690165e-14
8814.499999999996,2.104101721151683e-14
8814.999999999996,2.1038631830648642e-14
8815.499999999996,2.1035563622331704e-14
8815.999999999996,2.1032960903311057e-14
8816.499999999996,2.102964557788961e-14
8816.999999999996,2.1027434230410052e-14
8817.499999999996,2.102389112374749e-14
8817.999999999996,2.1021503381931964e-14
8818.499999999996,2.1016992960165614e-14
8818.999999999996,2.101552068414869e-14
8819.499999999996,2.1011137453173848e-14
8819.999999999996,2.1008914008110683e-14
8820.499999999996,2.1007675498793572e-14
8820.999999999996,2.100650190049325e-14
8821.499999999996,2.1006641945639054e-14
8821.999999999996,2.100558711928446e-14
8822.499999999998,2.100603698051767e-14
8822.999999999996,2.1006817568546606e-14
8823.499999999998,2.1009058109691335e-14
8823.999999999996,2.100924343687213e-14
8824.499999999998,2.101204000097075e-14
8824.999999999996,2.1014968753271375e-14
8825.499999999998,2.1018703893453674e-14
8825.999999999996,2.1022159682180034e-14
8826.499999999996,2.1025959872302783e-14
8826.999999999996,2.103257555767651e-14
8827.499999999996,2.1038255401329025e-14
8827.999999999996,2.10454376726007e-14
8828.499999999996,2.1052434420517716e-14
8828.999999999996,2.1061754988629223e-14
8829.499999999996,2.107070239505589e-14
8829.999999999996,2.108010783208905e-14
8830.499999999996,2.109198689088008e-14
8830.999999999996,2.110158619082938e-14
8831.499999999996,2.1113188348185613e-14
8831.999999999996,2.1126201530366434e-14
8832.499999999996,2.114007156955313e-14
8832.999999999996,2.1154301196618846e-14
8833.499999999996,2.116921300541625e-14
8833.999999999996,2.1182890559122154e-14
8834.499999999996,2.1198958483172087e-14
8834.999999999996,2.1214348110450806e-14
8835.499999999996,2.1230692623840373e-14
8835.999999999996,2.124800762361693e-14
8836.499999999996,2.1267504912577862e-14
8836.999999999998,2.1286609191729297e-14
8837.499999999996,2.1305362671476265e-14
8837.999999999998,2.1325343889262367e-14
8838.499999999996,2.134533292357957e-14
8838.999999999998,2.1366072802214773e-14
8839.499999999996,2.138931122742812e-14
8839.999999999998,2.140937676124022e-14
8840.499999999996,2.143269167444035e-14
8840.999999999996,2.145547510443617e-14
8841.499999999996,2.14768921157004e-14
8841.999999999996,2.1501210178303602e-14
8842.499999999996,2.1523998305079487e-14
8842.999999999996,2.1548291072557112e-14
8843.499999999996,2.1573991540488713e-14
8843.999999999996,2.159796086375603e-14
8844.499999999996,2.162335930025303e-14
8844.999999999996,2.1647594633142743e-14
8845.499999999996,2.167141830637096e-14
8845.999999999996,2.169644293127564e-14
8846.499999999996,2.1721963025478804e-14
8846.999999999996,2.1746949588327792e-14
8847.499999999996,2.1769053168473393e-14
8847.999999999996,2.179458374956992e-14
8848.499999999996,2.1818670132010308e-14
8848.999999999996,2.1843992127862815e-14
8849.499999999996,2.186944909071407e-14
8849.999999999996,2.1894237719734664e-14
8850.499999999996,2.1918233216298152e-14
8850.999999999996,2.1942027946232945e-14
8851.499999999998,2.196550566696671e-14
8851.999999999996,2.198927222569102e-14
8852.499999999998,2.2013340665471565e-14
8852.999999999996,2.2036103920189353e-14
8853.499999999998,2.2057141402688605e-14
8853.999999999996,2.207650043990033e-14
8854.499999999996,2.2098853005782975e-14
8854.999999999996,2.2119491810774604e-14
8855.499999999996,2.213842600993425e-14
8855.999999999996,2.215783908664674e-14
8856.499999999996,2.2176087951253837e-14
8856.999999999996,2.2193745466990212e-14
8857.499999999996,2.221027947644183e-14
8857.999999999996,2.2225437028524912e-14
8858.499999999996,2.224191732039391e-14
8858.999999999996,2.2252523877405783e-14
8859.499999999996,2.2265854909187517e-14
8859.999999999996,2.2277055281444197e-14
8860.499999999996,2.228787192522445e-14
8860.999999999996,2.2296903670325895e-14
8861.499999999996,2.2303170592155423e-14
8861.999999999996,2.2306859614205705e-14
8862.499999999996,2.230974718752185e-14
8862.999999999996,2.231140230131142e-14
8863.499999999996,2.231412506737513e-14
8863.999999999996,2.2315251224712074e-14
8864.499999999996,2.231392795974295e-14
8864.999999999998,2.2312582983083535e-14
8865.499999999996,2.2310473715612263e-14
8865.999999999998,2.2306204701458885e-14
8866.499999999996,2.2299530182893766e-14
8866.999999999998,2.229325584301789e-14
8867.499999999996,2.2283493551503567e-14
8867.999999999998,2.2274368773783913e-14
8868.499999999996,2.2263591899653136e-14
8868.999999999996,2.2251788722797332e-14
8869.499999999996,2.2239350170431012e-14
8869.999999999996,2.2224824096638908e-14
8870.499999999996,2.2210506349421588e-14
8870.999999999996,2.2195052040171593e-14
8871.499999999996,2.2176247923369238e-14
8871.999999999996,2.2159457805635512e-14
8872.499999999996,2.2140697912023532e-14
8872.999999999996,2.212281804931963e-14
8873.499999999996,2.2103157043516832e-14
8873.999999999996,2.2082855249347638e-14
8874.499999999996,2.2061140081320278e-14
8874.999999999996,2.2039863418730012e-14
8875.499999999996,2.2018366140852454e-14
8875.999999999996,2.1996959629963947e-14
8876.499999999996,2.1974932604162098e-14
8876.999999999996,2.195343809489598e-14
8877.499999999996,2.1930292249216365e-14
8877.999999999996,2.1907490876427166e-14
8878.499999999996,2.1885516766063275e-14
8878.999999999996,2.1863469879868384e-14
8879.499999999998,2.1840946729160567e-14
8879.999999999996,2.1817932480997002e-14
8880.499999999998,2.179481957424964e-14
8880.999999999996,2.1773150142444297e-14
8881.499999999998,2.175091145116502e-14
8881.999999999996,2.172959726260871e-14
8882.499999999996,2.1710497545599627e-14
8882.999999999996,2.168874143828864e-14
8883.499999999996,2.1669985013163684e-14
8883.999999999996,2.1651674639535114e-14
8884.499999999996,2.1633204741932576e-14
8884.999999999996,2.1613995521226268e-14
8885.499999999996,2.159759824601951e-14
8885.999999999996,2.158023197809218e-14
8886.499999999996,2.156311253579237e-14
8886.999999999996,2.154605405329146e-14
8887.499999999996,2.153223070309929e-14
8887.999999999996,2.151525310154812e-14
8888.499999999996,2.150020267458836e-14
8888.999999999996,2.1486269398958345e-14
8889.499999999996,2.1473209837978044e-14
8889.999999999996,2.1459916034484035e-14
8890.499999999996,2.1448037951797613e-14
8890.999999999996,2.1435738063115356e-14
8891.499999999996,2.1424447550046878e-14
8891.999999999996,2.141561792649784e-14
8892.499999999996,2.14058126608269e-14
8892.999999999996,2.1397024282272584e-14
8893.499999999996,2.1387952724090844e-14
8893.999999999998,2.1378998446982432e-14
8894.499999999996,2.137113734871959e-14
8894.999999999998,2.136427356971753e-14
8895.499999999996,2.1357578612114913e-14
8895.999999999998,2.1350512698143612e-14
8896.499999999996,2.1343169506946224e-14
8896.999999999996,2.1338111021474415e-14
8897.499999999996,2.1334142794656147e-14
8897.999999999996,2.132833001105727e-14
8898.499999999996,2.13237447238806e-14
8898.999999999996,2.132014104024263e-14
8899.499999999996,2.131564243081479e-14
8899.999999999996,2.1313248181289837e-14
8900.499999999996,2.1311891920255004e-14
8900.999999999996,2.1309683916954665e-14
8901.499999999996,2.1307212349738636e-14
8901.999999999996,2.130537038495084e-14
8902.499999999996,2.1304246450883504e-14
8902.999999999996,2.1302860248563786e-14
8903.499999999996,2.1301728768130972e-14
8903.999999999996,2.1300990984515152e-14
8904.499999999996,2.130084064583542e-14
8904.999999999996,2.130027615045977e-14
8905.499999999996,2.1302564153791703e-14
8905.999999999996,2.130522922984584e-14
8906.499999999996,2.13076202421288e-14
8906.999999999996,2.131088810156461e-14
8907.499999999998,2.1313882689972184e-14
8907.999999999996,2.1316556959725936e-14
8908.499999999998,2.13198763533242e-14
8908.999999999996,2.1322595292876233e-14
8909.499999999998,2.1326184573514618e-14
8909.999999999996,2.1327983815910838e-14
8910.499999999998,2.13311253977509e-14
8910.999999999996,2.1333070008068806e-14
8911.499999999996,2.1336567401067218e-14
8911.999999999996,2.1340048291523255e-14
8912.499999999996,2.134245108979128e-14
8912.999999999996,2.1346565164170842e-14
8913.499999999996,2.1349118789912497e-14
8913.999999999996,2.135245196567611e-14
8914.499999999996,2.135548680495603e-14
8914.999999999996,2.1359806810670524e-14
8915.499999999996,2.1362214688910404e-14
8915.999999999996,2.136530538582116e-14
8916.499999999996,2.1369250643827213e-14
8916.999999999996,2.137413494247001e-14
8917.499999999996,2.1379847121904542e-14
8917.999999999996,2.138405117424654e-14
8918.499999999996,2.1390481047271413e-14
8918.999999999996,2.1397299825177833e-14
8919.499999999996,2.140265113036175e-14
8919.999999999996,2.140731990340036e-14
8920.499999999996,2.141396565924295e-14
8920.999999999996,2.1421926669931818e-14
8921.499999999996,2.1427658883309002e-14
8921.999999999998,2.143585684127072e-14
8922.499999999996,2.1441470125378216e-14
8922.999999999998,2.1449810988060422e-14
8923.499999999996,2.1456689127654545e-14
8923.999999999998,2.1465640417847112e-14
8924.499999999996,2.147449606636246e-14
8924.999999999996,2.148416539011092e-14
8925.499999999996,2.1493494629334932e-14
8925.999999999996,2.15016359320091e-14
8926.499999999996,2.1511963012150356e-14
8926.999999999996,2.1518612655765448e-14
8927.499999999996,2.1527638566932986e-14
8927.999999999996,2.1538247708812733e-14
8928.499999999996,2.1545913575875722e-14
8928.999999999996,2.1553825110898905e-14
8929.499999999996,2.1562225945983723e-14
8929.999999999996,2.1570584430942456e-14
8930.499999999996,2.1578727516375414e-14
8930.999999999996,2.1584268062104854e-14
8931.499999999996,2.1591135003546886e-14
8931.999999999996,2.1599480257877352e-14
8932.499999999996,2.1609884382744773e-14
8932.999999999996,2.161891244190542e-14
8933.499999999996,2.1627647234562526e-14
8933.999999999996,2.1638661637438273e-14
8934.499999999996,2.1647860235290697e-14
8934.999999999996,2.1659801266147843e-14
8935.499999999998,2.1669639369472553e-14
8935.999999999996,2.168038245701473e-14
8936.499999999998,2.1691536644912e-14
8936.999999999996,2.170361330792595e-14
8937.499999999998,2.1716454265957827e-14
8937.999999999996,2.173236398738235e-14
8938.499999999998,2.1748195427777296e-14
8938.999999999996,2.1764473463169333e-14
8939.499999999996,2.17824981687797e-14
8939.999999999996,2.1801441333107143e-14
8940.499999999996,2.1819628325111897e-14
8940.999999999996,2.1839783349671504e-14
8941.499999999996,2.1860010733802493e-14
8941.999999999996,2.1881595370066503e-14
8942.499999999996,2.189961334316399e-14
8942.999999999996,2.1921437975019996e-14
8943.499999999996,2.1942097502303035e-14
8943.999999999996,2.196431829834847e-14
8944.499999999996,2.1988248389281134e-14
8944.999999999996,2.2011874746353542e-14
8945.499999999996,2.2033722304490752e-14
8945.999999999996,2.2055315547508454e-14
8946.499999999996,2.207717184010813e-14
8946.999999999996,2.2101220263491637e-14
8947.499999999996,2.212634200055718e-14
8947.999999999996,2.2153063958742095e-14
8948.499999999996,2.2179100574731496e-14
8948.999999999996,2.2204620859058902e-14
8949.499999999996,2.2235125026658626e-14
8949.999999999998,2.2259278159567854e-14
8950.499999999996,2.2286026969987722e-14
8950.999999999998,2.2314249772150512e-14
8951.499999999996,2.234084367286101e-14
8951.999999999998,2.2367341348215727e-14
8952.499999999996,2.2388502665533154e-14
8952.999999999996,2.2413825897077922e-14
8953.499999999996,2.244012804659815e-14
8953.999999999996,2.2467107466472823e-14
8954.499999999996,2.2492077345980896e-14
8954.999999999996,2.251854270156041e-14
8955.499999999996,2.25440673729694e-14
8955.999999999996,2.2565959504977823e-14
8956.499999999996,2.2587776473137653e-14
8956.999999999996,2.261148474026114e-14
8957.499999999996,2.2635899938747603e-14
8957.999999999996,2.2659074632174633e-14
8958.499999999996,2.268210265408845e-14
8958.999999999996,2.2700528376695673e-14
8959.499999999996,2.2719914820641006e-14
8959.999999999996,2.2738678363192846e-14
8960.499999999996,2.2755557475200202e-14
8960.999999999996,2.2772625190265413e-14
8961.499999999996,2.2789065428297928e-14
8961.999999999996,2.280588317074585e-14
8962.499999999996,2.2820516467130803e-14
8962.999999999996,2.2833186888351894e-14
8963.499999999996,2.284567197079006e-14
8963.999999999996,2.285832711207931e-14
8964.499999999998,2.2869181759498405e-14
8964.999999999996,2.2877764863993638e-14
8965.499999999998,2.2886455807734672e-14
8965.999999999996,2.28927717726753e-14
8966.499999999998,2.2899220859794224e-14
8966.999999999996,2.29078415529548e-14
8967.499999999996,2.2911789022039082e-14
8967.999999999996,2.2919567058549472e-14
8968.499999999996,2.2925532615538067e-14
8968.999999999996,2.2932811760706045e-14
8969.499999999996,2.2937198673540902e-14
8969.999999999996,2.294121879691592e-14
8970.499999999996,2.2943707447377323e-14
8970.999999999996,2.2948293863109886e-14
8971.499999999996,2.2952940954593542e-14
8971.999999999996,2.2956006068395696e-14
8972.499999999996,2.295918335480041e-14
8972.999999999996,2.2962470021328294e-14
8973.499999999996,2.2963987856917487e-14
8973.999999999996,2.2965458282827728e-14
8974.499999999996,2.296770671593843e-14
8974.999999999996,2.2969534195767232e-14
8975.499999999996,2.2969697757601203e-14
8975.999999999996,2.2970656165087882e-14
8976.499999999996,2.2972878498729304e-14
8976.999999999996,2.2973747964083964e-14
8977.499999999996,2.2975856760810048e-14
8977.999999999998,2.297258121550937e-14
8978.499999999996,2.2977236380756463e-14
8978.999999999998,2.298174833788259e-14
8979.499999999996,2.2987881729786398e-14
8979.999999999998,2.2988319041433926e-14
8980.499999999996,2.2992672938383517e-14
8980.999999999998,2.2997380243674096e-14
8981.499999999996,2.3002635599766057e-14
8981.999999999996,2.3007218606590435e-14
8982.499999999996,2.301222566196878e-14
8982.999999999996,2.301758579449193e-14
8983.499999999996,2.3023764138872573e-14
8983.999999999996,2.3031108321603555e-14
8984.499999999996,2.3039644457044558e-14
8984.999999999996,2.30483491499706e-14
8985.499999999996,2.3059337889586788e-14
8985.999999999996,2.3069291844278382e-14
8986.499999999996,2.307734426680183e-14
8986.999999999996,2.3087331213397395e-14
8987.499999999996,2.3097775866999235e-14
8987.999999999996,2.3110329864127077e-14
8988.499999999996,2.3121533909890257e-14
8988.999999999996,2.3135548074430014e-14
8989.499999999996,2.3148093159661573e-14
8989.999999999996,2.316091165726577e-14
8990.499999999996,2.3173298603494203e-14
8990.999999999996,2.318900037200928e-14
8991.499999999996,2.3204933617669897e-14
8991.999999999996,2.3221694172394203e-14
8992.499999999998,2.3237469659936375e-14
8992.999999999996,2.325359575199938e-14
8993.499999999998,2.3270570800203867e-14
8993.999999999996,2.3288653651820207e-14
8994.499999999998,2.330846608651328e-14
8994.999999999996,2.3327911318974595e-14
8995.499999999996,2.3347523974739156e-14
8995.999999999996,2.337004197074568e-14
8996.499999999996,2.3394313330366852e-14
8996.999999999996,2.3421358545812912e-14
8997.499999999996,2.3448372546767505e-14
8997.999999999996,2.3475554641746478e-14
8998.499999999996,2.350092281457277e-14
8998.999999999996,2.3530941498747153e-14
8999.499999999996,2.355981149161952e-14
8999.999999999996,2.3591103195900783e-14
9000.499999999996,2.362269077703799e-14
9000.999999999996,2.3654604460908638e-14
9001.499999999996,2.3688285711774393e-14
9001.999999999996,2.372258665260154e-14
9002.499999999996,2.3755258146739948e-14
9002.999999999996,2.3786573010208987e-14
9003.499999999996,2.3820389707793983e-14
9003.999999999996,2.385295103276725e-14
9004.499999999996,2.3887366412438532e-14
9004.999999999996,2.3920805716996536e-14
9005.499999999996,2.3952878719498175e-14
9005.999999999996,2.398557137258576e-14
9006.499999999996,2.401710314494485e-14
9006.999999999998,2.404791728521993e-14
9007.499999999996,2.4077498551158058e-14
9007.999999999998,2.4106134242327783e-14
9008.499999999996,2.4132102090849258e-14
9008.999999999998,2.4156564384616848e-14
9009.499999999996,2.4180961507766555e-14
9009.999999999996,2.420523195686956e-14
9010.499999999996,2.422453697838007e-14
9010.999999999996,2.424342151621885e-14
9011.499999999996,2.4260559230133186e-14
9011.999999999996,2.427621701623986e-14
9012.499999999996,2.4291931553827264e-14
9012.999999999996,2.4304678104620325e-14
9013.499999999996,2.4316555878998837e-14
9013.999999999996,2.4328659783057013e-14
9014.499999999996,2.433884696757383e-14
9014.999999999996,2.4345828936165737e-14
9015.499999999996,2.4350892673369657e-14
9015.999999999996,2.4356448723366144e-14
9016.499999999996,2.43573822066369e-14
9016.999999999996,2.435477469836835e-14
9017.499999999996,2.4352334627982497e-14
9017.999999999996,2.4349679140365072e-14
9018.499999999996,2.434392839575865e-14
9018.999999999996,2.43377907629678e-14
9019.499999999996,2.4329417963491447e-14
9019.999999999996,2.431933457640348e-14
9020.499999999998,2.4309052308322047e-14
9020.999999999996,2.4294403150122555e-14
9021.499999999998,2.4279479692817242e-14
9021.999999999996,2.426327097359414e-14
9022.499999999998,2.4243470676262253e-14
9022.999999999996,2.4225114268953187e-14
9023.499999999996,2.4204978100052346e-14
9023.999999999996,2.4186477702842792e-14
9024.499999999996,2.4166142914263697e-14
9024.999999999996,2.4141924498307183e-14
9025.499999999996,2.4117093561353327e-14
9025.999999999996,2.4091991488340414e-14
9026.499999999996,2.4064855806437768e-14
9026.999999999996,2.403679862510855e-14
9027.499999999996,2.4006683480348898e-14
9027.999999999996,2.3977426320997882e-14
9028.499999999996,2.3950470208738817e-14
9028.999999999996,2.3920530378562733e-14
9029.499999999996,2.3892544703431724e-14
9029.999999999996,2.3862763331961406e-14
9030.499999999996,2.383115107465304e-14
9030.999999999996,2.380459721320836e-14
9031.499999999996,2.3773575810806507e-14
9031.999999999996,2.3746640820199855e-14
9032.499999999996,2.3721407336770392e-14
9032.999999999996,2.3693996900100432e-14
9033.499999999996,2.3670200142698917e-14
9033.999999999996,2.3644756390613344e-14
9034.499999999996,2.3620519919069815e-14
9034.999999999998,2.3598638281610593e-14
9035.499999999996,2.3574093537331958e-14
9035.999999999998,2.355613704679278e-14
9036.499999999996,2.3538156440937697e-14
9036.999999999998,2.351756057185828e-14
9037.499999999996,2.350122170234238e-14
9037.999999999996,2.3482085951079082e-14
9038.499999999996,2.346857576879059e-14
9038.999999999996,2.345607395328705e-14
9039.499999999996,2.3443570622372862e-14
9039.999999999996,2.3435867137448737e-14
9040.499999999996,2.342661098310186e-14
9040.999999999996,2.3420222552945763e-14
9041.499999999996,2.341386838194879e-14
9041.999999999996,2.3407562874065492e-14
9042.499999999996,2.3404133742230943e-14
9042.999999999996,2.3401878726166686e-14
9043.499999999996,2.3401339160727843e-14
9043.999999999996,2.3402802711942487e-14
9044.499999999996,2.3404494550708842e-14
9044.999999999996,2.340857994729054e-14
9045.499999999996,2.3411513852381393e-14
9045.999999999996,2.341838892540059e-14
9046.499999999996,2.3426656344900262e-14
9046.999999999996,2.3434126928544392e-14
9047.499999999996,2.3443889246175916e-14
9047.999999999996,2.34549785721265e-14
9048.499999999998,2.3467376529369032e-14
9048.999999999996,2.3478613788402304e-14
9049.499999999998,2.3494044074350223e-14
9049.999999999996,2.3506224003974077e-14
9050.499999999998,2.352151191166397e-14
9050.999999999996,2.3537429075569346e-14
9051.499999999998,2.3553337325924923e-14
9051.999999999996,2.3572767653105647e-14
9052.499999999996,2.359288597225101e-14
9052.999999999996,2.36126007115846e-14
9053.499999999996,2.3633249128068202e-14
9053.999999999996,2.3653608347271265e-14
9054.499999999996,2.367602495441966e-14
9054.999999999996,2.3695876970621167e-14
9055.499999999996,2.3719141733575222e-14
9055.999999999996,2.3744781171840568e-14
9056.499999999996,2.3768312311958128e-14
9056.999999999996,2.379436710407431e-14
9057.499999999996,2.382059886145215e-14
9057.999999999996,2.384403741528404e-14
9058.499999999996,2.3869446153383876e-14
9058.999999999996,2.389271963247634e-14
9059.499999999996,2.3920821836900267e-14
9059.999999999996,2.39474103658061e-14
9060.499999999996,2.3973487786521937e-14
9060.999999999996,2.4000725724497757e-14
9061.499999999996,2.4028606724281982e-14
9061.999999999996,2.4059140827707702e-14
9062.499999999996,2.4084454101494967e-14
9062.999999999998,2.4109441572529084e-14
9063.499999999996,2.4133907376181977e-14
9063.999999999998,2.415733636643708e-14
9064.499999999996,2.4183545303414083e-14
9064.999999999998,2.420600927724237e-14
9065.499999999996,2.4233454096290127e-14
9065.999999999996,2.425803294422137e-14
9066.499999999996,2.4282573070199557e-14
9066.999999999996,2.430323604757203e-14
9067.499999999996,2.4322980850329677e-14
9067.999999999996,2.4349286964179222e-14
9068.499999999996,2.4371935363211307e-14
9068.999999999996,2.4396849572531833e-14
9069.499999999996,2.4418871966405907e-14
9069.999999999996,2.444011697343865e-14
9070.499999999996,2.44614380300879e-14
9070.999999999996,2.4479313780133356e-14
9071.499999999996,2.4497989650094282e-14
9071.999999999996,2.4515799705863844e-14
9072.499999999996,2.453468633295655e-14
9072.999999999996,2.455110883703665e-14
9073.499999999996,2.4564958228820136e-14
9073.999999999996,2.4581337353797862e-14
9074.499999999996,2.4596054486265068e-14
9074.999999999996,2.461195439788106e-14
9075.499999999996,2.462483154091502e-14
9075.999999999996,2.4640428520624454e-14
9076.499999999996,2.4652398412618008e-14
9076.999999999996,2.466753187790486e-14
9077.499999999998,2.4681041183076426e-14
9077.999999999996,2.4692329599344908e-14
9078.499999999998,2.4703801182821196e-14
9078.999999999996,2.471881633841991e-14
9079.499999999998,2.4733588047142173e-14
9079.999999999996,2.4744378979980516e-14
9080.499999999996,2.4755666396780956e-14
9080.999999999996,2.476732565079979e-14
9081.499999999996,2.478167480290568e-14
9081.999999999996,2.4797065417228653e-14
9082.499999999996,2.48104757486871e-14
9082.999999999996,2.482464319644167e-14
9083.499999999996,2.4836724428870376e-14
9083.999999999996,2.4849803082758773e-14
9084.499999999996,2.4864643555953435e-14
9084.999999999996,2.487924108348794e-14
9085.499999999996,2.4892005819931792e-14
9085.999999999996,2.4901959482644786e-14
9086.499999999996,2.4915102441295986e-14
9086.999999999996,2.492797474006683e-14
9087.499999999996,2.4943710816884185e-14
9087.999999999996,2.49571757429715e-14
9088.499999999996,2.4967972661644054e-14
9088.999999999996,2.497868333160975e-14
9089.499999999996,2.4986651197510008e-14
9089.999999999996,2.4998970833366743e-14
9090.499999999996,2.501269246858144e-14
9090.999999999998,2.5020638359585948e-14
9091.499999999996,2.503113500796251e-14
9091.999999999998,2.504195511332517e-14
9092.499999999996,2.505181020586063e-14
9092.999999999998,2.506029811986328e-14
9093.499999999996,2.5069290056715558e-14
9093.999999999996,2.5077462876853415e-14
9094.499999999996,2.50851973123844e-14
9094.999999999996,2.5093195996070178e-14
9095.499999999996,2.509787380958619e-14
9095.999999999996,2.5101828840913924e-14
9096.499999999996,2.5106684398060756e-14
9096.999999999996,2.5109599825197116e-14
9097.499999999996,2.511305371831691e-14
9097.999999999996,2.511381516338473e-14
9098.499999999996,2.5113210251264157e-14
9098.999999999996,2.511404767514655e-14
9099.499999999996,2.5114256376932956e-14
9099.999999999996,2.5111417520784194e-14
9100.499999999996,2.510823966870709e-14
9100.999999999996,2.5102607881228912e-14
9101.499999999996,2.5097544713608174e-14
9101.999999999996,2.5091592847940633e-14
9102.499999999996,2.5083243039348084e-14
9102.999999999996,2.507424052976638e-14
9103.499999999996,2.506325194902939e-14
9103.999999999996,2.5051046072603466e-14
9104.499999999996,2.5037649597345553e-14
9104.999999999996,2.5021190793635193e-14
9105.499999999998,2.5007387587376054e-14
9105.999999999996,2.4991653270398608e-14
9106.499999999998,2.497300423252996e-14
9106.999999999996,2.495503596746184e-14
9107.499999999998,2.4930960036049497e-14
9107.999999999996,2.4910501550333228e-14
9108.499999999996,2.4888220983869798e-14
9108.999999999996,2.4867601947702225e-14
9109.499999999996,2.4847351891764787e-14
9109.999999999996,2.4826751203072062e-14
9110.499999999996,2.480460347811185e-14
9110.999999999996,2.4779837261025087e-14
9111.499999999996,2.47556155329691e-14
9111.999999999996,2.4734141448386858e-14
9112.499999999996,2.4713020382280485e-14
9112.999999999996,2.469345809188924e-14
9113.499999999996,2.4673984157311934e-14
9113.999999999996,2.4652213810586504e-14
9114.499999999996,2.4631854776709606e-14
9114.999999999996,2.461099319012445e-14
9115.499999999996,2.4593414886393468e-14
9115.999999999996,2.4574126202876242e-14
9116.499999999996,2.4557455232118436e-14
9116.999999999996,2.454002498885511e-14
9117.499999999996,2.4523780396136033e-14
9117.999999999996,2.4506925642445152e-14
9118.499999999996,2.4489676925529104e-14
9118.999999999996,2.4473496351240855e-14
9119.499999999996,2.4457943735418257e-14
9119.999999999998,2.444370017447855e-14
9120.499999999996,2.4432644870854496e-14
9120.999999999998,2.4420374365094997e-14
9121.499999999996,2.4405982666423254e-14
9121.999999999998,2.4393595621159405e-14
9122.499999999996,2.4383876583606936e-14
9122.999999999996,2.4374901887097078e-14
9123.499999999996,2.4366664977883785e-14
9123.999999999996,2.435794045498494e-14
9124.499999999996,2.435143444514185e-14
9124.999999999996,2.4345357456483386e-14
9125.499999999996,2.433929799806568e-14
9125.999999999996,2.4333632577941907e-14
9126.499999999996,2.4327856468847144e-14
9126.999999999996,2.4322772044334785e-14
9127.499999999996,2.4317767228670877e-14
9127.999999999996,2.431397042610673e-14
9128.499999999996,2.4313267672763767e-14
9128.999999999996,2.4312678544471854e-14
9129.499999999996,2.4310342964110383e-14
9129.999999999996,2.4307088574117294e-14
9130.499999999996,2.4304305517205983e-14
9130.999999999996,2.4301705557793433e-14
9131.499999999996,2.4297741557265907e-14
9131.999999999996,2.4295065316604843e-14
9132.499999999996,2.429011823332665e-14
9132.999999999996,2.4284615616370707e-14
9133.499999999998,2.4282426642295668e-14
9133.999999999996,2.4278198198076948e-14
9134.499999999998,2.4274653038121355e-14
9134.999999999996,2.4270953856020458e-14
9135.499999999998,2.426730744774694e-14
9135.999999999996,2.4265468123541268e-14
9136.499999999996,2.4261730968665608e-14
9136.999999999996,2.4258256681550838e-14
9137.499999999996,2.4254754513423658e-14
9137.999999999996,2.425284120628557e-14
9138.499999999996,2.424872757538725e-14
9138.999999999996,2.424454407842015e-14
9139.499999999996,2.424224790837597e-14
9139.999999999996,2.4241560275397722e-14
9140.499999999996,2.4239503401655886e-14
9140.999999999996,2.4240444642914896e-14
9141.499999999996,2.4241416042357814e-14
9141.999999999996,2.4243225705090153e-14
9142.499999999996,2.4244005312457642e-14
9142.999999999996,2.4244605123373176e-14
9143.499999999996,2.4246838653754032e-14
9143.999999999996,2.4249796711761878e-14
9144.499999999996,2.4254122401135354e-14
9144.999999999996,2.4258858595334562e-14
9145.499999999996,2.4263143505368386e-14
9145.999999999996,2.4267938922707124e-14
9146.499999999996,2.427516701685976e-14
9146.999999999996,2.4279992380575856e-14
9147.499999999996,2.428645632230506e-14
9147.999999999998,2.4294074657196544e-14
9148.499999999996,2.4302803588033975e-14
9148.999999999998,2.431094910726648e-14
9149.499999999996,2.432009127061621e-14
9149.999999999998,2.432809043740839e-14
9150.499999999996,2.433566133279308e-14
9150.999999999996,2.4345193442755598e-14
9151.499999999996,2.4352678802110694e-14
9151.999999999996,2.4361028945884382e-14
9152.499999999996,2.4367857053189542e-14
9152.999999999996,2.437543121362968e-14
9153.499999999996,2.4383033876523508e-14
9153.999999999996,2.439033594354132e-14
9154.499999999996,2.439692089169545e-14
9154.999999999996,2.4402376421237363e-14
9155.499999999996,2.4407744668729332e-14
9155.999999999996,2.4412700818195247e-14
9156.499999999996,2.4417257216124096e-14
9156.999999999996,2.4421381661012382e-14
9157.499999999996,2.4426683778423172e-14
9157.999999999996,2.4431943000695394e-14
9158.499999999996,2.4438717313679948e-14
9158.999999999996,2.4443195994527214e-14
9159.499999999996,2.444686630021176e-14
9159.999999999996,2.4451326158479698e-14
9160.499999999996,2.445773688968946e-14
9160.999999999996,2.4463739422145827e-14
9161.499999999998,2.44690753342827e-14
9161.999999999996,2.4474093200656446e-14
9162.499999999998,2.4478642769900013e-14
9162.999999999996,2.4482845196758178e-14
9163.499999999998,2.4487896881393483e-14
9163.999999999996,2.4494988244204707e-14
9164.499999999996,2.4501139918087034e-14
9164.999999999996,2.450663792960507e-14
9165.499999999996,2.451179292746254e-14
9165.999999999996,2.4518155798404806e-14
9166.499999999996,2.4527722287236935e-14
9166.999999999996,2.4532806776137355e-14
9167.499999999996,2.4538701327177138e-14
9167.999999999996,2.4545396081792654e-14
9168.499999999996,2.45531408271812e-14
9168.999999999996,2.4561281707319677e-14
9169.499999999996,2.456802968622448e-14
9169.999999999996,2.4578104612043102e-14
9170.499999999996,2.458520448277013e-14
9170.999999999996,2.4591936195544363e-14
9171.499999999996,2.4596283870187505e-14
9171.999999999996,2.4603209008047622e-14
9172.499999999996,2.4609756906093532e-14
9172.999999999996,2.4615365272402754e-14
9173.499999999996,2.4618583714537974e-14
9173.999999999996,2.4622793573287906e-14
9174.499999999996,2.4623244698938578e-14
9174.999999999996,2.4626806468886457e-14
9175.499999999996,2.462668562001495e-14
9175.999999999998,2.462505124720776e-14
9176.499999999996,2.462768814586945e-14
9176.999999999998,2.4629621628888083e-14
9177.499999999996,2.4629280195877837e-14
9177.999999999998,2.462658308369204e-14
9178.499999999996,2.462713216262715e-14
9178.999999999996,2.4626249028151295e-14
9179.499999999996,2.4624802125156427e-14
9179.999999999996,2.462241793792776e-14
9180.499999999996,2.4620357571115787e-14
9180.999999999996,2.4617696475863666e-14
9181.499999999996,2.4616956995339866e-14
9181.999999999996,2.4612888282811834e-14
9182.499999999996,2.4609477662808084e-14
9182.999999999996,2.4607625222443667e-14
9183.499999999996,2.4604431935595516e-14
9183.999999999996,2.4601909691713976e-14
9184.499999999996,2.459946201063563e-14
9184.999999999996,2.4597184491274548e-14
9185.499999999996,2.4595436010108623e-14
9185.999999999996,2.459591732194158e-14
9186.499999999996,2.459459900232376e-14
9186.999999999996,2.4592385987536296e-14
9187.499999999996,2.45909630764515e-14
9187.999999999996,2.4591575138091745e-14
9188.499999999996,2.4591604432772022e-14
9188.999999999996,2.459244447507362e-14
9189.499999999996,2.4591665970506964e-14
9189.999999999996,2.4593454806889427e-14
9190.499999999998,2.459599803641635e-14
9190.999999999996,2.4602239623523884e-14
9191.499999999998,2.4607301221857173e-14
9191.999999999996,2.4615171297723936e-14
9192.499999999998,2.4622465612637493e-14
9192.999999999996,2.463114830850731e-14
9193.499999999996,2.464009336199361e-14
9193.999999999996,2.4648923330510517e-14
9194.499999999996,2.4660408421856813e-14
9194.999999999996,2.4670868035126164e-14
9195.499999999996,2.4682736607960428e-14
9195.999999999996,2.4694931279488337e-14
9196.499999999996,2.4708485793526226e-14
9196.999999999996,2.472368752926684e-14
9197.499999999996,2.4736803987398122e-14
9197.999999999996,2.475365375751402e-14
9198.499999999996,2.4771551242537368e-14
9198.999999999996,2.47896386600404e-14
9199.499999999996,2.4811487013889308e-14
9199.999999999996,2.4831598025569203e-14
9200.499999999996,2.48557365933283e-14
9200.999999999996,2.4879445998930815e-14
9201.499999999996,2.4905751016630866e-14
9201.999999999996,2.4935252700836182e-14
9202.499999999996,2.4964406139610265e-14
9202.999999999996,2.4996148860544383e-14
9203.499999999996,2.502764014171509e-14
9203.999999999998,2.5060537713297507e-14
9204.499999999996,2.5096871679251806e-14
9204.999999999998,2.5132532356708157e-14
9205.499999999996,2.517035931248081e-14
9205.999999999998,2.5205141334229036e-14
9206.499999999996,2.5245625595005802e-14
9206.999999999996,2.528739012483732e-14
9207.499999999996,2.5330122650892356e-14
9207.999999999996,2.537338465598466e-14
9208.499999999996,2.5420785253610165e-14
9208.999999999996,2.5465695165654605e-14
9209.499999999996,2.550803352268397e-14
9209.999999999996,2.555121553995832e-14
9210.499999999996,2.5598737406506793e-14
9210.999999999996,2.5643573954977315e-14
9211.499999999996,2.5687939499887355e-14
9211.999999999996,2.573324659728196e-14
9212.499999999996,2.577858451202811e-14
9212.999999999996,2.582243719513559e-14
9213.499999999996,2.5865147906560695e-14
9213.999999999996,2.5906856594497138e-14
9214.499999999996,2.594996737421473e-14
9214.999999999996,2.5993402903330253e-14
9215.499999999996,2.6037671090136208e-14
9215.999999999996,2.6081590706984885e-14
9216.499999999996,2.6121888876792925e-14
9216.999999999996,2.6166128559986287e-14
9217.499999999996,2.620620736981302e-14
9217.999999999996,2.624436177989612e-14
9218.499999999998,2.6283025749485173e-14
9218.999999999996,2.6321060742770694e-14
9219.499999999998,2.63596141816937e-14
9219.999999999996,2.6392087990090006e-14
9220.499999999998,2.6423602857919992e-14
9220.999999999996,2.6458624647701005e-14
9221.499999999996,2.6492447092275544e-14
9221.999999999996,2.6525517409543047e-14
9222.499999999996,2.655595285825865e-14
9222.999999999996,2.658361529804657e-14
9223.499999999996,2.6612147760108744e-14
9223.999999999996,2.6639717144959128e-14
9224.499999999996,2.6667469641497854e-14
9224.999999999996,2.6692446579799755e-14
9225.499999999996,2.671806737927501e-14
9225.999999999996,2.6741632658811023e-14
9226.499999999996,2.6764862316816523e-14
9226.999999999996,2.678753830496107e-14
9227.499999999996,2.680555993088061e-14
9227.999999999996,2.6825909780456137e-14
9228.499999999996,2.684480218405375e-14
9228.999999999996,2.6859817821512142e-14
9229.499999999996,2.687398284848892e-14
9229.999999999996,2.6889056807393992e-14
9230.499999999996,2.6902239867589762e-14
9230.999999999996,2.6913415677543685e-14
9231.499999999996,2.692493951874198e-14
9231.999999999996,2.69324554792254e-14
9232.499999999996,2.693989211193568e-14
9232.999999999998,2.6945457783406922e-14
9233.499999999996,2.6949830511376652e-14
9233.999999999998,2.6953661569245518e-14
9234.499999999996,2.6953883138345294e-14
9234.999999999996,2.6955411003169535e-14
9235.499999999996,2.695667423033995e-14
9235.999999999996,2.6957800801064073e-14
9236.499999999996,2.6957323511130867e-14
9236.999999999996,2.6956463613551127e-14
9237.499999999996,2.6954521573331448e-14
9237.999999999996,2.6949463522096467e-14
9238.499999999996,2.6944141659626218e-14
9238.999999999996,2.69393132405184e-14
9239.499999999996,2.693331262798296e-14
9239.999999999996,2.6927391499315125e-14
9240.499999999996,2.692126695167143e-14
9240.999999999996,2.6914820760797083e-14
9241.499999999996,2.6906790488906757e-14
9241.999999999996,2.6897836152516262e-14
9242.499999999996,2.688936755976291e-14
9242.999999999996,2.6880366698978234e-14
9243.499999999996,2.6872796432803634e-14
9243.999999999996,2.686402150336147e-14
9244.499999999996,2.6854274039287025e-14
9244.999999999996,2.684490088098172e-14
9245.499999999996,2.683532672459353e-14
9245.999999999996,2.6828441928904918e-14
9246.499999999998,2.6820292243606597e-14
9246.999999999996,2.6812656717892614e-14
9247.499999999998,2.680619137413413e-14
9247.999999999996,2.680082834843474e-14
9248.499999999998,2.679460674427273e-14
9248.999999999996,2.678845647525021e-14
9249.499999999996,2.678540644028138e-14
9249.999999999996,2.6782995061261945e-14
9250.499999999996,2.678306517339957e-14
9250.999999999996,2.6782827881118642e-14
9251.499999999996,2.6783396529250162e-14
9251.999999999996,2.6784225475276945e-14
9252.499999999996,2.6785220191116966e-14
9252.999999999996,2.6787637725603586e-14
9253.499999999996,2.6789329701574496e-14
9253.999999999996,2.679088268612714e-14
9254.499999999996,2.6798945477466384e-14
9254.999999999996,2.6804161134775818e-14
9255.499999999996,2.680926808150149e-14
9255.999999999996,2.682297188480302e-14
9256.499999999996,2.6831950431557617e-14
9256.999999999996,2.6845741607357318e-14
9257.499999999996,2.686022615843442e-14
9257.999999999996,2.6877179488774602e-14
9258.499999999996,2.6893773608408577e-14
9258.999999999996,2.690911716346603e-14
9259.499999999996,2.692755503341972e-14
9259.999999999996,2.695286544020618e-14
9260.499999999996,2.6969779454637582e-14
9260.999999999998,2.6989167132470855e-14
9261.499999999996,2.7012363748301076e-14
9261.999999999998,2.7036532061273998e-14
9262.499999999996,2.7061588456077173e-14
9262.999999999998,2.7092006449003793e-14
9263.499999999996,2.712250715989645e-14
9263.999999999996,2.7153307216105376e-14
9264.499999999996,2.7187502948856778e-14
9264.999999999996,2.7219545842383082e-14
9265.499999999996,2.72586234212981e-14
9265.999999999996,2.7295795093477696e-14
9266.499999999996,2.73431910625749e-14
9266.999999999996,2.7395813433620288e-14
9267.499999999996,2.7441728474207223e-14
9267.999999999996,2.749132896333005e-14
9268.499999999996,2.754126695284154e-14
9268.999999999996,2.759229962826677e-14
9269.499999999996,2.7645080564456663e-14
9269.999999999996,2.7709157354653725e-14
9270.499999999996,2.7772322518144062e-14
9270.999999999996,2.7828466704437413e-14
9271.499999999996,2.7892208250629356e-14
9271.999999999996,2.7953157006071493e-14
9272.499999999996,2.8019404092217717e-14
9272.999999999996,2.8092522886787135e-14
9273.499999999996,2.8164071919044174e-14
9273.999999999996,2.8232673974193777e-14
9274.499999999996,2.8305260230097264e-14
9274.999999999996,2.838021782497807e-14
9275.499999999998,2.845448231784695e-14
9275.999999999996,2.8531219216787e-14
9276.499999999998,2.860947097152249e-14
9276.999999999996,2.8690693012873614e-14
9277.499999999996,2.877406808102052e-14
9277.999999999996,2.885664259920516e-14
9278.499999999996,2.8938652349311286e-14
9278.999999999996,2.9018798442604075e-14
9279.499999999996,2.9097851267620115e-14
9279.999999999996,2.917923773336435e-14
9280.499999999996,2.9261454747691633e-14
9280.999999999996,2.934204902797301e-14
9281.499999999996,2.9424281849863054e-14
9281.999999999996,2.950151381880489e-14
9282.499999999996,2.958516761303653e-14
9282.999999999996,2.966525686108888e-14
9283.499999999996,2.973609670850236e-14
9283.999999999996,2.9811221620709475e-14
9284.499999999996,2.9884604684885894e-14
9284.999999999996,2.995479430457503e-14
9285.499999999996,3.002540635526826e-14
9285.999999999996,3.009401615202447e-14
9286.499999999996,3.016038907067002e-14
9286.999999999996,3.023018253171246e-14
9287.499999999996,3.0291911073460185e-14
9287.999999999996,3.035524769030953e-14
9288.499999999996,3.0413836185433226e-14
9288.999999999998,3.0470251783252856e-14
9289.499999999996,3.05306476560585e-14
9289.999999999998,3.0586268475832185e-14
9290.499999999996,3.064475522235776e-14
9290.999999999998,3.070387262903173e-14
9291.499999999996,3.075028628200708e-14
9291.999999999996,3.079885655928677e-14
9292.499999999996,3.084693964769792e-14
9292.999999999996,3.089414483461143e-14
9293.499999999996,3.093569222564789e-14
9293.999999999996,3.098060049447419e-14
9294.499999999996,3.102095436522769e-14
9294.999999999996,3.106010806546644e-14
9295.499999999996,3.1098908311858913e-14
9295.999999999996,3.1133156478691856e-14
9296.499999999996,3.1166987212465865e-14
9296.999999999996,3.120665053093449e-14
9297.499999999996,3.124516700293796e-14
9297.999999999996,3.12794661164477e-14
9298.499999999996,3.1311895833231915e-14
9298.999999999996,3.1342873325063385e-14
9299.499999999996,3.137520609662003e-14
9299.999999999996,3.140775755739226e-14
9300.499999999996,3.143765455096968e-14
9300.999999999996,3.1466467862037886e-14
9301.499999999996,3.149108765052469e-14
9301.999999999996,3.1523192613293815e-14
9302.499999999996,3.154716017131828e-14
9302.999999999996,3.1576937519969435e-14
9303.499999999998,3.160437228727744e-14
9303.999999999996,3.1634473023170646e-14
9304.499999999998,3.165923931367049e-14
9304.999999999996,3.168306902030115e-14
9305.499999999996,3.1704535263780765e-14
9305.999999999996,3.172535120746295e-14
9306.499999999996,3.1746143804050804e-14
9306.999999999996,3.1770693085937896e-14
9307.499999999996,3.179152051719863e-14
9307.999999999996,3.18112737022698e-14
9308.499999999996,3.1827317191997314e-14
9308.999999999996,3.184739037233504e-14
9309.499999999996,3.186829908074555e-14
9309.999999999996,3.18899251930449e-14
9310.499999999996,3.191219657605995e-14
9310.999999999996,3.1933121107655534e-14
9311.499999999996,3.1953822062573815e-14
9311.999999999996,3.1972458433500456e-14
9312.499999999996,3.199124229020542e-14
9312.999999999996,3.2014187242447606e-14
9313.499999999996,3.2034865801109086e-14
9313.999999999996,3.205413075899877e-14
9314.499999999996,3.2073172819882733e-14
9314.999999999996,3.2089597402816216e-14
9315.499999999996,3.2112929506753635e-14
9315.999999999996,3.213603054789358e-14
9316.499999999996,3.215480836921785e-14
9316.999999999998,3.2173646319769776e-14
9317.499999999996,3.2192550906365847e-14
9317.999999999998,3.22125596276466e-14
9318.499999999996,3.223503883684648e-14
9318.999999999998,3.225609208620044e-14
9319.499999999996,3.2272641043011545e-14
9319.999999999996,3.22905931828837e-14
9320.499999999996,3.2312955478425315e-14
9320.999999999996,3.23304495743652e-14
9321.499999999996,3.234880061268331e-14
9321.999999999996,3.236946197672662e-14
9322.499999999996,3.239165252736375e-14
9322.999999999996,3.24104287081109e-14
9323.499999999996,3.243285527898218e-14
9323.999999999996,3.245447020260754e-14
9324.499999999996,3.247182532271328e-14
9324.999999999996,3.249590596669733e-14
9325.499999999996,3.2515936063244054e-14
9325.999999999996,3.253528978792084e-14
9326.499999999996,3.255396313228023e-14
9326.999999999996,3.2572146603690057e-14
9327.499999999996,3.2592800856189796e-14
9327.999999999996,3.2616463347969174e-14
9328.499999999996,3.263815840355055e-14
9328.999999999996,3.265307164636237e-14
9329.499999999996,3.267340253055839e-14
9329.999999999996,3.2693184270802007e-14
9330.499999999996,3.271829039914438e-14
9330.999999999996,3.273643769606698e-14
9331.499999999998,3.275581482798396e-14
9331.999999999996,3.277966555531606e-14
9332.499999999998,3.280191635636601e-14
9332.999999999996,3.283219154758181e-14
9333.499999999998,3.2852965442824686e-14
9333.999999999996,3.2873106113452334e-14
9334.499999999996,3.290008045615287e-14
9334.999999999996,3.2919921893508626e-14
9335.499999999996,3.2939822139488774e-14
9335.999999999996,3.296210415598687e-14
9336.499999999996,3.2989747890368865e-14
9336.999999999996,3.301249442705801e-14
9337.499999999996,3.3028903906404576e-14
9337.999999999996,3.305297177714309e-14
9338.499999999996,3.307064521997436e-14
9338.999999999996,3.308982968989759e-14
9339.499999999996,3.311311231536207e-14
9339.999999999996,3.3136304128696467e-14
9340.499999999996,3.316103179196821e-14
9340.999999999996,3.3185662642325953e-14
9341.499999999996,3.320570722055781e-14
9341.999999999996,3.322530461833433e-14
9342.499999999996,3.3249066268032293e-14
9342.999999999996,3.3269708873963783e-14
9343.499999999996,3.3290855226931156e-14
9343.999999999996,3.330923392673375e-14
9344.499999999996,3.3334895798579896e-14
9344.999999999996,3.335282562448389e-14
9345.499999999996,3.337201260635157e-14
9345.999999999998,3.338947498878395e-14
9346.499999999996,3.340857467230468e-14
9346.999999999998,3.342908506112718e-14
9347.499999999996,3.344721203271474e-14
9347.999999999996,3.346698797568263e-14
9348.499999999996,3.3487098138698076e-14
9348.999999999996,3.351194564090676e-14
9349.499999999996,3.3533546378456716e-14
9349.999999999996,3.3558051208312614e-14
9350.499999999996,3.35778726677204e-14
9350.999999999996,3.3598716359466384e-14
9351.499999999996,3.36168876736187e-14
9351.999999999996,3.363572526266974e-14
9352.499999999996,3.365814785729131e-14
9352.999999999996,3.3675494973629394e-14
9353.499999999996,3.3702514853617954e-14
9353.999999999996,3.3726453691591686e-14
9354.499999999996,3.374693131050587e-14
9354.999999999996,3.3769167116152684e-14
9355.499999999996,3.3791650814512194e-14
9355.999999999996,3.3813717338518064e-14
9356.499999999996,3.383380580024548e-14
9356.999999999996,3.3854315496885304e-14
9357.499999999996,3.3872692459486606e-14
9357.999999999996,3.3893802643094195e-14
9358.499999999996,3.391792902281143e-14
9358.999999999996,3.394142670027208e-14
9359.499999999998,3.396528823185788e-14
9359.999999999996,3.3989186439294516e-14
9360.499999999998,3.400582127306405e-14
9360.999999999996,3.402155693173711e-14
9361.499999999998,3.404157856193273e-14
9361.999999999996,3.406280155626426e-14
9362.499999999996,3.4079977582156796e-14
9362.999999999996,3.4101091422599906e-14
9363.499999999996,3.4122152531381365e-14
9363.999999999996,3.413966232914468e-14
9364.499999999996,3.416167623997082e-14
9364.999999999996,3.418045005513197e-14
9365.499999999996,3.4195989462642894e-14
9365.999999999996,3.4213886857537483e-14
9366.499999999996,3.423324111060652e-14
9366.999999999996,3.425218370435332e-14
9367.499999999996,3.427337517839495e-14
9367.999999999996,3.4295092297424703e-14
9368.499999999996,3.431789718538097e-14
9368.999999999996,3.433908905263724e-14
9369.499999999996,3.435705226925694e-14
9369.999999999996,3.437579245184064e-14
9370.499999999996,3.439646152744026e-14
9370.999999999996,3.441521673657736e-14
9371.499999999996,3.442838557170909e-14
9371.999999999996,3.444525701891369e-14
9372.499999999996,3.4464317937517027e-14
9372.999999999996,3.448186901117266e-14
9373.499999999996,3.449835046767575e-14
9373.999999999998,3.4514751936782504e-14
9374.499999999996,3.453107192743492e-14
9374.999999999998,3.454818116833182e-14
9375.499999999996,3.4565189701771734e-14
9375.999999999996,3.4582494948893635e-14
9376.499999999996,3.4603963260102737e-14
9376.999999999996,3.462032865080261e-14
9377.499999999996,3.463830266212622e-14
9377.999999999996,3.46553626929128e-14
9378.499999999996,3.4673646570440945e-14
9378.999999999996,3.4690008416392845e-14
9379.499999999996,3.4708630248616815e-14
9379.999999999996,3.472534358950204e-14
9380.499999999996,3.4736038161713e-14
9380.999999999996,3.475509679759826e-14
9381.499999999996,3.476826913530207e-14
9381.999999999996,3.478098490831372e-14
9382.499999999996,3.4794259237148305e-14
9382.999999999996,3.4812353319050853e-14
9383.499999999996,3.4829636388390546e-14
9383.999999999996,3.484769366610874e-14
9384.499999999996,3.48626418187847e-14
9384.999999999996,3.488274800172683e-14
9385.499999999996,3.490036718207827e-14
9385.999999999996,3.491646009222754e-14
9386.499999999996,3.4932496292765506e-14
9386.999999999996,3.494894758664645e-14
9387.499999999996,3.496506346035997e-14
9387.999999999996,3.497764795904639e-14
9388.499999999998,3.499096971357252e-14
9388.999999999996,3.5006579781962927e-14
9389.499999999998,3.5017385902176e-14
9389.999999999996,3.503228384300393e-14
9390.499999999996,3.5043681654515446e-14
9390.999999999996,3.5058546655148086e-14
9391.499999999996,3.507348978515601e-14
9391.999999999996,3.508807682689256e-14
9392.499999999996,3.5098198043090655e-14
9392.999999999996,3.511066857924779e-14
9393.499999999996,3.512255245475607e-14
9393.999999999996,3.513613240828393e-14
9394.499999999996,3.515304713834854e-14
9394.999999999996,3.5168540069555924e-14
9395.499999999996,3.5182087126387903e-14
9395.999999999996,3.519428900914309e-14
9396.499999999996,3.52038206689461e-14
9396.999999999996,3.5210740446689813e-14
9397.499999999996,3.52227426146715e-14
9397.999999999996,3.523391874365437e-14
9398.499999999996,3.524824265472734e-14
9398.999999999996,3.525773258062259e-14
9399.499999999996,3.526652791568662e-14
9399.999999999996,3.5270766096249763e-14
9400.499999999996,3.527599394157031e-14
9400.999999999996,3.528715101623005e-14
9401.499999999996,3.529755346559131e-14
9401.999999999998,3.530854695147734e-14
9402.499999999996,3.5315562462424967e-14
9402.999999999998,3.532360632516315e-14
9403.499999999996,3.5333684755080044e-14
9403.999999999998,3.5345756573865085e-14
9404.499999999996,3.535201680772041e-14
9404.999999999996,3.5364678101540274e-14
9405.499999999996,3.5374964033523743e-14
9405.999999999996,3.538912193794357e-14
9406.499999999996,3.5387992129901204e-14
9406.999999999996,3.539280242715049e-14
9407.499999999996,3.540502597081661e-14
9407.999999999996,3.5416397342987067e-14
9408.499999999996,3.541891888263359e-14
9408.999999999996,3.541505022883418e-14
9409.499999999996,3.541227474724772e-14
9409.999999999996,3.5415010161365844e-14
9410.499999999996,3.5431582582539926e-14
9410.999999999996,3.5433457293862485e-14
9411.499999999996,3.5436254523013004e-14
9411.999999999996,3.544208661976997e-14
9412.499999999996,3.5448069800747736e-14
9412.999999999996,3.5458336219220726e-14
9413.499999999996,3.546444818606452e-14
9413.999999999996,3.546717049513515e-14
9414.499999999996,3.547259609151492e-14
9414.999999999996,3.5478429562485255e-14
9415.499999999996,3.547778975755636e-14
9415.999999999996,3.5481673367199863e-14
9416.499999999998,3.548426111284486e-14
9416.999999999996,3.548375395981052e-14
9417.499999999998,3.5483655149182864e-14
9417.999999999996,3.548467514381111e-14
9418.499999999996,3.548830017982083e-14
9418.999999999996,3.548859416452174e-14
9419.499999999996,3.5490061649200204e-14
9419.999999999996,3.5495327691797354e-14
9420.499999999996,3.550407928771958e-14
9420.999999999996,3.55153009610178e-14
9421.499999999996,3.5529174995402813e-14
9421.999999999996,3.5533485940619964e-14
9422.499999999996,3.553320257884393e-14
9422.999999999996,3.55372526375287e-14
9423.499999999996,3.5544233985341684e-14
9423.999999999996,3.5554045795758946e-14
9424.499999999996,3.556183310914564e-14
9424.999999999996,3.556990453711165e-14
9425.499999999996,3.55770464459614e-14
9425.999999999996,3.5584019761289536e-14
9426.499999999996,3.5592669179003125e-14
9426.999999999996,3.559651012898603e-14
9427.499999999996,3.56078016443326e-14
9427.999999999996,3.561658605471365e-14
9428.499999999996,3.5629381380185335e-14
9428.999999999996,3.5641903985991545e-14
9429.499999999996,3.565534028735075e-14
9429.999999999998,3.5666877765946725e-14
9430.499999999996,3.56752942549125e-14
9430.999999999998,3.568529897978066e-14
9431.499999999996,3.569765109502871e-14
9431.999999999998,3.570109093435572e-14
9432.499999999996,3.57128808140028e-14
9432.999999999996,3.572706392229432e-14
9433.499999999996,3.574321505414742e-14
9433.999999999996,3.575419484923838e-14
9434.499999999996,3.5769880798129754e-14
9434.999999999996,3.578149595380545e-14
9435.499999999996,3.579495329238685e-14
9435.999999999996,3.5805367534740985e-14
9436.499999999996,3.581752161105869e-14
9436.999999999996,3.5824467014917e-14
9437.499999999996,3.582991744780858e-14
9437.999999999996,3.583933056802808e-14
9438.499999999996,3.585384684758654e-14
9438.999999999996,3.5863747515259216e-14
9439.499999999996,3.586833079787588e-14
9439.999999999996,3.5876498539696696e-14
9440.499999999996,3.587914132530266e-14
9440.999999999996,3.5880497061308275e-14
9441.499999999996,3.588833679100244e-14
9441.999999999996,3.5893438216408596e-14
9442.499999999996,3.589603779087268e-14
9442.999999999996,3.5896172362570776e-14
9443.499999999996,3.590082400211991e-14
9443.999999999996,3.589757971249469e-14
9444.499999999998,3.5892922715881833e-14
9444.999999999996,3.589274112680103e-14
9445.499999999998,3.58877593050985e-14
9445.999999999996,3.5878699751258993e-14
9446.499999999996,3.5872469581594266e-14
9446.999999999996,3.586754637639031e-14
9447.499999999996,3.5855085301420735e-14
9447.999999999996,3.5841133606249274e-14
9448.499999999996,3.583169158015805e-14
9448.999999999996,3.581861415788791e-14
9449.499999999996,3.58025609759691e-14
9449.999999999996,3.5784931369713007e-14
9450.499999999996,3.5769979122016056e-14
9450.999999999996,3.575395581510725e-14
9451.499999999996,3.5735635765960505e-14
9451.999999999996,3.5707307133563276e-14
9452.499999999996,3.5685997999384674e-14
9452.999999999996,3.565814424992605e-14
9453.499999999996,3.562721100196106e-14
9453.999999999996,3.56059190683727e-14
9454.499999999996,3.557244964644159e-14
9454.999999999996,3.553615558137861e-14
9455.499999999996,3.5506916280278214e-14
9455.999999999996,3.547331990803863e-14
9456.499999999996,3.543876899575316e-14
9456.999999999996,3.539857086220878e-14
9457.499999999996,3.5359087565813154e-14
9457.999999999996,3.53195380526649e-14
9458.499999999996,3.527618014884165e-14
9458.999999999998,3.523507162945536e-14
9459.499999999996,3.518430869072943e-14
9459.999999999998,3.513360310866241e-14
9460.499999999996,3.508554510319348e-14
9460.999999999996,3.502847590854507e-14
9461.499999999996,3.497253468842641e-14
9461.999999999996,3.492693709044742e-14
9462.499999999996,3.487293650622419e-14
9462.999999999996,3.4813946700988024e-14
9463.499999999996,3.476264994149427e-14
9463.999999999996,3.470883471664507e-14
9464.499999999996,3.464543911656988e-14
9464.999999999996,3.4577586168574737e-14
9465.499999999996,3.451331880505097e-14
9465.999999999996,3.444704398917994e-14
9466.499999999996,3.439006754798771e-14
9466.999999999996,3.432753359979415e-14
9467.499999999996,3.4263716516870876e-14
9467.999999999996,3.4196428679639416e-14
9468.499999999996,3.413030378288818e-14
9468.999999999996,3.4064262919593375e-14
9469.499999999996,3.39996768597768e-14
9469.999999999996,3.3937995433996484e-14
9470.499999999996,3.387962895163106e-14
9470.999999999996,3.3817271980710735e-14
9471.499999999996,3.376653762600109e-14
9471.999999999996,3.370545978955576e-14
9472.499999999998,3.364409693346994e-14
9472.999999999996,3.358826199180427e-14
9473.499999999998,3.3533485901799585e-14
9473.999999999996,3.348006455187658e-14
9474.499999999998,3.3425378266976855e-14
9474.999999999996,3.337294734635327e-14
9475.499999999996,3.3327730847773454e-14
9475.999999999996,3.3279002984464086e-14
9476.499999999996,3.3229905699022906e-14
9476.999999999996,3.31841895047398e-14
9477.499999999996,3.313880363147424e-14
9477.999999999996,3.3096333535096926e-14
9478.499999999996,3.305719242544695e-14
9478.999999999996,3.3017953440544904e-14
9479.499999999996,3.298939110863148e-14
9479.999999999996,3.295992717601123e-14
9480.499999999996,3.292983385924697e-14
9480.999999999996,3.290096455380769e-14
9481.499999999996,3.287982047358356e-14
9481.999999999996,3.285143387664207e-14
9482.499999999996,3.2835098838731506e-14
9482.999999999996,3.281711118103723e-14
9483.499999999996,3.280227986403869e-14
9483.999999999996,3.2788440544405843e-14
9484.499999999996,3.277660152220116e-14
9484.999999999996,3.2765609323297575e-14
9485.499999999996,3.2754347392756306e-14
9485.999999999996,3.2743399661005247e-14
9486.499999999996,3.273811320703837e-14
9486.999999999998,3.273392780937615e-14
9487.499999999996,3.27304655700885e-14
9487.999999999998,3.273015327436654e-14
9488.499999999996,3.272891130263424e-14
9488.999999999996,3.27289083289116e-14
9489.499999999996,3.2734927056097255e-14
9489.999999999996,3.273377696603646e-14
9490.499999999996,3.273826007249993e-14
9490.999999999996,3.2744272601103845e-14
9491.499999999996,3.274796978959717e-14
9491.999999999996,3.275257173981024e-14
9492.499999999996,3.275962577324446e-14
9492.999999999996,3.2772153909201566e-14
9493.499999999996,3.278512884387315e-14
9493.999999999996,3.27942249162148e-14
9494.499999999996,3.2803218141747486e-14
9494.999999999996,3.281435409924736e-14
9495.499999999996,3.282423060659792e-14
9495.999999999996,3.2838171033400386e-14
9496.499999999996,3.285255256308465e-14
9496.999999999996,3.2870480271814336e-14
9497.499999999996,3.2884654561159596e-14
9497.999999999996,3.289953010251425e-14
9498.499999999996,3.2914109475756364e-14
9498.999999999996,3.293034554591107e-14
9499.499999999996,3.294817979993815e-14
9499.999999999996,3.296443574733972e-14
9500.499999999996,3.2978331384231023e-14
9500.999999999996,3.299625953283663e-14
9501.499999999998,3.301424866154611e-14
9501.999999999996,3.3033658452151105e-14
9502.499999999998,3.305516314649232e-14
9502.999999999996,3.30755415589274e-14
9503.499999999996,3.3096142299143874e-14
9503.999999999996,3.311709426006583e-14
9504.499999999996,3.313713831031168e-14
9504.999999999996,3.315579596401147e-14
9505.499999999996,3.3178602725628916e-14
9505.999999999996,3.319690195370027e-14
9506.499999999996,3.3218502007628235e-14
9506.999999999996,3.3239230658867923e-14
9507.499999999996,3.326079803358524e-14
9507.999999999996,3.3281406074486844e-14
9508.499999999996,3.330368598036906e-14
9508.999999999996,3.3320097505698196e-14
9509.499999999996,3.334195496072951e-14
9509.999999999996,3.336223626154767e-14
9510.499999999996,3.3377956942763775e-14
9510.999999999996,3.3399300112409083e-14
9511.499999999996,3.341750763105851e-14
9511.999999999996,3.3438453730248384e-14
9512.499999999996,3.345726221887202e-14
9512.999999999996,3.3477090251303556e-14
9513.499999999996,3.349464303701345e-14
9513.999999999996,3.351288238470017e-14
9514.499999999996,3.3532914610799836e-14
9514.999999999998,3.3550204116480015e-14
9515.499999999996,3.3570594475257194e-14
9515.999999999998,3.3592631195414034e-14
9516.499999999996,3.3612046656839106e-14
9516.999999999996,3.363052193083021e-14
9517.499999999996,3.3650394368914424e-14
9517.999999999996,3.367224288385974e-14
9518.499999999996,3.369267708738208e-14
9518.999999999996,3.371398692866776e-14
9519.499999999996,3.373601506473666e-14
9519.999999999996,3.376019975659839e-14
9520.499999999996,3.378074799231648e-14
9520.999999999996,3.3799817472314336e-14
9521.499999999996,3.3822156836970715e-14
9521.999999999996,3.3844507936999643e-14
9522.499999999996,3.3865514985068206e-14
9522.999999999996,3.3888071695976763e-14
9523.499999999996,3.390569794660277e-14
9523.999999999996,3.392932455857515e-14
9524.499999999996,3.395308415872702e-14
9524.999999999996,3.397615877430167e-14
9525.499999999996,3.399766593063102e-14
9525.999999999996,3.402121896293434e-14
9526.499999999996,3.404133394288765e-14
9526.999999999996,3.40641068608796e-14
9527.499999999996,3.408541721857768e-14
9527.999999999996,3.410769975039151e-14
9528.499999999996,3.4130610452029466e-14
9528.999999999996,3.4152605638454744e-14
9529.499999999998,3.41796806908856e-14
9529.999999999996,3.420192665025259e-14
9530.499999999998,3.422705697831385e-14
9530.999999999996,3.424801883290154e-14
9531.499999999996,3.427208134481202e-14
9531.999999999996,3.4298300747769677e-14
9532.499999999996,3.432478314258708e-14
9532.999999999996,3.435058396266997e-14
9533.499999999996,3.4376272703417124e-14
9533.999999999996,3.440009934766119e-14
9534.499999999996,3.442473512072119e-14
9534.999999999996,3.4448965257353953e-14
9535.499999999996,3.4471602409169516e-14
9535.999999999996,3.449694362995968e-14
9536.499999999996,3.4522519937648694e-14
9536.999999999996,3.4547560255573066e-14
9537.499999999998,3.457578677520152e-14
9537.999999999996,3.4604122091237294e-14
9538.499999999996,3.4632990893239204e-14
9538.999999999996,3.466049486619484e-14
9539.499999999996,3.4688897410439253e-14
9539.999999999996,3.471764580893071e-14
9540.499999999996,3.474736633933307e-14
9540.999999999996,3.477614166278936e-14
9541.499999999996,3.4804414973567676e-14
9541.999999999996,3.483369941448935e-14
9542.499999999996,3.48640278358082e-14
9542.999999999998,3.4896975888567424e-14
9543.499999999996,3.492755195399907e-14
9543.999999999998,3.495894850390561e-14
9544.499999999996,3.4987750650107434e-14
9544.999999999998,3.502159802875374e-14
9545.499999999996,3.505196711401143e-14
9545.999999999998,3.508672876575196e-14
9546.499999999996,3.51183371261749e-14
9546.999999999998,3.5154816241451003e-14
9547.499999999996,3.519004571045126e-14
9547.999999999998,3.52255879993952e-14
9548.499999999996,3.526690379780394e-14
9548.999999999998,3.5301150856369526e-14
9549.499999999996,3.5341062892483284e-14
9549.999999999996,3.5380375868219516e-14
9550.499999999996,3.542129428549575e-14
9550.999999999998,3.5458846277887305e-14
9551.499999999996,3.549904135402274e-14
9551.999999999996,3.5535586832738427e-14
9552.499999999996,3.557772088740413e-14
9552.999999999996,3.561749764605808e-14
9553.499999999996,3.565761072221218e-14
9553.999999999996,3.569860025761486e-14
9554.499999999996,3.5745198978050834e-14
9554.999999999996,3.578874214281381e-14
9555.499999999996,3.5829347883992395e-14
9555.999999999996,3.587107800954261e-14
9556.499999999996,3.59148857655645e-14
9556.999999999996,3.595700280336187e-14
9557.499999999998,3.599978538078874e-14
9557.999999999996,3.604214448910224e-14
9558.499999999998,3.608724752212378e-14
9558.999999999996,3.613440013089701e-14
9559.499999999998,3.6181108830012295e-14
9559.999999999996,3.6228790046754635e-14
9560.499999999998,3.628101062880047e-14
9560.999999999996,3.6331997789365424e-14
9561.499999999998,3.638109669232019e-14
9561.999999999996,3.64346774334579e-14
9562.499999999998,3.648650007187953e-14
9562.999999999996,3.65357366684717e-14
9563.499999999996,3.6588879306001586e-14
9563.999999999996,3.664334715462301e-14
9564.499999999998,3.6697206338009835e-14
9564.999999999996,3.6753452715974864e-14
9565.499999999996,3.681021437803697e-14
9565.999999999996,3.6871432227217045e-14
9566.499999999996,3.692966061120256e-14
9566.999999999996,3.699445579882712e-14
9567.499999999996,3.705746052483096e-14
9567.999999999996,3.711492247318919e-14
9568.499999999996,3.718003910747685e-14
9568.999999999996,3.724152066050183e-14
9569.499999999996,3.7309134099935025e-14
9569.999999999996,3.7375121949299463e-14
9570.499999999996,3.744137067691195e-14
9570.999999999996,3.750467380132133e-14
9571.499999999996,3.756953612434803e-14
9571.999999999998,3.764120523142295e-14
9572.499999999996,3.770517939453142e-14
9572.999999999998,3.777166198718209e-14
9573.499999999996,3.783836200734372e-14
9573.999999999998,3.790222671799008e-14
9574.499999999996,3.7975566653528e-14
9574.999999999998,3.8045385285190475e-14
9575.499999999996,3.81118153119257e-14
9575.999999999998,3.818125632201418e-14
9576.499999999996,3.825214711165794e-14
9576.999999999996,3.8326243691660923e-14
9577.499999999996,3.839636684633156e-14
9577.999999999998,3.8466054845770735e-14
9578.499999999996,3.8536687351414065e-14
9578.999999999996,3.8607781587107597e-14
9579.499999999996,3.867146141786439e-14
9579.999999999998,3.874456620137985e-14
9580.499999999996,3.880836179473625e-14
9580.999999999996,3.88742238642682e-14
9581.499999999996,3.893597180971739e-14
9581.999999999996,3.8999943599881376e-14
9582.499999999996,3.906065329201857e-14
9582.999999999996,3.912758465347749e-14
9583.499999999996,3.919428748237742e-14
9583.999999999996,3.925592881344362e-14
9584.499999999996,3.932084263627748e-14
9584.999999999996,3.9384885755747575e-14
9585.499999999998,3.944249835149719e-14
9585.999999999996,3.950233613873568e-14
9586.499999999998,3.9558078514085155e-14
9586.999999999996,3.961844654501125e-14
9587.499999999998,3.9677181116098796e-14
9587.999999999996,3.973345472323959e-14
9588.499999999998,3.9788277233621164e-14
9588.999999999996,3.984373998473233e-14
9589.499999999998,3.9900988993217384e-14
9589.999999999996,3.996168121584726e-14
9590.499999999998,4.0016617612598556e-14
9590.999999999996,4.0066435549936335e-14
9591.499999999998,4.0118439845331886e-14
9591.999999999996,4.017038377474635e-14
9592.499999999996,4.0220082390736225e-14
9592.999999999996,4.027623192389151e-14
9593.499999999998,4.032520711203755e-14
9593.999999999996,4.037756718043083e-14
9594.499999999996,4.0428976624873534e-14
9594.999999999996,4.04784971097361e-14
9595.499999999996,4.052570501854079e-14
9595.999999999996,4.057369507422585e-14
9596.499999999996,4.062571922238858e-14
9596.999999999996,4.066436041805539e-14
9597.499999999996,4.071685218599977e-14
9597.999999999996,4.07616127540774e-14
9598.499999999996,4.080954685900769e-14
9598.999999999996,4.0858000067926814e-14
9599.499999999996,4.0899014890149606e-14
9599.999999999998,4.094427923668067e-14
9600.499999999996,4.0991653452958633e-14
9600.999999999998,4.103804792168874e-14
9601.499999999996,4.108381229565596e-14
9601.999999999998,4.1126875662398057e-14
9602.499999999996,4.117089176895608e-14
9602.999999999998,4.121010396052507e-14
9603.499999999996,4.1255307509333665e-14
9603.999999999998,4.129620454018871e-14
9604.499999999996,4.133857658613751e-14
9604.999999999998,4.138181960420449e-14
9605.499999999996,4.142557259096855e-14
9605.999999999996,4.1475308453821275e-14
9606.499999999996,4.1516270628744645e-14
9606.999999999998,4.156132068160535e-14
9607.499999999996,4.160490506409726e-14
9607.999999999996,4.1648090692638184e-14
9608.499999999996,4.1696062920336147e-14
9608.999999999996,4.1743834141308734e-14
9609.499999999996,4.1789508122003194e-14
9609.999999999996,4.183926802217088e-14
9610.499999999996,4.1888201609572216e-14
9610.999999999996,4.1938342594893954e-14
9611.499999999996,4.19859670631345e-14
9611.999999999996,4.203291254965043e-14
9612.499999999996,4.208235559440202e-14
9612.999999999996,4.213128549338371e-14
9613.499999999996,4.217837263034458e-14
9613.999999999996,4.2230516382516194e-14
9614.499999999998,4.227594910528395e-14
9614.999999999996,4.2326580112430544e-14
9615.499999999998,4.2381579262110084e-14
9615.999999999996,4.2433967551057486e-14
9616.499999999998,4.2485140236880555e-14
9616.999999999996,4.253963428221463e-14
9617.499999999998,4.259446343501142e-14
9617.999999999996,4.2636394137826434e-14
9618.499999999998,4.268790890519685e-14
9618.999999999996,4.273922667203682e-14
9619.499999999996,4.2784393973605395e-14
9619.999999999996,4.283034867325459e-14
9620.499999999998,4.287519828621883e-14
9620.999999999996,4.29228791780097e-14
9621.499999999996,4.297231676527423e-14
9621.999999999996,4.3016906913287094e-14
9622.499999999998,4.30564498847204e-14
9622.999999999996,4.3101634058126285e-14
9623.499999999996,4.314711374093826e-14
9623.999999999996,4.318912968853884e-14
9624.499999999996,4.323311176313036e-14
9624.999999999996,4.327469703679171e-14
9625.499999999996,4.331079385569774e-14
9625.999999999996,4.335112729198941e-14
9626.499999999996,4.338735414378883e-14
9626.999999999996,4.342010186564537e-14
9627.499999999996,4.345506422743523e-14
9627.999999999998,4.3483788149599804e-14
9628.499999999996,4.351557230595363e-14
9628.999999999998,4.3539285278338204e-14
9629.499999999996,4.356725451196214e-14
9629.999999999998,4.359144577280289e-14
9630.499999999996,4.3616934795993253e-14
9630.999999999998,4.3642634294427796e-14
9631.499999999996,4.365784794681772e-14
9631.999999999998,4.3676319984068364e-14
9632.499999999996,4.3692949242913724e-14
9632.999999999998,4.3708728687565245e-14
9633.499999999996,4.372930792864694e-14
9633.999999999998,4.373906913887745e-14
9634.499999999996,4.375012732724318e-14
9634.999999999996,4.3757258114035065e-14
9635.499999999996,4.376384212785818e-14
9635.999999999998,4.377318436460918e-14
9636.499999999996,4.3776371561080614e-14
9636.999999999996,4.3774147633173996e-14
9637.499999999996,4.377482512030659e-14
9637.999999999996,4.37700898865522e-14
9638.499999999996,4.376492316547867e-14
9638.999999999996,4.376415088574343e-14
9639.499999999996,4.3754115655645043e-14
9639.999999999996,4.374481872158007e-14
9640.499999999996,4.373273963686296e-14
9640.999999999996,4.372224737436124e-14
9641.499999999996,4.371384047984832e-14
9641.999999999996,4.369859767246902e-14
9642.499999999998,4.3684820560875604e-14
9642.999999999996,4.3666411969935855e-14
9643.499999999998,4.3646837213452815e-14
9643.999999999996,4.363029260931928e-14
9644.499999999998,4.361170075570853e-14
9644.999999999996,4.358883484272112e-14
9645.499999999998,4.356950345429333e-14
9645.999999999996,4.354700102173898e-14
9646.499999999998,4.3527625054233925e-14
9646.999999999996,4.3509116833611486e-14
9647.499999999998,4.349300800944855e-14
9647.999999999996,4.3478499311478434e-14
9648.499999999996,4.3456038809297065e-14
9648.999999999996,4.343279980462806e-14
9649.499999999998,4.3412242729343156e-14
9649.999999999996,4.339811917816205e-14
9650.499999999996,4.338009293616421e-14
9650.999999999996,4.336062037008176e-14
9651.499999999996,4.334193020901713e-14
9651.999999999996,4.331635081109053e-14
9652.499999999996,4.3302291091157794e-14
9652.999999999996,4.328425719603505e-14
9653.499999999996,4.326829781425186e-14
9653.999999999996,4.3255289716267665e-14
9654.499999999996,4.324028667024593e-14
9654.999999999996,4.32208079145183e-14
9655.499999999996,4.3211717647067676e-14
9655.999999999998,4.3195279410931144e-14
9656.499999999996,4.318312388782524e-14
9656.999999999998,4.316602974982688e-14
9657.499999999996,4.315828372911946e-14
9657.999999999998,4.3144513717863255e-14
9658.499999999996,4.3140784492645886e-14
9658.999999999998,4.3135266143997187e-14
9659.499999999996,4.312450079833726e-14
9659.999999999998,4.311798050316464e-14
9660.499999999996,4.3117274245705555e-14
9660.999999999998,4.3106143847189116e-14
9661.499999999996,4.310655993134598e-14
9661.999999999996,4.310817282353671e-14
9662.499999999996,4.3097987158100016e-14
9662.999999999998,4.3098137618699167e-14
9663.499999999996,4.309761600949689e-14
9663.999999999996,4.3103870110013316e-14
9664.499999999996,4.310471557401189e-14
9664.999999999996,4.310700635387681e-14
9665.499999999996,4.310983698719538e-14
9665.999999999996,4.3116884194468775e-14
9666.499999999996,4.312073558473978e-14
9666.999999999996,4.312848284717299e-14
9667.499999999996,4.313741657938994e-14
9667.999999999996,4.314186739453735e-14
9668.499999999996,4.314767698639223e-14
9668.999999999996,4.3158467052027485e-14
9669.499999999996,4.3164177229184775e-14
9669.999999999996,4.317364487298248e-14
9670.499999999998,4.318810971238e-14
9670.999999999996,4.3195269047707456e-14
9671.499999999998,4.3201135089819853e-14
9671.999999999996,4.321484147843788e-14
9672.499999999998,4.3228627243535514e-14
9672.999999999996,4.324374992183084e-14
9673.499999999998,4.325510265889549e-14
9673.999999999996,4.327247470365009e-14
9674.499999999998,4.32884604973998e-14
9674.999999999996,4.3303021401065626e-14
9675.499999999998,4.331924317838318e-14
9675.999999999996,4.333433649626825e-14
9676.499999999998,4.335156293668179e-14
9676.999999999996,4.336803559233572e-14
9677.499999999996,4.3385664149895376e-14
9677.999999999996,4.3406027113941583e-14
9678.499999999998,4.34227082427241e-14
9678.999999999996,4.344111366510395e-14
9679.499999999996,4.3462908590181085e-14
9679.999999999996,4.348164195064737e-14
9680.499999999996,4.350498835345086e-14
9680.999999999996,4.3522682430885725e-14
9681.499999999996,4.354611360323198e-14
9681.999999999996,4.3566559625778906e-14
9682.499999999996,4.3589642692083135e-14
9682.999999999996,4.361230280058828e-14
9683.499999999996,4.363479674682785e-14
9683.999999999996,4.3658928603473504e-14
9684.499999999996,4.368089018417067e-14
9684.999999999998,4.3703894496751517e-14
9685.499999999996,4.372279421524931e-14
9685.999999999998,4.374237578447745e-14
9686.499999999996,4.3765862747449544e-14
9686.999999999998,4.3785300281373876e-14
9687.499999999996,4.380571067246118e-14
9687.999999999998,4.382617965657076e-14
9688.499999999996,4.384495373008084e-14
9688.999999999998,4.386368450010076e-14
9689.499999999996,4.38828687936204e-14
9689.999999999998,4.3899788057662446e-14
9690.499999999996,4.392073156607937e-14
9690.999999999996,4.394263455125498e-14
9691.499999999996,4.3963330450371485e-14
9691.999999999998,4.3988055608981586e-14
9692.499999999996,4.400278792360306e-14
9692.999999999996,4.40194649295824e-14
9693.499999999996,4.4037571041767625e-14
9693.999999999996,4.4056352606677024e-14
9694.499999999996,4.407476457714718e-14
9694.999999999996,4.409027414273342e-14
9695.499999999996,4.410893014095545e-14
9695.999999999996,4.4129245661899694e-14
9696.499999999996,4.414859115260585e-14
9696.999999999996,4.416607797129612e-14
9697.499999999996,4.418504786844972e-14
9697.999999999996,4.420182500068032e-14
9698.499999999998,4.4216202789510556e-14
9698.999999999996,4.42314343206399e-14
9699.499999999998,4.4248014408458834e-14
9699.999999999996,4.426133260214574e-14
9700.499999999998,4.427541259308885e-14
9700.999999999996,4.4292311252951493e-14
9701.499999999998,4.430682570427112e-14
9701.999999999996,4.4323586516430826e-14
9702.499999999998,4.4331149384200044e-14
9702.999999999996,4.434442336964126e-14
9703.499999999998,4.435991464296384e-14
9703.999999999996,4.437052172527928e-14
9704.499999999996,4.438605602296242e-14
9704.999999999996,4.439889786641283e-14
9705.499999999998,4.441117220960067e-14
9705.999999999996,4.442269494080672e-14
9706.499999999996,4.4441473094365275e-14
9706.999999999996,4.445872193163806e-14
9707.499999999996,4.446724013818556e-14
9707.999999999996,4.4478722487809e-14
9708.499999999996,4.4492348499732896e-14
9708.999999999996,4.450374658751951e-14
9709.499999999996,4.451620493709953e-14
9709.999999999996,4.452899957032527e-14
9710.499999999996,4.4540206615816585e-14
9710.999999999996,4.4548032323368434e-14
9711.499999999996,4.4560222029706803e-14
9711.999999999996,4.4570543383813416e-14
9712.499999999996,4.4581881507220075e-14
9712.999999999998,4.4591470978026345e-14
9713.499999999996,4.460499724204937e-14
9713.999999999998,4.461598823465247e-14
9714.499999999996,4.4626941023289e-14
9714.999999999998,4.463531650279053e-14
9715.499999999996,4.465059566534116e-14
9715.999999999998,4.46625521853798e-14
9716.499999999996,4.467306672946477e-14
9716.999999999998,4.468693526713166e-14
9717.499999999996,4.4700816407905137e-14
9717.999999999996,4.4717588903643123e-14
9718.499999999996,4.473214550013593e-14
9718.999999999998,4.4745224147381047e-14
9719.499999999996,4.475587808674579e-14
9719.999999999996,4.476844361172446e-14
9720.499999999996,4.478225556905986e-14
9720.999999999998,4.479475552072116e-14
9721.499999999996,4.480643676169528e-14
9721.999999999996,4.4823046158649457e-14
9722.499999999996,4.483765847820106e-14
9722.999999999996,4.485147081861711e-14
9723.499999999996,4.486915539507028e-14
9723.999999999996,4.488430265780746e-14
9724.499999999996,4.4900097972126614e-14
9724.999999999996,4.4914891881864474e-14
9725.499999999996,4.4927294930154986e-14
9725.999999999996,4.4948778135279143e-14
9726.499999999996,4.4964593422485664e-14
9726.999999999996,4.49811574653248e-14
9727.499999999998,4.499710037883207e-14
9727.999999999996,4.501452299581548e-14
9728.499999999998,4.5032190835290906e-14
9728.999999999996,4.505120550856742e-14
9729.499999999998,4.506692720476686e-14
9729.999999999996,4.5083893727887216e-14
9730.499999999998,4.509631878221483e-14
9730.999999999996,4.511560181559117e-14
9731.499999999998,4.5134718179429015e-14
9731.999999999996,4.514838404338665e-14
9732.499999999998,4.516792808631681e-14
9732.999999999996,4.518975305235213e-14
9733.499999999996,4.520180411793205e-14
9733.999999999996,4.521708788361303e-14
9734.499999999998,4.523235738944162e-14
9734.999999999996,4.52483626956081e-14
9735.499999999996,4.526516913795722e-14
9735.999999999996,4.5280911477825247e-14
9736.499999999996,4.529170178510787e-14
9736.999999999996,4.531000292219506e-14
9737.499999999996,4.532383808185891e-14
9737.999999999996,4.5334849829936166e-14
9738.499999999996,4.5350917748025365e-14
9738.999999999996,4.5368389460057716e-14
9739.499999999996,4.5379855168563406e-14
9739.999999999996,4.539008728051523e-14
9740.499999999996,4.5402386912189135e-14
9740.999999999998,4.541459400642315e-14
9741.499999999996,4.542668155605907e-14
9741.999999999998,4.5439303550093604e-14
9742.499999999996,4.545112862543689e-14
9742.999999999998,4.546033323996789e-14
9743.499999999996,4.546849601342988e-14
9743.999999999998,4.5477109561400306e-14
9744.499999999996,4.548438524602959e-14
9744.999999999998,4.549358689125124e-14
9745.499999999996,4.5505893411614084e-14
9745.999999999998,4.55133589877433e-14
9746.499999999996,4.552370391794903e-14
9746.999999999996,4.553176407506976e-14
9747.499999999996,4.5536290478698524e-14
9747.999999999998,4.554195832686545e-14
9748.499999999996,4.554698946377971e-14
9748.999999999996,4.5553718625950954e-14
9749.499999999996,4.556074035700413e-14
9749.999999999996,4.5564076881295204e-14
9750.499999999996,4.5568897507894196e-14
9750.999999999996,4.5573394719004656e-14
9751.499999999996,4.557703744724382e-14
9751.999999999996,4.5578774251546784e-14
9752.499999999996,4.55820833830931e-14
9752.999999999996,4.557975929957509e-14
9753.499999999996,4.5581479338343463e-14
9753.999999999996,4.557893664736243e-14
9754.499999999996,4.558089296279037e-14
9754.999999999996,4.557791499148962e-14
9755.499999999998,4.557737938425943e-14
9755.999999999996,4.557213863613054e-14
9756.499999999998,4.5574048079302185e-14
9756.999999999996,4.556578784547655e-14
9757.499999999998,4.555968242148701e-14
9757.999999999996,4.555139252786437e-14
9758.499999999998,4.554369172919656e-14
9758.999999999996,4.553644596489955e-14
9759.499999999998,4.553158916726246e-14
9759.999999999996,4.5525638490925325e-14
9760.499999999996,4.552470043368804e-14
9760.999999999996,4.5518081505414836e-14
9761.499999999998,4.550491607585249e-14
9761.999999999996,4.5495205847036835e-14
9762.499999999996,4.548834986051385e-14
9762.999999999996,4.5481389611742814e-14
9763.499999999998,4.547322101785627e-14
9763.999999999996,4.546368288825293e-14
9764.499999999996,4.5455560510504425e-14
9764.999999999996,4.544662090813283e-14
9765.499999999996,4.543125717444011e-14
9765.999999999996,4.5416015512301805e-14
9766.499999999996,4.540222329845719e-14
9766.999999999996,4.5391520208365776e-14
9767.499999999996,4.537718539465168e-14
9767.999999999996,4.536182737833805e-14
9768.499999999996,4.5347504466796815e-14
9768.999999999996,4.533679530198797e-14
9769.499999999996,4.532352322424472e-14
9769.999999999998,4.531122561453674e-14
9770.499999999996,4.53000980596214e-14
9770.999999999998,4.528455543781013e-14
9771.499999999996,4.526718237185415e-14
9771.999999999998,4.5252941004980745e-14
9772.499999999996,4.523774542091513e-14
9772.999999999998,4.522829123065385e-14
9773.499999999996,4.521574947404713e-14
9773.999999999998,4.5203229349422806e-14
9774.499999999996,4.518676888513001e-14
9774.999999999998,4.516942151036544e-14
9775.499999999996,4.5153144365798996e-14
9775.999999999996,4.5135312534984806e-14
9776.499999999996,4.511569053157743e-14
9776.999999999998,4.5099133443186105e-14
9777.499999999996,4.5082961632480937e-14
9777.999999999996,4.5068763083907966e-14
9778.499999999996,4.505120550453368e-14
9778.999999999996,4.503581145189425e-14
9779.499999999996,4.5019899781652003e-14
9779.999999999996,4.500172418636667e-14
9780.499999999996,4.4987306639017766e-14
9780.999999999996,4.4969180918563584e-14
9781.499999999996,4.4952950405850924e-14
9781.999999999996,4.493138677627655e-14
9782.499999999996,4.490849246519015e-14
9782.999999999996,4.4889628800303436e-14
9783.499999999998,4.487189783817929e-14
9783.999999999996,4.4853675184586466e-14
9784.499999999998,4.483532745850232e-14
9784.999999999996,4.482004176677643e-14
9785.499999999998,4.4802881802559154e-14
9785.999999999996,4.478465043710769e-14
9786.499999999998,4.4768795882359556e-14
9786.999999999996,4.4750387397050624e-14
9787.499999999998,4.473358074240881e-14
9787.999999999996,4.472154944643575e-14
9788.499999999998,4.4708745760477713e-14
9788.999999999996,4.469403274493045e-14
9789.499999999996,4.4681382685098385e-14
9789.999999999996,4.4665499422704076e-14
9790.499999999998,4.464861020936485e-14
9790.999999999996,4.463171677692666e-14
9791.499999999996,4.4622578951361834e-14
9791.999999999996,4.461578838787302e-14
9792.499999999996,4.459886801444907e-14
9792.999999999996,4.458632254582654e-14
9793.499999999996,4.4578109870736113e-14
9793.999999999996,4.45618339011423e-14
9794.499999999996,4.454956565427344e-14
9794.999999999996,4.453807055817995e-14
9795.499999999996,4.4527201827642317e-14
9795.999999999996,4.4514343874264954e-14
9796.499999999996,4.4500365396857585e-14
9796.999999999996,4.449134558931724e-14
9797.499999999996,4.448278376760786e-14
9797.999999999998,4.4474432322293606e-14
9798.499999999996,4.4465812424155383e-14
9798.999999999998,4.445884548715297e-14
9799.499999999996,4.4457963768229215e-14
9799.999999999998,4.445370070327873e-14
